task,order_A,order_B,video,video_path,split,fill_in,shown_to_annotator
1_severity,1,311,38023_1,/Users/tarpanmishra/Desktop/Squat More/Labeled_Dataset/videos/38023_1.mp4,train,"annotation_sheet_A.csv / _B.csv: severity_0_to_3, usable_yes_no, knees_forward_at_s, notes",
1_severity,2,336,49204_2,/Users/tarpanmishra/Desktop/Squat More/Labeled_Dataset/videos/49204_2.mp4,test,"annotation_sheet_A.csv / _B.csv: severity_0_to_3, usable_yes_no, knees_forward_at_s, notes",
1_severity,3,200,48031_1,/Users/tarpanmishra/Desktop/Squat More/Labeled_Dataset/videos/48031_1.mp4,train,"annotation_sheet_A.csv / _B.csv: severity_0_to_3, usable_yes_no, knees_forward_at_s, notes",
1_severity,4,22,49211_6,/Users/tarpanmishra/Desktop/Squat More/Labeled_Dataset/videos/49211_6.mp4,train,"annotation_sheet_A.csv / _B.csv: severity_0_to_3, usable_yes_no, knees_forward_at_s, notes",
1_severity,5,473,50856_1,/Users/tarpanmishra/Desktop/Squat More/Labeled_Dataset/videos/50856_1.mp4,test,"annotation_sheet_A.csv / _B.csv: severity_0_to_3, usable_yes_no, knees_forward_at_s, notes",
1_severity,6,132,46570_1,/Users/tarpanmishra/Desktop/Squat More/Labeled_Dataset/videos/46570_1.mp4,train,"annotation_sheet_A.csv / _B.csv: severity_0_to_3, usable_yes_no, knees_forward_at_s, notes",
1_severity,7,340,36653_2,/Users/tarpanmishra/Desktop/Squat More/Labeled_Dataset/videos/36653_2.mp4,train,"annotation_sheet_A.csv / _B.csv: severity_0_to_3, usable_yes_no, knees_forward_at_s, notes",
1_severity,8,110,33103_2,/Users/tarpanmishra/Desktop/Squat More/Labeled_Dataset/videos/33103_2.mp4,train,"annotation_sheet_A.csv / _B.csv: severity_0_to_3, usable_yes_no, knees_forward_at_s, notes",
1_severity,9,442,46579_1,/Users/tarpanmishra/Desktop/Squat More/Labeled_Dataset/videos/46579_1.mp4,test,"annotation_sheet_A.csv / _B.csv: severity_0_to_3, usable_yes_no, knees_forward_at_s, notes",
1_severity,10,432,46076_3,/Users/tarpanmishra/Desktop/Squat More/Labeled_Dataset/videos/46076_3.mp4,train,"annotation_sheet_A.csv / _B.csv: severity_0_to_3, usable_yes_no, knees_forward_at_s, notes",
1_severity,11,277,47305_1,/Users/tarpanmishra/Desktop/Squat More/Labeled_Dataset/videos/47305_1.mp4,test,"annotation_sheet_A.csv / _B.csv: severity_0_to_3, usable_yes_no, knees_forward_at_s, notes",
1_severity,12,237,37400_2,/Users/tarpanmishra/Desktop/Squat More/Labeled_Dataset/videos/37400_2.mp4,test,"annotation_sheet_A.csv / _B.csv: severity_0_to_3, usable_yes_no, knees_forward_at_s, notes",
1_severity,13,193,46239_5,/Users/tarpanmishra/Desktop/Squat More/Labeled_Dataset/videos/46239_5.mp4,test,"annotation_sheet_A.csv / _B.csv: severity_0_to_3, usable_yes_no, knees_forward_at_s, notes",
1_severity,14,230,37413_6,/Users/tarpanmishra/Desktop/Squat More/Labeled_Dataset/videos/37413_6.mp4,test,"annotation_sheet_A.csv / _B.csv: severity_0_to_3, usable_yes_no, knees_forward_at_s, notes",
1_severity,15,196,37172_2,/Users/tarpanmishra/Desktop/Squat More/Labeled_Dataset/videos/37172_2.mp4,train,"annotation_sheet_A.csv / _B.csv: severity_0_to_3, usable_yes_no, knees_forward_at_s, notes",
1_severity,16,379,36107_1,/Users/tarpanmishra/Desktop/Squat More/Labeled_Dataset/videos/36107_1.mp4,test,"annotation_sheet_A.csv / _B.csv: severity_0_to_3, usable_yes_no, knees_forward_at_s, notes",
1_severity,17,14,47128_1,/Users/tarpanmishra/Desktop/Squat More/Labeled_Dataset/videos/47128_1.mp4,test,"annotation_sheet_A.csv / _B.csv: severity_0_to_3, usable_yes_no, knees_forward_at_s, notes",
1_severity,18,35,49431_1,/Users/tarpanmishra/Desktop/Squat More/Labeled_Dataset/videos/49431_1.mp4,train,"annotation_sheet_A.csv / _B.csv: severity_0_to_3, usable_yes_no, knees_forward_at_s, notes",
1_severity,19,68,47666_2,/Users/tarpanmishra/Desktop/Squat More/Labeled_Dataset/videos/47666_2.mp4,train,"annotation_sheet_A.csv / _B.csv: severity_0_to_3, usable_yes_no, knees_forward_at_s, notes",
1_severity,20,453,49478_1,/Users/tarpanmishra/Desktop/Squat More/Labeled_Dataset/videos/49478_1.mp4,test,"annotation_sheet_A.csv / _B.csv: severity_0_to_3, usable_yes_no, knees_forward_at_s, notes",
1_severity,21,479,36021_1,/Users/tarpanmishra/Desktop/Squat More/Labeled_Dataset/videos/36021_1.mp4,train,"annotation_sheet_A.csv / _B.csv: severity_0_to_3, usable_yes_no, knees_forward_at_s, notes",
1_severity,22,289,50869_5,/Users/tarpanmishra/Desktop/Squat More/Labeled_Dataset/videos/50869_5.mp4,test,"annotation_sheet_A.csv / _B.csv: severity_0_to_3, usable_yes_no, knees_forward_at_s, notes",
1_severity,23,2,49813_4,/Users/tarpanmishra/Desktop/Squat More/Labeled_Dataset/videos/49813_4.mp4,test,"annotation_sheet_A.csv / _B.csv: severity_0_to_3, usable_yes_no, knees_forward_at_s, notes",
1_severity,24,430,37580_1,/Users/tarpanmishra/Desktop/Squat More/Labeled_Dataset/videos/37580_1.mp4,train,"annotation_sheet_A.csv / _B.csv: severity_0_to_3, usable_yes_no, knees_forward_at_s, notes",
1_severity,25,225,46921_1,/Users/tarpanmishra/Desktop/Squat More/Labeled_Dataset/videos/46921_1.mp4,test,"annotation_sheet_A.csv / _B.csv: severity_0_to_3, usable_yes_no, knees_forward_at_s, notes",
1_severity,26,318,48484_7,/Users/tarpanmishra/Desktop/Squat More/Labeled_Dataset/videos/48484_7.mp4,train,"annotation_sheet_A.csv / _B.csv: severity_0_to_3, usable_yes_no, knees_forward_at_s, notes",
1_severity,27,300,50551_10,/Users/tarpanmishra/Desktop/Squat More/Labeled_Dataset/videos/50551_10.mp4,test,"annotation_sheet_A.csv / _B.csv: severity_0_to_3, usable_yes_no, knees_forward_at_s, notes",
1_severity,28,212,36143_1,/Users/tarpanmishra/Desktop/Squat More/Labeled_Dataset/videos/36143_1.mp4,train,"annotation_sheet_A.csv / _B.csv: severity_0_to_3, usable_yes_no, knees_forward_at_s, notes",
1_severity,29,13,50279_1,/Users/tarpanmishra/Desktop/Squat More/Labeled_Dataset/videos/50279_1.mp4,test,"annotation_sheet_A.csv / _B.csv: severity_0_to_3, usable_yes_no, knees_forward_at_s, notes",
1_severity,30,481,36709_1,/Users/tarpanmishra/Desktop/Squat More/Labeled_Dataset/videos/36709_1.mp4,test,"annotation_sheet_A.csv / _B.csv: severity_0_to_3, usable_yes_no, knees_forward_at_s, notes",
1_severity,31,342,49515_5,/Users/tarpanmishra/Desktop/Squat More/Labeled_Dataset/videos/49515_5.mp4,train,"annotation_sheet_A.csv / _B.csv: severity_0_to_3, usable_yes_no, knees_forward_at_s, notes",
1_severity,32,426,33248_3,/Users/tarpanmishra/Desktop/Squat More/Labeled_Dataset/videos/33248_3.mp4,train,"annotation_sheet_A.csv / _B.csv: severity_0_to_3, usable_yes_no, knees_forward_at_s, notes",
1_severity,33,145,46160_1,/Users/tarpanmishra/Desktop/Squat More/Labeled_Dataset/videos/46160_1.mp4,train,"annotation_sheet_A.csv / _B.csv: severity_0_to_3, usable_yes_no, knees_forward_at_s, notes",
1_severity,34,12,37773_1,/Users/tarpanmishra/Desktop/Squat More/Labeled_Dataset/videos/37773_1.mp4,train,"annotation_sheet_A.csv / _B.csv: severity_0_to_3, usable_yes_no, knees_forward_at_s, notes",
1_severity,35,462,48651_2,/Users/tarpanmishra/Desktop/Squat More/Labeled_Dataset/videos/48651_2.mp4,test,"annotation_sheet_A.csv / _B.csv: severity_0_to_3, usable_yes_no, knees_forward_at_s, notes",
1_severity,36,197,49195_1,/Users/tarpanmishra/Desktop/Squat More/Labeled_Dataset/videos/49195_1.mp4,train,"annotation_sheet_A.csv / _B.csv: severity_0_to_3, usable_yes_no, knees_forward_at_s, notes",
1_severity,37,55,33758_1,/Users/tarpanmishra/Desktop/Squat More/Labeled_Dataset/videos/33758_1.mp4,test,"annotation_sheet_A.csv / _B.csv: severity_0_to_3, usable_yes_no, knees_forward_at_s, notes",
1_severity,38,370,37941_3,/Users/tarpanmishra/Desktop/Squat More/Labeled_Dataset/videos/37941_3.mp4,train,"annotation_sheet_A.csv / _B.csv: severity_0_to_3, usable_yes_no, knees_forward_at_s, notes",
1_severity,39,33,33035_4,/Users/tarpanmishra/Desktop/Squat More/Labeled_Dataset/videos/33035_4.mp4,test,"annotation_sheet_A.csv / _B.csv: severity_0_to_3, usable_yes_no, knees_forward_at_s, notes",
1_severity,40,231,49000_8,/Users/tarpanmishra/Desktop/Squat More/Labeled_Dataset/videos/49000_8.mp4,test,"annotation_sheet_A.csv / _B.csv: severity_0_to_3, usable_yes_no, knees_forward_at_s, notes",
1_severity,41,332,49509_2,/Users/tarpanmishra/Desktop/Squat More/Labeled_Dataset/videos/49509_2.mp4,test,"annotation_sheet_A.csv / _B.csv: severity_0_to_3, usable_yes_no, knees_forward_at_s, notes",
1_severity,42,389,37757_3,/Users/tarpanmishra/Desktop/Squat More/Labeled_Dataset/videos/37757_3.mp4,train,"annotation_sheet_A.csv / _B.csv: severity_0_to_3, usable_yes_no, knees_forward_at_s, notes",
1_severity,43,129,36953_1,/Users/tarpanmishra/Desktop/Squat More/Labeled_Dataset/videos/36953_1.mp4,train,"annotation_sheet_A.csv / _B.csv: severity_0_to_3, usable_yes_no, knees_forward_at_s, notes",
1_severity,44,324,47939_1,/Users/tarpanmishra/Desktop/Squat More/Labeled_Dataset/videos/47939_1.mp4,train,"annotation_sheet_A.csv / _B.csv: severity_0_to_3, usable_yes_no, knees_forward_at_s, notes",
1_severity,45,128,37072_3,/Users/tarpanmishra/Desktop/Squat More/Labeled_Dataset/videos/37072_3.mp4,train,"annotation_sheet_A.csv / _B.csv: severity_0_to_3, usable_yes_no, knees_forward_at_s, notes",
1_severity,46,475,46651_5,/Users/tarpanmishra/Desktop/Squat More/Labeled_Dataset/videos/46651_5.mp4,train,"annotation_sheet_A.csv / _B.csv: severity_0_to_3, usable_yes_no, knees_forward_at_s, notes",
1_severity,47,9,36206_2,/Users/tarpanmishra/Desktop/Squat More/Labeled_Dataset/videos/36206_2.mp4,train,"annotation_sheet_A.csv / _B.csv: severity_0_to_3, usable_yes_no, knees_forward_at_s, notes",
1_severity,48,292,36408_2,/Users/tarpanmishra/Desktop/Squat More/Labeled_Dataset/videos/36408_2.mp4,test,"annotation_sheet_A.csv / _B.csv: severity_0_to_3, usable_yes_no, knees_forward_at_s, notes",
1_severity,49,477,49126_3,/Users/tarpanmishra/Desktop/Squat More/Labeled_Dataset/videos/49126_3.mp4,train,"annotation_sheet_A.csv / _B.csv: severity_0_to_3, usable_yes_no, knees_forward_at_s, notes",
1_severity,50,330,37337_1,/Users/tarpanmishra/Desktop/Squat More/Labeled_Dataset/videos/37337_1.mp4,test,"annotation_sheet_A.csv / _B.csv: severity_0_to_3, usable_yes_no, knees_forward_at_s, notes",
1_severity,51,64,37305_3,/Users/tarpanmishra/Desktop/Squat More/Labeled_Dataset/videos/37305_3.mp4,train,"annotation_sheet_A.csv / _B.csv: severity_0_to_3, usable_yes_no, knees_forward_at_s, notes",
1_severity,52,338,32991_2,/Users/tarpanmishra/Desktop/Squat More/Labeled_Dataset/videos/32991_2.mp4,train,"annotation_sheet_A.csv / _B.csv: severity_0_to_3, usable_yes_no, knees_forward_at_s, notes",
1_severity,53,444,36358_1,/Users/tarpanmishra/Desktop/Squat More/Labeled_Dataset/videos/36358_1.mp4,train,"annotation_sheet_A.csv / _B.csv: severity_0_to_3, usable_yes_no, knees_forward_at_s, notes",
1_severity,54,484,46073_1,/Users/tarpanmishra/Desktop/Squat More/Labeled_Dataset/videos/46073_1.mp4,train,"annotation_sheet_A.csv / _B.csv: severity_0_to_3, usable_yes_no, knees_forward_at_s, notes",
1_severity,55,482,33297_2,/Users/tarpanmishra/Desktop/Squat More/Labeled_Dataset/videos/33297_2.mp4,test,"annotation_sheet_A.csv / _B.csv: severity_0_to_3, usable_yes_no, knees_forward_at_s, notes",
1_severity,56,167,36501_1,/Users/tarpanmishra/Desktop/Squat More/Labeled_Dataset/videos/36501_1.mp4,train,"annotation_sheet_A.csv / _B.csv: severity_0_to_3, usable_yes_no, knees_forward_at_s, notes",
1_severity,57,281,49734_4,/Users/tarpanmishra/Desktop/Squat More/Labeled_Dataset/videos/49734_4.mp4,test,"annotation_sheet_A.csv / _B.csv: severity_0_to_3, usable_yes_no, knees_forward_at_s, notes",
1_severity,58,451,50041_3,/Users/tarpanmishra/Desktop/Squat More/Labeled_Dataset/videos/50041_3.mp4,train,"annotation_sheet_A.csv / _B.csv: severity_0_to_3, usable_yes_no, knees_forward_at_s, notes",
1_severity,59,368,47646_1,/Users/tarpanmishra/Desktop/Squat More/Labeled_Dataset/videos/47646_1.mp4,train,"annotation_sheet_A.csv / _B.csv: severity_0_to_3, usable_yes_no, knees_forward_at_s, notes",
1_severity,60,54,48281_2,/Users/tarpanmishra/Desktop/Squat More/Labeled_Dataset/videos/48281_2.mp4,test,"annotation_sheet_A.csv / _B.csv: severity_0_to_3, usable_yes_no, knees_forward_at_s, notes",
1_severity,61,256,47742_2,/Users/tarpanmishra/Desktop/Squat More/Labeled_Dataset/videos/47742_2.mp4,train,"annotation_sheet_A.csv / _B.csv: severity_0_to_3, usable_yes_no, knees_forward_at_s, notes",
1_severity,62,168,46187_1,/Users/tarpanmishra/Desktop/Squat More/Labeled_Dataset/videos/46187_1.mp4,test,"annotation_sheet_A.csv / _B.csv: severity_0_to_3, usable_yes_no, knees_forward_at_s, notes",
1_severity,63,302,48253_2,/Users/tarpanmishra/Desktop/Squat More/Labeled_Dataset/videos/48253_2.mp4,train,"annotation_sheet_A.csv / _B.csv: severity_0_to_3, usable_yes_no, knees_forward_at_s, notes",
1_severity,64,341,48652_3,/Users/tarpanmishra/Desktop/Squat More/Labeled_Dataset/videos/48652_3.mp4,test,"annotation_sheet_A.csv / _B.csv: severity_0_to_3, usable_yes_no, knees_forward_at_s, notes",
1_severity,65,244,50624_5,/Users/tarpanmishra/Desktop/Squat More/Labeled_Dataset/videos/50624_5.mp4,train,"annotation_sheet_A.csv / _B.csv: severity_0_to_3, usable_yes_no, knees_forward_at_s, notes",
1_severity,66,285,36129_2,/Users/tarpanmishra/Desktop/Squat More/Labeled_Dataset/videos/36129_2.mp4,train,"annotation_sheet_A.csv / _B.csv: severity_0_to_3, usable_yes_no, knees_forward_at_s, notes",
1_severity,67,456,49143_1,/Users/tarpanmishra/Desktop/Squat More/Labeled_Dataset/videos/49143_1.mp4,train,"annotation_sheet_A.csv / _B.csv: severity_0_to_3, usable_yes_no, knees_forward_at_s, notes",
1_severity,68,159,36897_1,/Users/tarpanmishra/Desktop/Squat More/Labeled_Dataset/videos/36897_1.mp4,test,"annotation_sheet_A.csv / _B.csv: severity_0_to_3, usable_yes_no, knees_forward_at_s, notes",
1_severity,69,487,48816_4,/Users/tarpanmishra/Desktop/Squat More/Labeled_Dataset/videos/48816_4.mp4,test,"annotation_sheet_A.csv / _B.csv: severity_0_to_3, usable_yes_no, knees_forward_at_s, notes",
1_severity,70,59,46302_3,/Users/tarpanmishra/Desktop/Squat More/Labeled_Dataset/videos/46302_3.mp4,train,"annotation_sheet_A.csv / _B.csv: severity_0_to_3, usable_yes_no, knees_forward_at_s, notes",
1_severity,71,382,33417_1,/Users/tarpanmishra/Desktop/Squat More/Labeled_Dataset/videos/33417_1.mp4,train,"annotation_sheet_A.csv / _B.csv: severity_0_to_3, usable_yes_no, knees_forward_at_s, notes",
1_severity,72,298,48293_2,/Users/tarpanmishra/Desktop/Squat More/Labeled_Dataset/videos/48293_2.mp4,train,"annotation_sheet_A.csv / _B.csv: severity_0_to_3, usable_yes_no, knees_forward_at_s, notes",
1_severity,73,294,37663_5,/Users/tarpanmishra/Desktop/Squat More/Labeled_Dataset/videos/37663_5.mp4,test,"annotation_sheet_A.csv / _B.csv: severity_0_to_3, usable_yes_no, knees_forward_at_s, notes",
1_severity,74,142,49406_2,/Users/tarpanmishra/Desktop/Squat More/Labeled_Dataset/videos/49406_2.mp4,train,"annotation_sheet_A.csv / _B.csv: severity_0_to_3, usable_yes_no, knees_forward_at_s, notes",
1_severity,75,111,33805_1,/Users/tarpanmishra/Desktop/Squat More/Labeled_Dataset/videos/33805_1.mp4,train,"annotation_sheet_A.csv / _B.csv: severity_0_to_3, usable_yes_no, knees_forward_at_s, notes",
1_severity,76,373,37050_1,/Users/tarpanmishra/Desktop/Squat More/Labeled_Dataset/videos/37050_1.mp4,test,"annotation_sheet_A.csv / _B.csv: severity_0_to_3, usable_yes_no, knees_forward_at_s, notes",
1_severity,77,280,49402_2,/Users/tarpanmishra/Desktop/Squat More/Labeled_Dataset/videos/49402_2.mp4,test,"annotation_sheet_A.csv / _B.csv: severity_0_to_3, usable_yes_no, knees_forward_at_s, notes",
1_severity,78,28,45823_6,/Users/tarpanmishra/Desktop/Squat More/Labeled_Dataset/videos/45823_6.mp4,train,"annotation_sheet_A.csv / _B.csv: severity_0_to_3, usable_yes_no, knees_forward_at_s, notes",
1_severity,79,94,47565_1,/Users/tarpanmishra/Desktop/Squat More/Labeled_Dataset/videos/47565_1.mp4,test,"annotation_sheet_A.csv / _B.csv: severity_0_to_3, usable_yes_no, knees_forward_at_s, notes",
1_severity,80,65,50264_2,/Users/tarpanmishra/Desktop/Squat More/Labeled_Dataset/videos/50264_2.mp4,test,"annotation_sheet_A.csv / _B.csv: severity_0_to_3, usable_yes_no, knees_forward_at_s, notes",
1_severity,81,79,46530_1,/Users/tarpanmishra/Desktop/Squat More/Labeled_Dataset/videos/46530_1.mp4,test,"annotation_sheet_A.csv / _B.csv: severity_0_to_3, usable_yes_no, knees_forward_at_s, notes",
1_severity,82,381,46134_1,/Users/tarpanmishra/Desktop/Squat More/Labeled_Dataset/videos/46134_1.mp4,train,"annotation_sheet_A.csv / _B.csv: severity_0_to_3, usable_yes_no, knees_forward_at_s, notes",
1_severity,83,32,48101_8,/Users/tarpanmishra/Desktop/Squat More/Labeled_Dataset/videos/48101_8.mp4,test,"annotation_sheet_A.csv / _B.csv: severity_0_to_3, usable_yes_no, knees_forward_at_s, notes",
1_severity,84,388,46881_1,/Users/tarpanmishra/Desktop/Squat More/Labeled_Dataset/videos/46881_1.mp4,test,"annotation_sheet_A.csv / _B.csv: severity_0_to_3, usable_yes_no, knees_forward_at_s, notes",
1_severity,85,276,47107_1,/Users/tarpanmishra/Desktop/Squat More/Labeled_Dataset/videos/47107_1.mp4,train,"annotation_sheet_A.csv / _B.csv: severity_0_to_3, usable_yes_no, knees_forward_at_s, notes",
1_severity,86,325,36788_2,/Users/tarpanmishra/Desktop/Squat More/Labeled_Dataset/videos/36788_2.mp4,train,"annotation_sheet_A.csv / _B.csv: severity_0_to_3, usable_yes_no, knees_forward_at_s, notes",
1_severity,87,169,48654_1,/Users/tarpanmishra/Desktop/Squat More/Labeled_Dataset/videos/48654_1.mp4,train,"annotation_sheet_A.csv / _B.csv: severity_0_to_3, usable_yes_no, knees_forward_at_s, notes",
1_severity,88,353,46616_20,/Users/tarpanmishra/Desktop/Squat More/Labeled_Dataset/videos/46616_20.mp4,test,"annotation_sheet_A.csv / _B.csv: severity_0_to_3, usable_yes_no, knees_forward_at_s, notes",
1_severity,89,71,50312_3,/Users/tarpanmishra/Desktop/Squat More/Labeled_Dataset/videos/50312_3.mp4,train,"annotation_sheet_A.csv / _B.csv: severity_0_to_3, usable_yes_no, knees_forward_at_s, notes",
1_severity,90,263,46286_1,/Users/tarpanmishra/Desktop/Squat More/Labeled_Dataset/videos/46286_1.mp4,train,"annotation_sheet_A.csv / _B.csv: severity_0_to_3, usable_yes_no, knees_forward_at_s, notes",
1_severity,91,362,36309_3,/Users/tarpanmishra/Desktop/Squat More/Labeled_Dataset/videos/36309_3.mp4,test,"annotation_sheet_A.csv / _B.csv: severity_0_to_3, usable_yes_no, knees_forward_at_s, notes",
1_severity,92,390,50320_1,/Users/tarpanmishra/Desktop/Squat More/Labeled_Dataset/videos/50320_1.mp4,test,"annotation_sheet_A.csv / _B.csv: severity_0_to_3, usable_yes_no, knees_forward_at_s, notes",
1_severity,93,486,33626_1,/Users/tarpanmishra/Desktop/Squat More/Labeled_Dataset/videos/33626_1.mp4,test,"annotation_sheet_A.csv / _B.csv: severity_0_to_3, usable_yes_no, knees_forward_at_s, notes",
1_severity,94,419,38060_7,/Users/tarpanmishra/Desktop/Squat More/Labeled_Dataset/videos/38060_7.mp4,train,"annotation_sheet_A.csv / _B.csv: severity_0_to_3, usable_yes_no, knees_forward_at_s, notes",
1_severity,95,270,46007_3,/Users/tarpanmishra/Desktop/Squat More/Labeled_Dataset/videos/46007_3.mp4,train,"annotation_sheet_A.csv / _B.csv: severity_0_to_3, usable_yes_no, knees_forward_at_s, notes",
1_severity,96,416,37094_1,/Users/tarpanmishra/Desktop/Squat More/Labeled_Dataset/videos/37094_1.mp4,train,"annotation_sheet_A.csv / _B.csv: severity_0_to_3, usable_yes_no, knees_forward_at_s, notes",
1_severity,97,160,50611_3,/Users/tarpanmishra/Desktop/Squat More/Labeled_Dataset/videos/50611_3.mp4,train,"annotation_sheet_A.csv / _B.csv: severity_0_to_3, usable_yes_no, knees_forward_at_s, notes",
1_severity,98,136,48504_1,/Users/tarpanmishra/Desktop/Squat More/Labeled_Dataset/videos/48504_1.mp4,test,"annotation_sheet_A.csv / _B.csv: severity_0_to_3, usable_yes_no, knees_forward_at_s, notes",
1_severity,99,58,49387_1,/Users/tarpanmishra/Desktop/Squat More/Labeled_Dataset/videos/49387_1.mp4,test,"annotation_sheet_A.csv / _B.csv: severity_0_to_3, usable_yes_no, knees_forward_at_s, notes",
1_severity,100,151,48175_2,/Users/tarpanmishra/Desktop/Squat More/Labeled_Dataset/videos/48175_2.mp4,train,"annotation_sheet_A.csv / _B.csv: severity_0_to_3, usable_yes_no, knees_forward_at_s, notes",
1_severity,101,3,36977_2,/Users/tarpanmishra/Desktop/Squat More/Labeled_Dataset/videos/36977_2.mp4,train,"annotation_sheet_A.csv / _B.csv: severity_0_to_3, usable_yes_no, knees_forward_at_s, notes",
1_severity,102,203,36046_4,/Users/tarpanmishra/Desktop/Squat More/Labeled_Dataset/videos/36046_4.mp4,test,"annotation_sheet_A.csv / _B.csv: severity_0_to_3, usable_yes_no, knees_forward_at_s, notes",
1_severity,103,437,48110_2,/Users/tarpanmishra/Desktop/Squat More/Labeled_Dataset/videos/48110_2.mp4,test,"annotation_sheet_A.csv / _B.csv: severity_0_to_3, usable_yes_no, knees_forward_at_s, notes",
1_severity,104,155,46312_2,/Users/tarpanmishra/Desktop/Squat More/Labeled_Dataset/videos/46312_2.mp4,test,"annotation_sheet_A.csv / _B.csv: severity_0_to_3, usable_yes_no, knees_forward_at_s, notes",
1_severity,105,460,38011_2,/Users/tarpanmishra/Desktop/Squat More/Labeled_Dataset/videos/38011_2.mp4,test,"annotation_sheet_A.csv / _B.csv: severity_0_to_3, usable_yes_no, knees_forward_at_s, notes",
1_severity,106,333,49802_1,/Users/tarpanmishra/Desktop/Squat More/Labeled_Dataset/videos/49802_1.mp4,train,"annotation_sheet_A.csv / _B.csv: severity_0_to_3, usable_yes_no, knees_forward_at_s, notes",
1_severity,107,282,49956_1,/Users/tarpanmishra/Desktop/Squat More/Labeled_Dataset/videos/49956_1.mp4,train,"annotation_sheet_A.csv / _B.csv: severity_0_to_3, usable_yes_no, knees_forward_at_s, notes",
1_severity,108,334,33440_2,/Users/tarpanmishra/Desktop/Squat More/Labeled_Dataset/videos/33440_2.mp4,train,"annotation_sheet_A.csv / _B.csv: severity_0_to_3, usable_yes_no, knees_forward_at_s, notes",
1_severity,109,489,50862_1,/Users/tarpanmishra/Desktop/Squat More/Labeled_Dataset/videos/50862_1.mp4,test,"annotation_sheet_A.csv / _B.csv: severity_0_to_3, usable_yes_no, knees_forward_at_s, notes",
1_severity,110,170,36947_1,/Users/tarpanmishra/Desktop/Squat More/Labeled_Dataset/videos/36947_1.mp4,train,"annotation_sheet_A.csv / _B.csv: severity_0_to_3, usable_yes_no, knees_forward_at_s, notes",
1_severity,111,436,50745_1,/Users/tarpanmishra/Desktop/Squat More/Labeled_Dataset/videos/50745_1.mp4,train,"annotation_sheet_A.csv / _B.csv: severity_0_to_3, usable_yes_no, knees_forward_at_s, notes",
1_severity,112,247,49355_1,/Users/tarpanmishra/Desktop/Squat More/Labeled_Dataset/videos/49355_1.mp4,train,"annotation_sheet_A.csv / _B.csv: severity_0_to_3, usable_yes_no, knees_forward_at_s, notes",
1_severity,113,195,33375_5,/Users/tarpanmishra/Desktop/Squat More/Labeled_Dataset/videos/33375_5.mp4,train,"annotation_sheet_A.csv / _B.csv: severity_0_to_3, usable_yes_no, knees_forward_at_s, notes",
1_severity,114,135,49949_2,/Users/tarpanmishra/Desktop/Squat More/Labeled_Dataset/videos/49949_2.mp4,test,"annotation_sheet_A.csv / _B.csv: severity_0_to_3, usable_yes_no, knees_forward_at_s, notes",
1_severity,115,480,37973_1,/Users/tarpanmishra/Desktop/Squat More/Labeled_Dataset/videos/37973_1.mp4,test,"annotation_sheet_A.csv / _B.csv: severity_0_to_3, usable_yes_no, knees_forward_at_s, notes",
1_severity,116,20,48618_1,/Users/tarpanmishra/Desktop/Squat More/Labeled_Dataset/videos/48618_1.mp4,test,"annotation_sheet_A.csv / _B.csv: severity_0_to_3, usable_yes_no, knees_forward_at_s, notes",
1_severity,117,48,33838_3,/Users/tarpanmishra/Desktop/Squat More/Labeled_Dataset/videos/33838_3.mp4,test,"annotation_sheet_A.csv / _B.csv: severity_0_to_3, usable_yes_no, knees_forward_at_s, notes",
1_severity,118,177,50204_1,/Users/tarpanmishra/Desktop/Squat More/Labeled_Dataset/videos/50204_1.mp4,train,"annotation_sheet_A.csv / _B.csv: severity_0_to_3, usable_yes_no, knees_forward_at_s, notes",
1_severity,119,495,37238_1,/Users/tarpanmishra/Desktop/Squat More/Labeled_Dataset/videos/37238_1.mp4,train,"annotation_sheet_A.csv / _B.csv: severity_0_to_3, usable_yes_no, knees_forward_at_s, notes",
1_severity,120,305,37587_4,/Users/tarpanmishra/Desktop/Squat More/Labeled_Dataset/videos/37587_4.mp4,test,"annotation_sheet_A.csv / _B.csv: severity_0_to_3, usable_yes_no, knees_forward_at_s, notes",
1_severity,121,385,50462_7,/Users/tarpanmishra/Desktop/Squat More/Labeled_Dataset/videos/50462_7.mp4,test,"annotation_sheet_A.csv / _B.csv: severity_0_to_3, usable_yes_no, knees_forward_at_s, notes",
1_severity,122,118,33499_1,/Users/tarpanmishra/Desktop/Squat More/Labeled_Dataset/videos/33499_1.mp4,test,"annotation_sheet_A.csv / _B.csv: severity_0_to_3, usable_yes_no, knees_forward_at_s, notes",
1_severity,123,296,46100_3,/Users/tarpanmishra/Desktop/Squat More/Labeled_Dataset/videos/46100_3.mp4,train,"annotation_sheet_A.csv / _B.csv: severity_0_to_3, usable_yes_no, knees_forward_at_s, notes",
1_severity,124,405,37840_1,/Users/tarpanmishra/Desktop/Squat More/Labeled_Dataset/videos/37840_1.mp4,train,"annotation_sheet_A.csv / _B.csv: severity_0_to_3, usable_yes_no, knees_forward_at_s, notes",
1_severity,125,115,49807_1,/Users/tarpanmishra/Desktop/Squat More/Labeled_Dataset/videos/49807_1.mp4,train,"annotation_sheet_A.csv / _B.csv: severity_0_to_3, usable_yes_no, knees_forward_at_s, notes",
1_severity,126,210,46669_2,/Users/tarpanmishra/Desktop/Squat More/Labeled_Dataset/videos/46669_2.mp4,train,"annotation_sheet_A.csv / _B.csv: severity_0_to_3, usable_yes_no, knees_forward_at_s, notes",
1_severity,127,192,33483_2,/Users/tarpanmishra/Desktop/Squat More/Labeled_Dataset/videos/33483_2.mp4,test,"annotation_sheet_A.csv / _B.csv: severity_0_to_3, usable_yes_no, knees_forward_at_s, notes",
1_severity,128,328,36687_3,/Users/tarpanmishra/Desktop/Squat More/Labeled_Dataset/videos/36687_3.mp4,train,"annotation_sheet_A.csv / _B.csv: severity_0_to_3, usable_yes_no, knees_forward_at_s, notes",
1_severity,129,422,37908_2,/Users/tarpanmishra/Desktop/Squat More/Labeled_Dataset/videos/37908_2.mp4,train,"annotation_sheet_A.csv / _B.csv: severity_0_to_3, usable_yes_no, knees_forward_at_s, notes",
1_severity,130,467,49599_1,/Users/tarpanmishra/Desktop/Squat More/Labeled_Dataset/videos/49599_1.mp4,test,"annotation_sheet_A.csv / _B.csv: severity_0_to_3, usable_yes_no, knees_forward_at_s, notes",
1_severity,131,317,37389_1,/Users/tarpanmishra/Desktop/Squat More/Labeled_Dataset/videos/37389_1.mp4,train,"annotation_sheet_A.csv / _B.csv: severity_0_to_3, usable_yes_no, knees_forward_at_s, notes",
1_severity,132,219,47808_1,/Users/tarpanmishra/Desktop/Squat More/Labeled_Dataset/videos/47808_1.mp4,test,"annotation_sheet_A.csv / _B.csv: severity_0_to_3, usable_yes_no, knees_forward_at_s, notes",
1_severity,133,239,47320_6,/Users/tarpanmishra/Desktop/Squat More/Labeled_Dataset/videos/47320_6.mp4,test,"annotation_sheet_A.csv / _B.csv: severity_0_to_3, usable_yes_no, knees_forward_at_s, notes",
1_severity,134,221,48683_1,/Users/tarpanmishra/Desktop/Squat More/Labeled_Dataset/videos/48683_1.mp4,train,"annotation_sheet_A.csv / _B.csv: severity_0_to_3, usable_yes_no, knees_forward_at_s, notes",
1_severity,135,216,50423_5,/Users/tarpanmishra/Desktop/Squat More/Labeled_Dataset/videos/50423_5.mp4,train,"annotation_sheet_A.csv / _B.csv: severity_0_to_3, usable_yes_no, knees_forward_at_s, notes",
1_severity,136,403,47224_2,/Users/tarpanmishra/Desktop/Squat More/Labeled_Dataset/videos/47224_2.mp4,train,"annotation_sheet_A.csv / _B.csv: severity_0_to_3, usable_yes_no, knees_forward_at_s, notes",
1_severity,137,402,48621_2,/Users/tarpanmishra/Desktop/Squat More/Labeled_Dataset/videos/48621_2.mp4,test,"annotation_sheet_A.csv / _B.csv: severity_0_to_3, usable_yes_no, knees_forward_at_s, notes",
1_severity,138,63,46167_1,/Users/tarpanmishra/Desktop/Squat More/Labeled_Dataset/videos/46167_1.mp4,train,"annotation_sheet_A.csv / _B.csv: severity_0_to_3, usable_yes_no, knees_forward_at_s, notes",
1_severity,139,109,46725_1,/Users/tarpanmishra/Desktop/Squat More/Labeled_Dataset/videos/46725_1.mp4,train,"annotation_sheet_A.csv / _B.csv: severity_0_to_3, usable_yes_no, knees_forward_at_s, notes",
1_severity,140,205,47861_2,/Users/tarpanmishra/Desktop/Squat More/Labeled_Dataset/videos/47861_2.mp4,test,"annotation_sheet_A.csv / _B.csv: severity_0_to_3, usable_yes_no, knees_forward_at_s, notes",
1_severity,141,431,33937_8,/Users/tarpanmishra/Desktop/Squat More/Labeled_Dataset/videos/33937_8.mp4,train,"annotation_sheet_A.csv / _B.csv: severity_0_to_3, usable_yes_no, knees_forward_at_s, notes",
1_severity,142,369,33194_1,/Users/tarpanmishra/Desktop/Squat More/Labeled_Dataset/videos/33194_1.mp4,test,"annotation_sheet_A.csv / _B.csv: severity_0_to_3, usable_yes_no, knees_forward_at_s, notes",
1_severity,143,485,37665_1,/Users/tarpanmishra/Desktop/Squat More/Labeled_Dataset/videos/37665_1.mp4,train,"annotation_sheet_A.csv / _B.csv: severity_0_to_3, usable_yes_no, knees_forward_at_s, notes",
1_severity,144,454,48563_1,/Users/tarpanmishra/Desktop/Squat More/Labeled_Dataset/videos/48563_1.mp4,test,"annotation_sheet_A.csv / _B.csv: severity_0_to_3, usable_yes_no, knees_forward_at_s, notes",
1_severity,145,214,47719_1,/Users/tarpanmishra/Desktop/Squat More/Labeled_Dataset/videos/47719_1.mp4,test,"annotation_sheet_A.csv / _B.csv: severity_0_to_3, usable_yes_no, knees_forward_at_s, notes",
1_severity,146,351,48638_2,/Users/tarpanmishra/Desktop/Squat More/Labeled_Dataset/videos/48638_2.mp4,test,"annotation_sheet_A.csv / _B.csv: severity_0_to_3, usable_yes_no, knees_forward_at_s, notes",
1_severity,147,306,37428_1,/Users/tarpanmishra/Desktop/Squat More/Labeled_Dataset/videos/37428_1.mp4,train,"annotation_sheet_A.csv / _B.csv: severity_0_to_3, usable_yes_no, knees_forward_at_s, notes",
1_severity,148,67,48713_1,/Users/tarpanmishra/Desktop/Squat More/Labeled_Dataset/videos/48713_1.mp4,train,"annotation_sheet_A.csv / _B.csv: severity_0_to_3, usable_yes_no, knees_forward_at_s, notes",
1_severity,149,246,33048_1,/Users/tarpanmishra/Desktop/Squat More/Labeled_Dataset/videos/33048_1.mp4,train,"annotation_sheet_A.csv / _B.csv: severity_0_to_3, usable_yes_no, knees_forward_at_s, notes",
1_severity,150,329,47960_1,/Users/tarpanmishra/Desktop/Squat More/Labeled_Dataset/videos/47960_1.mp4,train,"annotation_sheet_A.csv / _B.csv: severity_0_to_3, usable_yes_no, knees_forward_at_s, notes",
1_severity,151,75,47901_8,/Users/tarpanmishra/Desktop/Squat More/Labeled_Dataset/videos/47901_8.mp4,train,"annotation_sheet_A.csv / _B.csv: severity_0_to_3, usable_yes_no, knees_forward_at_s, notes",
1_severity,152,30,46820_1,/Users/tarpanmishra/Desktop/Squat More/Labeled_Dataset/videos/46820_1.mp4,test,"annotation_sheet_A.csv / _B.csv: severity_0_to_3, usable_yes_no, knees_forward_at_s, notes",
1_severity,153,259,50024_2,/Users/tarpanmishra/Desktop/Squat More/Labeled_Dataset/videos/50024_2.mp4,train,"annotation_sheet_A.csv / _B.csv: severity_0_to_3, usable_yes_no, knees_forward_at_s, notes",
1_severity,154,401,49945_1,/Users/tarpanmishra/Desktop/Squat More/Labeled_Dataset/videos/49945_1.mp4,train,"annotation_sheet_A.csv / _B.csv: severity_0_to_3, usable_yes_no, knees_forward_at_s, notes",
1_severity,155,175,49490_5,/Users/tarpanmishra/Desktop/Squat More/Labeled_Dataset/videos/49490_5.mp4,train,"annotation_sheet_A.csv / _B.csv: severity_0_to_3, usable_yes_no, knees_forward_at_s, notes",
1_severity,156,377,33850_1,/Users/tarpanmishra/Desktop/Squat More/Labeled_Dataset/videos/33850_1.mp4,test,"annotation_sheet_A.csv / _B.csv: severity_0_to_3, usable_yes_no, knees_forward_at_s, notes",
1_severity,157,108,37732_2,/Users/tarpanmishra/Desktop/Squat More/Labeled_Dataset/videos/37732_2.mp4,train,"annotation_sheet_A.csv / _B.csv: severity_0_to_3, usable_yes_no, knees_forward_at_s, notes",
1_severity,158,303,48179_2,/Users/tarpanmishra/Desktop/Squat More/Labeled_Dataset/videos/48179_2.mp4,test,"annotation_sheet_A.csv / _B.csv: severity_0_to_3, usable_yes_no, knees_forward_at_s, notes",
1_severity,159,240,47570_1,/Users/tarpanmishra/Desktop/Squat More/Labeled_Dataset/videos/47570_1.mp4,train,"annotation_sheet_A.csv / _B.csv: severity_0_to_3, usable_yes_no, knees_forward_at_s, notes",
1_severity,160,409,46839_1,/Users/tarpanmishra/Desktop/Squat More/Labeled_Dataset/videos/46839_1.mp4,train,"annotation_sheet_A.csv / _B.csv: severity_0_to_3, usable_yes_no, knees_forward_at_s, notes",
1_severity,161,463,49006_2,/Users/tarpanmishra/Desktop/Squat More/Labeled_Dataset/videos/49006_2.mp4,train,"annotation_sheet_A.csv / _B.csv: severity_0_to_3, usable_yes_no, knees_forward_at_s, notes",
1_severity,162,261,36254_3,/Users/tarpanmishra/Desktop/Squat More/Labeled_Dataset/videos/36254_3.mp4,test,"annotation_sheet_A.csv / _B.csv: severity_0_to_3, usable_yes_no, knees_forward_at_s, notes",
1_severity,163,23,46465_3,/Users/tarpanmishra/Desktop/Squat More/Labeled_Dataset/videos/46465_3.mp4,test,"annotation_sheet_A.csv / _B.csv: severity_0_to_3, usable_yes_no, knees_forward_at_s, notes",
1_severity,164,112,48323_3,/Users/tarpanmishra/Desktop/Squat More/Labeled_Dataset/videos/48323_3.mp4,test,"annotation_sheet_A.csv / _B.csv: severity_0_to_3, usable_yes_no, knees_forward_at_s, notes",
1_severity,165,138,36534_5,/Users/tarpanmishra/Desktop/Squat More/Labeled_Dataset/videos/36534_5.mp4,train,"annotation_sheet_A.csv / _B.csv: severity_0_to_3, usable_yes_no, knees_forward_at_s, notes",
1_severity,166,418,48410_4,/Users/tarpanmishra/Desktop/Squat More/Labeled_Dataset/videos/48410_4.mp4,train,"annotation_sheet_A.csv / _B.csv: severity_0_to_3, usable_yes_no, knees_forward_at_s, notes",
1_severity,167,181,49596_1,/Users/tarpanmishra/Desktop/Squat More/Labeled_Dataset/videos/49596_1.mp4,train,"annotation_sheet_A.csv / _B.csv: severity_0_to_3, usable_yes_no, knees_forward_at_s, notes",
1_severity,168,141,48451_1,/Users/tarpanmishra/Desktop/Squat More/Labeled_Dataset/videos/48451_1.mp4,test,"annotation_sheet_A.csv / _B.csv: severity_0_to_3, usable_yes_no, knees_forward_at_s, notes",
1_severity,169,229,47479_6,/Users/tarpanmishra/Desktop/Squat More/Labeled_Dataset/videos/47479_6.mp4,train,"annotation_sheet_A.csv / _B.csv: severity_0_to_3, usable_yes_no, knees_forward_at_s, notes",
1_severity,170,327,33511_1,/Users/tarpanmishra/Desktop/Squat More/Labeled_Dataset/videos/33511_1.mp4,train,"annotation_sheet_A.csv / _B.csv: severity_0_to_3, usable_yes_no, knees_forward_at_s, notes",
1_severity,171,346,50418_1,/Users/tarpanmishra/Desktop/Squat More/Labeled_Dataset/videos/50418_1.mp4,train,"annotation_sheet_A.csv / _B.csv: severity_0_to_3, usable_yes_no, knees_forward_at_s, notes",
1_severity,172,107,50599_3,/Users/tarpanmishra/Desktop/Squat More/Labeled_Dataset/videos/50599_3.mp4,train,"annotation_sheet_A.csv / _B.csv: severity_0_to_3, usable_yes_no, knees_forward_at_s, notes",
1_severity,173,331,48238_3,/Users/tarpanmishra/Desktop/Squat More/Labeled_Dataset/videos/48238_3.mp4,test,"annotation_sheet_A.csv / _B.csv: severity_0_to_3, usable_yes_no, knees_forward_at_s, notes",
1_severity,174,366,49125_1,/Users/tarpanmishra/Desktop/Squat More/Labeled_Dataset/videos/49125_1.mp4,test,"annotation_sheet_A.csv / _B.csv: severity_0_to_3, usable_yes_no, knees_forward_at_s, notes",
1_severity,175,260,49548_1,/Users/tarpanmishra/Desktop/Squat More/Labeled_Dataset/videos/49548_1.mp4,test,"annotation_sheet_A.csv / _B.csv: severity_0_to_3, usable_yes_no, knees_forward_at_s, notes",
1_severity,176,218,36586_1,/Users/tarpanmishra/Desktop/Squat More/Labeled_Dataset/videos/36586_1.mp4,test,"annotation_sheet_A.csv / _B.csv: severity_0_to_3, usable_yes_no, knees_forward_at_s, notes",
1_severity,177,88,50060_2,/Users/tarpanmishra/Desktop/Squat More/Labeled_Dataset/videos/50060_2.mp4,train,"annotation_sheet_A.csv / _B.csv: severity_0_to_3, usable_yes_no, knees_forward_at_s, notes",
1_severity,178,176,36375_1,/Users/tarpanmishra/Desktop/Squat More/Labeled_Dataset/videos/36375_1.mp4,train,"annotation_sheet_A.csv / _B.csv: severity_0_to_3, usable_yes_no, knees_forward_at_s, notes",
1_severity,179,44,37249_4,/Users/tarpanmishra/Desktop/Squat More/Labeled_Dataset/videos/37249_4.mp4,train,"annotation_sheet_A.csv / _B.csv: severity_0_to_3, usable_yes_no, knees_forward_at_s, notes",
1_severity,180,348,36238_5,/Users/tarpanmishra/Desktop/Squat More/Labeled_Dataset/videos/36238_5.mp4,test,"annotation_sheet_A.csv / _B.csv: severity_0_to_3, usable_yes_no, knees_forward_at_s, notes",
1_severity,181,70,48141_1,/Users/tarpanmishra/Desktop/Squat More/Labeled_Dataset/videos/48141_1.mp4,train,"annotation_sheet_A.csv / _B.csv: severity_0_to_3, usable_yes_no, knees_forward_at_s, notes",
1_severity,182,82,50844_1,/Users/tarpanmishra/Desktop/Squat More/Labeled_Dataset/videos/50844_1.mp4,test,"annotation_sheet_A.csv / _B.csv: severity_0_to_3, usable_yes_no, knees_forward_at_s, notes",
1_severity,183,89,45950_1,/Users/tarpanmishra/Desktop/Squat More/Labeled_Dataset/videos/45950_1.mp4,train,"annotation_sheet_A.csv / _B.csv: severity_0_to_3, usable_yes_no, knees_forward_at_s, notes",
1_severity,184,211,37906_3,/Users/tarpanmishra/Desktop/Squat More/Labeled_Dataset/videos/37906_3.mp4,train,"annotation_sheet_A.csv / _B.csv: severity_0_to_3, usable_yes_no, knees_forward_at_s, notes",
1_severity,185,408,36968_1,/Users/tarpanmishra/Desktop/Squat More/Labeled_Dataset/videos/36968_1.mp4,train,"annotation_sheet_A.csv / _B.csv: severity_0_to_3, usable_yes_no, knees_forward_at_s, notes",
1_severity,186,26,49736_1,/Users/tarpanmishra/Desktop/Squat More/Labeled_Dataset/videos/49736_1.mp4,train,"annotation_sheet_A.csv / _B.csv: severity_0_to_3, usable_yes_no, knees_forward_at_s, notes",
1_severity,187,73,50619_4,/Users/tarpanmishra/Desktop/Squat More/Labeled_Dataset/videos/50619_4.mp4,train,"annotation_sheet_A.csv / _B.csv: severity_0_to_3, usable_yes_no, knees_forward_at_s, notes",
1_severity,188,271,36991_2,/Users/tarpanmishra/Desktop/Squat More/Labeled_Dataset/videos/36991_2.mp4,test,"annotation_sheet_A.csv / _B.csv: severity_0_to_3, usable_yes_no, knees_forward_at_s, notes",
1_severity,189,182,47487_2,/Users/tarpanmishra/Desktop/Squat More/Labeled_Dataset/videos/47487_2.mp4,test,"annotation_sheet_A.csv / _B.csv: severity_0_to_3, usable_yes_no, knees_forward_at_s, notes",
1_severity,190,284,49769_1,/Users/tarpanmishra/Desktop/Squat More/Labeled_Dataset/videos/49769_1.mp4,train,"annotation_sheet_A.csv / _B.csv: severity_0_to_3, usable_yes_no, knees_forward_at_s, notes",
1_severity,191,483,50866_1,/Users/tarpanmishra/Desktop/Squat More/Labeled_Dataset/videos/50866_1.mp4,train,"annotation_sheet_A.csv / _B.csv: severity_0_to_3, usable_yes_no, knees_forward_at_s, notes",
1_severity,192,494,32975_6,/Users/tarpanmishra/Desktop/Squat More/Labeled_Dataset/videos/32975_6.mp4,train,"annotation_sheet_A.csv / _B.csv: severity_0_to_3, usable_yes_no, knees_forward_at_s, notes",
1_severity,193,213,36354_2,/Users/tarpanmishra/Desktop/Squat More/Labeled_Dataset/videos/36354_2.mp4,train,"annotation_sheet_A.csv / _B.csv: severity_0_to_3, usable_yes_no, knees_forward_at_s, notes",
1_severity,194,429,46923_2,/Users/tarpanmishra/Desktop/Squat More/Labeled_Dataset/videos/46923_2.mp4,train,"annotation_sheet_A.csv / _B.csv: severity_0_to_3, usable_yes_no, knees_forward_at_s, notes",
1_severity,195,173,36746_1,/Users/tarpanmishra/Desktop/Squat More/Labeled_Dataset/videos/36746_1.mp4,test,"annotation_sheet_A.csv / _B.csv: severity_0_to_3, usable_yes_no, knees_forward_at_s, notes",
1_severity,196,174,46445_1,/Users/tarpanmishra/Desktop/Squat More/Labeled_Dataset/videos/46445_1.mp4,train,"annotation_sheet_A.csv / _B.csv: severity_0_to_3, usable_yes_no, knees_forward_at_s, notes",
1_severity,197,171,45959_1,/Users/tarpanmishra/Desktop/Squat More/Labeled_Dataset/videos/45959_1.mp4,test,"annotation_sheet_A.csv / _B.csv: severity_0_to_3, usable_yes_no, knees_forward_at_s, notes",
1_severity,198,356,37099_7,/Users/tarpanmishra/Desktop/Squat More/Labeled_Dataset/videos/37099_7.mp4,train,"annotation_sheet_A.csv / _B.csv: severity_0_to_3, usable_yes_no, knees_forward_at_s, notes",
1_severity,199,238,50172_2,/Users/tarpanmishra/Desktop/Squat More/Labeled_Dataset/videos/50172_2.mp4,test,"annotation_sheet_A.csv / _B.csv: severity_0_to_3, usable_yes_no, knees_forward_at_s, notes",
1_severity,200,220,50414_1,/Users/tarpanmishra/Desktop/Squat More/Labeled_Dataset/videos/50414_1.mp4,train,"annotation_sheet_A.csv / _B.csv: severity_0_to_3, usable_yes_no, knees_forward_at_s, notes",
1_severity,201,114,46334_2,/Users/tarpanmishra/Desktop/Squat More/Labeled_Dataset/videos/46334_2.mp4,train,"annotation_sheet_A.csv / _B.csv: severity_0_to_3, usable_yes_no, knees_forward_at_s, notes",
1_severity,202,81,48844_1,/Users/tarpanmishra/Desktop/Squat More/Labeled_Dataset/videos/48844_1.mp4,train,"annotation_sheet_A.csv / _B.csv: severity_0_to_3, usable_yes_no, knees_forward_at_s, notes",
1_severity,203,350,49516_1,/Users/tarpanmishra/Desktop/Squat More/Labeled_Dataset/videos/49516_1.mp4,train,"annotation_sheet_A.csv / _B.csv: severity_0_to_3, usable_yes_no, knees_forward_at_s, notes",
1_severity,204,290,38029_1,/Users/tarpanmishra/Desktop/Squat More/Labeled_Dataset/videos/38029_1.mp4,train,"annotation_sheet_A.csv / _B.csv: severity_0_to_3, usable_yes_no, knees_forward_at_s, notes",
1_severity,205,119,49724_2,/Users/tarpanmishra/Desktop/Squat More/Labeled_Dataset/videos/49724_2.mp4,train,"annotation_sheet_A.csv / _B.csv: severity_0_to_3, usable_yes_no, knees_forward_at_s, notes",
1_severity,206,154,47476_4,/Users/tarpanmishra/Desktop/Squat More/Labeled_Dataset/videos/47476_4.mp4,train,"annotation_sheet_A.csv / _B.csv: severity_0_to_3, usable_yes_no, knees_forward_at_s, notes",
1_severity,207,457,36269_1,/Users/tarpanmishra/Desktop/Squat More/Labeled_Dataset/videos/36269_1.mp4,test,"annotation_sheet_A.csv / _B.csv: severity_0_to_3, usable_yes_no, knees_forward_at_s, notes",
1_severity,208,53,46243_1,/Users/tarpanmishra/Desktop/Squat More/Labeled_Dataset/videos/46243_1.mp4,train,"annotation_sheet_A.csv / _B.csv: severity_0_to_3, usable_yes_no, knees_forward_at_s, notes",
1_severity,209,393,37265_1,/Users/tarpanmishra/Desktop/Squat More/Labeled_Dataset/videos/37265_1.mp4,train,"annotation_sheet_A.csv / _B.csv: severity_0_to_3, usable_yes_no, knees_forward_at_s, notes",
1_severity,210,438,33827_1,/Users/tarpanmishra/Desktop/Squat More/Labeled_Dataset/videos/33827_1.mp4,train,"annotation_sheet_A.csv / _B.csv: severity_0_to_3, usable_yes_no, knees_forward_at_s, notes",
1_severity,211,172,47274_1,/Users/tarpanmishra/Desktop/Squat More/Labeled_Dataset/videos/47274_1.mp4,train,"annotation_sheet_A.csv / _B.csv: severity_0_to_3, usable_yes_no, knees_forward_at_s, notes",
1_severity,212,204,47589_2,/Users/tarpanmishra/Desktop/Squat More/Labeled_Dataset/videos/47589_2.mp4,test,"annotation_sheet_A.csv / _B.csv: severity_0_to_3, usable_yes_no, knees_forward_at_s, notes",
1_severity,213,157,46213_1,/Users/tarpanmishra/Desktop/Squat More/Labeled_Dataset/videos/46213_1.mp4,test,"annotation_sheet_A.csv / _B.csv: severity_0_to_3, usable_yes_no, knees_forward_at_s, notes",
1_severity,214,50,33634_10,/Users/tarpanmishra/Desktop/Squat More/Labeled_Dataset/videos/33634_10.mp4,test,"annotation_sheet_A.csv / _B.csv: severity_0_to_3, usable_yes_no, knees_forward_at_s, notes",
1_severity,215,166,36166_1,/Users/tarpanmishra/Desktop/Squat More/Labeled_Dataset/videos/36166_1.mp4,train,"annotation_sheet_A.csv / _B.csv: severity_0_to_3, usable_yes_no, knees_forward_at_s, notes",
1_severity,216,78,47288_2,/Users/tarpanmishra/Desktop/Squat More/Labeled_Dataset/videos/47288_2.mp4,test,"annotation_sheet_A.csv / _B.csv: severity_0_to_3, usable_yes_no, knees_forward_at_s, notes",
1_severity,217,301,47645_5,/Users/tarpanmishra/Desktop/Squat More/Labeled_Dataset/videos/47645_5.mp4,test,"annotation_sheet_A.csv / _B.csv: severity_0_to_3, usable_yes_no, knees_forward_at_s, notes",
1_severity,218,156,32996_2,/Users/tarpanmishra/Desktop/Squat More/Labeled_Dataset/videos/32996_2.mp4,train,"annotation_sheet_A.csv / _B.csv: severity_0_to_3, usable_yes_no, knees_forward_at_s, notes",
1_severity,219,322,36563_2,/Users/tarpanmishra/Desktop/Squat More/Labeled_Dataset/videos/36563_2.mp4,test,"annotation_sheet_A.csv / _B.csv: severity_0_to_3, usable_yes_no, knees_forward_at_s, notes",
1_severity,220,396,36138_3,/Users/tarpanmishra/Desktop/Squat More/Labeled_Dataset/videos/36138_3.mp4,train,"annotation_sheet_A.csv / _B.csv: severity_0_to_3, usable_yes_no, knees_forward_at_s, notes",
1_severity,221,153,33630_2,/Users/tarpanmishra/Desktop/Squat More/Labeled_Dataset/videos/33630_2.mp4,test,"annotation_sheet_A.csv / _B.csv: severity_0_to_3, usable_yes_no, knees_forward_at_s, notes",
1_severity,222,295,33334_2,/Users/tarpanmishra/Desktop/Squat More/Labeled_Dataset/videos/33334_2.mp4,train,"annotation_sheet_A.csv / _B.csv: severity_0_to_3, usable_yes_no, knees_forward_at_s, notes",
1_severity,223,407,50758_1,/Users/tarpanmishra/Desktop/Squat More/Labeled_Dataset/videos/50758_1.mp4,train,"annotation_sheet_A.csv / _B.csv: severity_0_to_3, usable_yes_no, knees_forward_at_s, notes",
1_severity,224,6,50522_4,/Users/tarpanmishra/Desktop/Squat More/Labeled_Dataset/videos/50522_4.mp4,test,"annotation_sheet_A.csv / _B.csv: severity_0_to_3, usable_yes_no, knees_forward_at_s, notes",
1_severity,225,36,50334_12,/Users/tarpanmishra/Desktop/Squat More/Labeled_Dataset/videos/50334_12.mp4,train,"annotation_sheet_A.csv / _B.csv: severity_0_to_3, usable_yes_no, knees_forward_at_s, notes",
1_severity,226,21,49295_2,/Users/tarpanmishra/Desktop/Squat More/Labeled_Dataset/videos/49295_2.mp4,test,"annotation_sheet_A.csv / _B.csv: severity_0_to_3, usable_yes_no, knees_forward_at_s, notes",
1_severity,227,124,36679_5,/Users/tarpanmishra/Desktop/Squat More/Labeled_Dataset/videos/36679_5.mp4,test,"annotation_sheet_A.csv / _B.csv: severity_0_to_3, usable_yes_no, knees_forward_at_s, notes",
1_severity,228,147,46413_4,/Users/tarpanmishra/Desktop/Squat More/Labeled_Dataset/videos/46413_4.mp4,train,"annotation_sheet_A.csv / _B.csv: severity_0_to_3, usable_yes_no, knees_forward_at_s, notes",
1_severity,229,102,48548_2,/Users/tarpanmishra/Desktop/Squat More/Labeled_Dataset/videos/48548_2.mp4,train,"annotation_sheet_A.csv / _B.csv: severity_0_to_3, usable_yes_no, knees_forward_at_s, notes",
1_severity,230,310,48389_3,/Users/tarpanmishra/Desktop/Squat More/Labeled_Dataset/videos/48389_3.mp4,train,"annotation_sheet_A.csv / _B.csv: severity_0_to_3, usable_yes_no, knees_forward_at_s, notes",
1_severity,231,43,33207_1,/Users/tarpanmishra/Desktop/Squat More/Labeled_Dataset/videos/33207_1.mp4,train,"annotation_sheet_A.csv / _B.csv: severity_0_to_3, usable_yes_no, knees_forward_at_s, notes",
1_severity,232,52,47650_1,/Users/tarpanmishra/Desktop/Squat More/Labeled_Dataset/videos/47650_1.mp4,train,"annotation_sheet_A.csv / _B.csv: severity_0_to_3, usable_yes_no, knees_forward_at_s, notes",
1_severity,233,304,36907_1,/Users/tarpanmishra/Desktop/Squat More/Labeled_Dataset/videos/36907_1.mp4,train,"annotation_sheet_A.csv / _B.csv: severity_0_to_3, usable_yes_no, knees_forward_at_s, notes",
1_severity,234,392,33406_8,/Users/tarpanmishra/Desktop/Squat More/Labeled_Dataset/videos/33406_8.mp4,train,"annotation_sheet_A.csv / _B.csv: severity_0_to_3, usable_yes_no, knees_forward_at_s, notes",
1_severity,235,411,36497_2,/Users/tarpanmishra/Desktop/Squat More/Labeled_Dataset/videos/36497_2.mp4,train,"annotation_sheet_A.csv / _B.csv: severity_0_to_3, usable_yes_no, knees_forward_at_s, notes",
1_severity,236,51,36810_1,/Users/tarpanmishra/Desktop/Squat More/Labeled_Dataset/videos/36810_1.mp4,train,"annotation_sheet_A.csv / _B.csv: severity_0_to_3, usable_yes_no, knees_forward_at_s, notes",
1_severity,237,7,36584_1,/Users/tarpanmishra/Desktop/Squat More/Labeled_Dataset/videos/36584_1.mp4,train,"annotation_sheet_A.csv / _B.csv: severity_0_to_3, usable_yes_no, knees_forward_at_s, notes",
1_severity,238,223,37597_3,/Users/tarpanmishra/Desktop/Squat More/Labeled_Dataset/videos/37597_3.mp4,train,"annotation_sheet_A.csv / _B.csv: severity_0_to_3, usable_yes_no, knees_forward_at_s, notes",
1_severity,239,98,36035_2,/Users/tarpanmishra/Desktop/Squat More/Labeled_Dataset/videos/36035_2.mp4,test,"annotation_sheet_A.csv / _B.csv: severity_0_to_3, usable_yes_no, knees_forward_at_s, notes",
1_severity,240,133,49565_5,/Users/tarpanmishra/Desktop/Squat More/Labeled_Dataset/videos/49565_5.mp4,test,"annotation_sheet_A.csv / _B.csv: severity_0_to_3, usable_yes_no, knees_forward_at_s, notes",
1_severity,241,140,33322_3,/Users/tarpanmishra/Desktop/Squat More/Labeled_Dataset/videos/33322_3.mp4,test,"annotation_sheet_A.csv / _B.csv: severity_0_to_3, usable_yes_no, knees_forward_at_s, notes",
1_severity,242,357,36264_2,/Users/tarpanmishra/Desktop/Squat More/Labeled_Dataset/videos/36264_2.mp4,train,"annotation_sheet_A.csv / _B.csv: severity_0_to_3, usable_yes_no, knees_forward_at_s, notes",
1_severity,243,476,49234_2,/Users/tarpanmishra/Desktop/Squat More/Labeled_Dataset/videos/49234_2.mp4,test,"annotation_sheet_A.csv / _B.csv: severity_0_to_3, usable_yes_no, knees_forward_at_s, notes",
1_severity,244,425,48263_10,/Users/tarpanmishra/Desktop/Squat More/Labeled_Dataset/videos/48263_10.mp4,train,"annotation_sheet_A.csv / _B.csv: severity_0_to_3, usable_yes_no, knees_forward_at_s, notes",
1_severity,245,125,37958_1,/Users/tarpanmishra/Desktop/Squat More/Labeled_Dataset/videos/37958_1.mp4,train,"annotation_sheet_A.csv / _B.csv: severity_0_to_3, usable_yes_no, knees_forward_at_s, notes",
1_severity,246,76,46507_2,/Users/tarpanmishra/Desktop/Squat More/Labeled_Dataset/videos/46507_2.mp4,train,"annotation_sheet_A.csv / _B.csv: severity_0_to_3, usable_yes_no, knees_forward_at_s, notes",
1_severity,247,95,36880_1,/Users/tarpanmishra/Desktop/Squat More/Labeled_Dataset/videos/36880_1.mp4,train,"annotation_sheet_A.csv / _B.csv: severity_0_to_3, usable_yes_no, knees_forward_at_s, notes",
1_severity,248,183,50174_1,/Users/tarpanmishra/Desktop/Squat More/Labeled_Dataset/videos/50174_1.mp4,test,"annotation_sheet_A.csv / _B.csv: severity_0_to_3, usable_yes_no, knees_forward_at_s, notes",
1_severity,249,188,33468_2,/Users/tarpanmishra/Desktop/Squat More/Labeled_Dataset/videos/33468_2.mp4,train,"annotation_sheet_A.csv / _B.csv: severity_0_to_3, usable_yes_no, knees_forward_at_s, notes",
1_severity,250,461,49586_3,/Users/tarpanmishra/Desktop/Squat More/Labeled_Dataset/videos/49586_3.mp4,train,"annotation_sheet_A.csv / _B.csv: severity_0_to_3, usable_yes_no, knees_forward_at_s, notes",
1_severity,251,309,50280_3,/Users/tarpanmishra/Desktop/Squat More/Labeled_Dataset/videos/50280_3.mp4,train,"annotation_sheet_A.csv / _B.csv: severity_0_to_3, usable_yes_no, knees_forward_at_s, notes",
1_severity,252,150,33725_2,/Users/tarpanmishra/Desktop/Squat More/Labeled_Dataset/videos/33725_2.mp4,test,"annotation_sheet_A.csv / _B.csv: severity_0_to_3, usable_yes_no, knees_forward_at_s, notes",
1_severity,253,258,48727_8,/Users/tarpanmishra/Desktop/Squat More/Labeled_Dataset/videos/48727_8.mp4,test,"annotation_sheet_A.csv / _B.csv: severity_0_to_3, usable_yes_no, knees_forward_at_s, notes",
1_severity,254,86,37662_2,/Users/tarpanmishra/Desktop/Squat More/Labeled_Dataset/videos/37662_2.mp4,train,"annotation_sheet_A.csv / _B.csv: severity_0_to_3, usable_yes_no, knees_forward_at_s, notes",
1_severity,255,127,47703_2,/Users/tarpanmishra/Desktop/Squat More/Labeled_Dataset/videos/47703_2.mp4,train,"annotation_sheet_A.csv / _B.csv: severity_0_to_3, usable_yes_no, knees_forward_at_s, notes",
1_severity,256,470,49133_2,/Users/tarpanmishra/Desktop/Squat More/Labeled_Dataset/videos/49133_2.mp4,train,"annotation_sheet_A.csv / _B.csv: severity_0_to_3, usable_yes_no, knees_forward_at_s, notes",
1_severity,257,245,36236_2,/Users/tarpanmishra/Desktop/Squat More/Labeled_Dataset/videos/36236_2.mp4,train,"annotation_sheet_A.csv / _B.csv: severity_0_to_3, usable_yes_no, knees_forward_at_s, notes",
1_severity,258,343,36434_2,/Users/tarpanmishra/Desktop/Squat More/Labeled_Dataset/videos/36434_2.mp4,train,"annotation_sheet_A.csv / _B.csv: severity_0_to_3, usable_yes_no, knees_forward_at_s, notes",
1_severity,259,427,47942_2,/Users/tarpanmishra/Desktop/Squat More/Labeled_Dataset/videos/47942_2.mp4,train,"annotation_sheet_A.csv / _B.csv: severity_0_to_3, usable_yes_no, knees_forward_at_s, notes",
1_severity,260,386,47054_1,/Users/tarpanmishra/Desktop/Squat More/Labeled_Dataset/videos/47054_1.mp4,train,"annotation_sheet_A.csv / _B.csv: severity_0_to_3, usable_yes_no, knees_forward_at_s, notes",
1_severity,261,307,50870_2,/Users/tarpanmishra/Desktop/Squat More/Labeled_Dataset/videos/50870_2.mp4,train,"annotation_sheet_A.csv / _B.csv: severity_0_to_3, usable_yes_no, knees_forward_at_s, notes",
1_severity,262,274,50816_3,/Users/tarpanmishra/Desktop/Squat More/Labeled_Dataset/videos/50816_3.mp4,train,"annotation_sheet_A.csv / _B.csv: severity_0_to_3, usable_yes_no, knees_forward_at_s, notes",
1_severity,263,323,37362_7,/Users/tarpanmishra/Desktop/Squat More/Labeled_Dataset/videos/37362_7.mp4,train,"annotation_sheet_A.csv / _B.csv: severity_0_to_3, usable_yes_no, knees_forward_at_s, notes",
1_severity,264,90,49957_1,/Users/tarpanmishra/Desktop/Squat More/Labeled_Dataset/videos/49957_1.mp4,train,"annotation_sheet_A.csv / _B.csv: severity_0_to_3, usable_yes_no, knees_forward_at_s, notes",
1_severity,265,228,37723_2,/Users/tarpanmishra/Desktop/Squat More/Labeled_Dataset/videos/37723_2.mp4,test,"annotation_sheet_A.csv / _B.csv: severity_0_to_3, usable_yes_no, knees_forward_at_s, notes",
1_severity,266,443,33594_1,/Users/tarpanmishra/Desktop/Squat More/Labeled_Dataset/videos/33594_1.mp4,train,"annotation_sheet_A.csv / _B.csv: severity_0_to_3, usable_yes_no, knees_forward_at_s, notes",
1_severity,267,122,47223_1,/Users/tarpanmishra/Desktop/Squat More/Labeled_Dataset/videos/47223_1.mp4,test,"annotation_sheet_A.csv / _B.csv: severity_0_to_3, usable_yes_no, knees_forward_at_s, notes",
1_severity,268,126,33316_1,/Users/tarpanmishra/Desktop/Squat More/Labeled_Dataset/videos/33316_1.mp4,test,"annotation_sheet_A.csv / _B.csv: severity_0_to_3, usable_yes_no, knees_forward_at_s, notes",
1_severity,269,399,47535_3,/Users/tarpanmishra/Desktop/Squat More/Labeled_Dataset/videos/47535_3.mp4,test,"annotation_sheet_A.csv / _B.csv: severity_0_to_3, usable_yes_no, knees_forward_at_s, notes",
1_severity,270,415,48001_1,/Users/tarpanmishra/Desktop/Squat More/Labeled_Dataset/videos/48001_1.mp4,train,"annotation_sheet_A.csv / _B.csv: severity_0_to_3, usable_yes_no, knees_forward_at_s, notes",
1_severity,271,217,37596_1,/Users/tarpanmishra/Desktop/Squat More/Labeled_Dataset/videos/37596_1.mp4,test,"annotation_sheet_A.csv / _B.csv: severity_0_to_3, usable_yes_no, knees_forward_at_s, notes",
1_severity,272,464,49857_1,/Users/tarpanmishra/Desktop/Squat More/Labeled_Dataset/videos/49857_1.mp4,test,"annotation_sheet_A.csv / _B.csv: severity_0_to_3, usable_yes_no, knees_forward_at_s, notes",
1_severity,273,100,36093_1,/Users/tarpanmishra/Desktop/Squat More/Labeled_Dataset/videos/36093_1.mp4,train,"annotation_sheet_A.csv / _B.csv: severity_0_to_3, usable_yes_no, knees_forward_at_s, notes",
1_severity,274,465,36292_2,/Users/tarpanmishra/Desktop/Squat More/Labeled_Dataset/videos/36292_2.mp4,test,"annotation_sheet_A.csv / _B.csv: severity_0_to_3, usable_yes_no, knees_forward_at_s, notes",
1_severity,275,355,50343_1,/Users/tarpanmishra/Desktop/Squat More/Labeled_Dataset/videos/50343_1.mp4,train,"annotation_sheet_A.csv / _B.csv: severity_0_to_3, usable_yes_no, knees_forward_at_s, notes",
1_severity,276,85,37859_4,/Users/tarpanmishra/Desktop/Squat More/Labeled_Dataset/videos/37859_4.mp4,train,"annotation_sheet_A.csv / _B.csv: severity_0_to_3, usable_yes_no, knees_forward_at_s, notes",
1_severity,277,404,47134_8,/Users/tarpanmishra/Desktop/Squat More/Labeled_Dataset/videos/47134_8.mp4,train,"annotation_sheet_A.csv / _B.csv: severity_0_to_3, usable_yes_no, knees_forward_at_s, notes",
1_severity,278,24,36599_2,/Users/tarpanmishra/Desktop/Squat More/Labeled_Dataset/videos/36599_2.mp4,test,"annotation_sheet_A.csv / _B.csv: severity_0_to_3, usable_yes_no, knees_forward_at_s, notes",
1_severity,279,434,33793_6,/Users/tarpanmishra/Desktop/Squat More/Labeled_Dataset/videos/33793_6.mp4,test,"annotation_sheet_A.csv / _B.csv: severity_0_to_3, usable_yes_no, knees_forward_at_s, notes",
1_severity,280,15,47750_4,/Users/tarpanmishra/Desktop/Squat More/Labeled_Dataset/videos/47750_4.mp4,test,"annotation_sheet_A.csv / _B.csv: severity_0_to_3, usable_yes_no, knees_forward_at_s, notes",
1_severity,281,400,46081_1,/Users/tarpanmishra/Desktop/Squat More/Labeled_Dataset/videos/46081_1.mp4,train,"annotation_sheet_A.csv / _B.csv: severity_0_to_3, usable_yes_no, knees_forward_at_s, notes",
1_severity,282,314,47910_3,/Users/tarpanmishra/Desktop/Squat More/Labeled_Dataset/videos/47910_3.mp4,test,"annotation_sheet_A.csv / _B.csv: severity_0_to_3, usable_yes_no, knees_forward_at_s, notes",
1_severity,283,413,37741_1,/Users/tarpanmishra/Desktop/Squat More/Labeled_Dataset/videos/37741_1.mp4,test,"annotation_sheet_A.csv / _B.csv: severity_0_to_3, usable_yes_no, knees_forward_at_s, notes",
1_severity,284,414,33245_2,/Users/tarpanmishra/Desktop/Squat More/Labeled_Dataset/videos/33245_2.mp4,train,"annotation_sheet_A.csv / _B.csv: severity_0_to_3, usable_yes_no, knees_forward_at_s, notes",
1_severity,285,319,37376_2,/Users/tarpanmishra/Desktop/Squat More/Labeled_Dataset/videos/37376_2.mp4,test,"annotation_sheet_A.csv / _B.csv: severity_0_to_3, usable_yes_no, knees_forward_at_s, notes",
1_severity,286,29,49017_2,/Users/tarpanmishra/Desktop/Squat More/Labeled_Dataset/videos/49017_2.mp4,train,"annotation_sheet_A.csv / _B.csv: severity_0_to_3, usable_yes_no, knees_forward_at_s, notes",
1_severity,287,376,46082_4,/Users/tarpanmishra/Desktop/Squat More/Labeled_Dataset/videos/46082_4.mp4,train,"annotation_sheet_A.csv / _B.csv: severity_0_to_3, usable_yes_no, knees_forward_at_s, notes",
1_severity,288,66,49408_1,/Users/tarpanmishra/Desktop/Squat More/Labeled_Dataset/videos/49408_1.mp4,test,"annotation_sheet_A.csv / _B.csv: severity_0_to_3, usable_yes_no, knees_forward_at_s, notes",
1_severity,289,421,49646_5,/Users/tarpanmishra/Desktop/Squat More/Labeled_Dataset/videos/49646_5.mp4,test,"annotation_sheet_A.csv / _B.csv: severity_0_to_3, usable_yes_no, knees_forward_at_s, notes",
1_severity,290,491,36963_1,/Users/tarpanmishra/Desktop/Squat More/Labeled_Dataset/videos/36963_1.mp4,test,"annotation_sheet_A.csv / _B.csv: severity_0_to_3, usable_yes_no, knees_forward_at_s, notes",
1_severity,291,80,47931_1,/Users/tarpanmishra/Desktop/Squat More/Labeled_Dataset/videos/47931_1.mp4,train,"annotation_sheet_A.csv / _B.csv: severity_0_to_3, usable_yes_no, knees_forward_at_s, notes",
1_severity,292,83,49712_1,/Users/tarpanmishra/Desktop/Squat More/Labeled_Dataset/videos/49712_1.mp4,train,"annotation_sheet_A.csv / _B.csv: severity_0_to_3, usable_yes_no, knees_forward_at_s, notes",
1_severity,293,398,33348_2,/Users/tarpanmishra/Desktop/Squat More/Labeled_Dataset/videos/33348_2.mp4,test,"annotation_sheet_A.csv / _B.csv: severity_0_to_3, usable_yes_no, knees_forward_at_s, notes",
1_severity,294,293,47869_3,/Users/tarpanmishra/Desktop/Squat More/Labeled_Dataset/videos/47869_3.mp4,train,"annotation_sheet_A.csv / _B.csv: severity_0_to_3, usable_yes_no, knees_forward_at_s, notes",
1_severity,295,130,46506_5,/Users/tarpanmishra/Desktop/Squat More/Labeled_Dataset/videos/46506_5.mp4,train,"annotation_sheet_A.csv / _B.csv: severity_0_to_3, usable_yes_no, knees_forward_at_s, notes",
1_severity,296,313,46367_1,/Users/tarpanmishra/Desktop/Squat More/Labeled_Dataset/videos/46367_1.mp4,train,"annotation_sheet_A.csv / _B.csv: severity_0_to_3, usable_yes_no, knees_forward_at_s, notes",
1_severity,297,27,46896_3,/Users/tarpanmishra/Desktop/Squat More/Labeled_Dataset/videos/46896_3.mp4,test,"annotation_sheet_A.csv / _B.csv: severity_0_to_3, usable_yes_no, knees_forward_at_s, notes",
1_severity,298,165,49161_1,/Users/tarpanmishra/Desktop/Squat More/Labeled_Dataset/videos/49161_1.mp4,train,"annotation_sheet_A.csv / _B.csv: severity_0_to_3, usable_yes_no, knees_forward_at_s, notes",
1_severity,299,265,33860_3,/Users/tarpanmishra/Desktop/Squat More/Labeled_Dataset/videos/33860_3.mp4,train,"annotation_sheet_A.csv / _B.csv: severity_0_to_3, usable_yes_no, knees_forward_at_s, notes",
1_severity,300,39,48144_3,/Users/tarpanmishra/Desktop/Squat More/Labeled_Dataset/videos/48144_3.mp4,train,"annotation_sheet_A.csv / _B.csv: severity_0_to_3, usable_yes_no, knees_forward_at_s, notes",
1_severity,301,152,50242_3,/Users/tarpanmishra/Desktop/Squat More/Labeled_Dataset/videos/50242_3.mp4,train,"annotation_sheet_A.csv / _B.csv: severity_0_to_3, usable_yes_no, knees_forward_at_s, notes",
1_severity,302,424,49532_1,/Users/tarpanmishra/Desktop/Squat More/Labeled_Dataset/videos/49532_1.mp4,train,"annotation_sheet_A.csv / _B.csv: severity_0_to_3, usable_yes_no, knees_forward_at_s, notes",
1_severity,303,361,33229_2,/Users/tarpanmishra/Desktop/Squat More/Labeled_Dataset/videos/33229_2.mp4,test,"annotation_sheet_A.csv / _B.csv: severity_0_to_3, usable_yes_no, knees_forward_at_s, notes",
1_severity,304,207,48143_1,/Users/tarpanmishra/Desktop/Squat More/Labeled_Dataset/videos/48143_1.mp4,test,"annotation_sheet_A.csv / _B.csv: severity_0_to_3, usable_yes_no, knees_forward_at_s, notes",
1_severity,305,149,37936_1,/Users/tarpanmishra/Desktop/Squat More/Labeled_Dataset/videos/37936_1.mp4,test,"annotation_sheet_A.csv / _B.csv: severity_0_to_3, usable_yes_no, knees_forward_at_s, notes",
1_severity,306,269,33096_3,/Users/tarpanmishra/Desktop/Squat More/Labeled_Dataset/videos/33096_3.mp4,train,"annotation_sheet_A.csv / _B.csv: severity_0_to_3, usable_yes_no, knees_forward_at_s, notes",
1_severity,307,287,36915_5,/Users/tarpanmishra/Desktop/Squat More/Labeled_Dataset/videos/36915_5.mp4,train,"annotation_sheet_A.csv / _B.csv: severity_0_to_3, usable_yes_no, knees_forward_at_s, notes",
1_severity,308,440,37278_3,/Users/tarpanmishra/Desktop/Squat More/Labeled_Dataset/videos/37278_3.mp4,test,"annotation_sheet_A.csv / _B.csv: severity_0_to_3, usable_yes_no, knees_forward_at_s, notes",
1_severity,309,286,47523_1,/Users/tarpanmishra/Desktop/Squat More/Labeled_Dataset/videos/47523_1.mp4,test,"annotation_sheet_A.csv / _B.csv: severity_0_to_3, usable_yes_no, knees_forward_at_s, notes",
1_severity,310,349,48445_1,/Users/tarpanmishra/Desktop/Squat More/Labeled_Dataset/videos/48445_1.mp4,test,"annotation_sheet_A.csv / _B.csv: severity_0_to_3, usable_yes_no, knees_forward_at_s, notes",
1_severity,311,41,50471_3,/Users/tarpanmishra/Desktop/Squat More/Labeled_Dataset/videos/50471_3.mp4,train,"annotation_sheet_A.csv / _B.csv: severity_0_to_3, usable_yes_no, knees_forward_at_s, notes",
1_severity,312,252,46217_1,/Users/tarpanmishra/Desktop/Squat More/Labeled_Dataset/videos/46217_1.mp4,train,"annotation_sheet_A.csv / _B.csv: severity_0_to_3, usable_yes_no, knees_forward_at_s, notes",
1_severity,313,459,36911_2,/Users/tarpanmishra/Desktop/Squat More/Labeled_Dataset/videos/36911_2.mp4,test,"annotation_sheet_A.csv / _B.csv: severity_0_to_3, usable_yes_no, knees_forward_at_s, notes",
1_severity,314,308,37478_3,/Users/tarpanmishra/Desktop/Squat More/Labeled_Dataset/videos/37478_3.mp4,train,"annotation_sheet_A.csv / _B.csv: severity_0_to_3, usable_yes_no, knees_forward_at_s, notes",
1_severity,315,316,32995_3,/Users/tarpanmishra/Desktop/Squat More/Labeled_Dataset/videos/32995_3.mp4,train,"annotation_sheet_A.csv / _B.csv: severity_0_to_3, usable_yes_no, knees_forward_at_s, notes",
1_severity,316,458,37137_1,/Users/tarpanmishra/Desktop/Squat More/Labeled_Dataset/videos/37137_1.mp4,train,"annotation_sheet_A.csv / _B.csv: severity_0_to_3, usable_yes_no, knees_forward_at_s, notes",
1_severity,317,215,50278_1,/Users/tarpanmishra/Desktop/Squat More/Labeled_Dataset/videos/50278_1.mp4,train,"annotation_sheet_A.csv / _B.csv: severity_0_to_3, usable_yes_no, knees_forward_at_s, notes",
1_severity,318,344,33843_1,/Users/tarpanmishra/Desktop/Squat More/Labeled_Dataset/videos/33843_1.mp4,train,"annotation_sheet_A.csv / _B.csv: severity_0_to_3, usable_yes_no, knees_forward_at_s, notes",
1_severity,319,162,33503_2,/Users/tarpanmishra/Desktop/Squat More/Labeled_Dataset/videos/33503_2.mp4,test,"annotation_sheet_A.csv / _B.csv: severity_0_to_3, usable_yes_no, knees_forward_at_s, notes",
1_severity,320,137,33555_5,/Users/tarpanmishra/Desktop/Squat More/Labeled_Dataset/videos/33555_5.mp4,test,"annotation_sheet_A.csv / _B.csv: severity_0_to_3, usable_yes_no, knees_forward_at_s, notes",
1_severity,321,235,47544_2,/Users/tarpanmishra/Desktop/Squat More/Labeled_Dataset/videos/47544_2.mp4,train,"annotation_sheet_A.csv / _B.csv: severity_0_to_3, usable_yes_no, knees_forward_at_s, notes",
1_severity,322,474,50751_1,/Users/tarpanmishra/Desktop/Squat More/Labeled_Dataset/videos/50751_1.mp4,train,"annotation_sheet_A.csv / _B.csv: severity_0_to_3, usable_yes_no, knees_forward_at_s, notes",
1_severity,323,268,36360_2,/Users/tarpanmishra/Desktop/Squat More/Labeled_Dataset/videos/36360_2.mp4,train,"annotation_sheet_A.csv / _B.csv: severity_0_to_3, usable_yes_no, knees_forward_at_s, notes",
1_severity,324,120,47940_1,/Users/tarpanmishra/Desktop/Squat More/Labeled_Dataset/videos/47940_1.mp4,train,"annotation_sheet_A.csv / _B.csv: severity_0_to_3, usable_yes_no, knees_forward_at_s, notes",
1_severity,325,93,47194_1,/Users/tarpanmishra/Desktop/Squat More/Labeled_Dataset/videos/47194_1.mp4,train,"annotation_sheet_A.csv / _B.csv: severity_0_to_3, usable_yes_no, knees_forward_at_s, notes",
1_severity,326,488,47537_2,/Users/tarpanmishra/Desktop/Squat More/Labeled_Dataset/videos/47537_2.mp4,test,"annotation_sheet_A.csv / _B.csv: severity_0_to_3, usable_yes_no, knees_forward_at_s, notes",
1_severity,327,38,36351_11,/Users/tarpanmishra/Desktop/Squat More/Labeled_Dataset/videos/36351_11.mp4,train,"annotation_sheet_A.csv / _B.csv: severity_0_to_3, usable_yes_no, knees_forward_at_s, notes",
1_severity,328,224,33608_4,/Users/tarpanmishra/Desktop/Squat More/Labeled_Dataset/videos/33608_4.mp4,train,"annotation_sheet_A.csv / _B.csv: severity_0_to_3, usable_yes_no, knees_forward_at_s, notes",
1_severity,329,56,47459_1,/Users/tarpanmishra/Desktop/Squat More/Labeled_Dataset/videos/47459_1.mp4,test,"annotation_sheet_A.csv / _B.csv: severity_0_to_3, usable_yes_no, knees_forward_at_s, notes",
1_severity,330,61,48367_1,/Users/tarpanmishra/Desktop/Squat More/Labeled_Dataset/videos/48367_1.mp4,train,"annotation_sheet_A.csv / _B.csv: severity_0_to_3, usable_yes_no, knees_forward_at_s, notes",
1_severity,331,447,50002_2,/Users/tarpanmishra/Desktop/Squat More/Labeled_Dataset/videos/50002_2.mp4,test,"annotation_sheet_A.csv / _B.csv: severity_0_to_3, usable_yes_no, knees_forward_at_s, notes",
1_severity,332,208,47534_1,/Users/tarpanmishra/Desktop/Squat More/Labeled_Dataset/videos/47534_1.mp4,test,"annotation_sheet_A.csv / _B.csv: severity_0_to_3, usable_yes_no, knees_forward_at_s, notes",
1_severity,333,339,49197_1,/Users/tarpanmishra/Desktop/Squat More/Labeled_Dataset/videos/49197_1.mp4,test,"annotation_sheet_A.csv / _B.csv: severity_0_to_3, usable_yes_no, knees_forward_at_s, notes",
1_severity,334,412,47658_6,/Users/tarpanmishra/Desktop/Squat More/Labeled_Dataset/videos/47658_6.mp4,test,"annotation_sheet_A.csv / _B.csv: severity_0_to_3, usable_yes_no, knees_forward_at_s, notes",
1_severity,335,312,49155_2,/Users/tarpanmishra/Desktop/Squat More/Labeled_Dataset/videos/49155_2.mp4,train,"annotation_sheet_A.csv / _B.csv: severity_0_to_3, usable_yes_no, knees_forward_at_s, notes",
1_severity,336,441,46571_3,/Users/tarpanmishra/Desktop/Squat More/Labeled_Dataset/videos/46571_3.mp4,test,"annotation_sheet_A.csv / _B.csv: severity_0_to_3, usable_yes_no, knees_forward_at_s, notes",
1_severity,337,371,46424_5,/Users/tarpanmishra/Desktop/Squat More/Labeled_Dataset/videos/46424_5.mp4,test,"annotation_sheet_A.csv / _B.csv: severity_0_to_3, usable_yes_no, knees_forward_at_s, notes",
1_severity,338,144,36325_1,/Users/tarpanmishra/Desktop/Squat More/Labeled_Dataset/videos/36325_1.mp4,train,"annotation_sheet_A.csv / _B.csv: severity_0_to_3, usable_yes_no, knees_forward_at_s, notes",
1_severity,339,209,47315_4,/Users/tarpanmishra/Desktop/Squat More/Labeled_Dataset/videos/47315_4.mp4,train,"annotation_sheet_A.csv / _B.csv: severity_0_to_3, usable_yes_no, knees_forward_at_s, notes",
1_severity,340,267,33966_2,/Users/tarpanmishra/Desktop/Squat More/Labeled_Dataset/videos/33966_2.mp4,test,"annotation_sheet_A.csv / _B.csv: severity_0_to_3, usable_yes_no, knees_forward_at_s, notes",
1_severity,341,406,50122_2,/Users/tarpanmishra/Desktop/Squat More/Labeled_Dataset/videos/50122_2.mp4,test,"annotation_sheet_A.csv / _B.csv: severity_0_to_3, usable_yes_no, knees_forward_at_s, notes",
1_severity,342,255,33891_1,/Users/tarpanmishra/Desktop/Squat More/Labeled_Dataset/videos/33891_1.mp4,train,"annotation_sheet_A.csv / _B.csv: severity_0_to_3, usable_yes_no, knees_forward_at_s, notes",
1_severity,343,134,49618_2,/Users/tarpanmishra/Desktop/Squat More/Labeled_Dataset/videos/49618_2.mp4,test,"annotation_sheet_A.csv / _B.csv: severity_0_to_3, usable_yes_no, knees_forward_at_s, notes",
1_severity,344,496,37664_2,/Users/tarpanmishra/Desktop/Squat More/Labeled_Dataset/videos/37664_2.mp4,train,"annotation_sheet_A.csv / _B.csv: severity_0_to_3, usable_yes_no, knees_forward_at_s, notes",
1_severity,345,449,49980_1,/Users/tarpanmishra/Desktop/Squat More/Labeled_Dataset/videos/49980_1.mp4,train,"annotation_sheet_A.csv / _B.csv: severity_0_to_3, usable_yes_no, knees_forward_at_s, notes",
1_severity,346,201,47559_3,/Users/tarpanmishra/Desktop/Squat More/Labeled_Dataset/videos/47559_3.mp4,train,"annotation_sheet_A.csv / _B.csv: severity_0_to_3, usable_yes_no, knees_forward_at_s, notes",
1_severity,347,99,48394_1,/Users/tarpanmishra/Desktop/Squat More/Labeled_Dataset/videos/48394_1.mp4,test,"annotation_sheet_A.csv / _B.csv: severity_0_to_3, usable_yes_no, knees_forward_at_s, notes",
1_severity,348,337,37206_3,/Users/tarpanmishra/Desktop/Squat More/Labeled_Dataset/videos/37206_3.mp4,train,"annotation_sheet_A.csv / _B.csv: severity_0_to_3, usable_yes_no, knees_forward_at_s, notes",
1_severity,349,345,49947_1,/Users/tarpanmishra/Desktop/Squat More/Labeled_Dataset/videos/49947_1.mp4,train,"annotation_sheet_A.csv / _B.csv: severity_0_to_3, usable_yes_no, knees_forward_at_s, notes",
1_severity,350,113,46648_1,/Users/tarpanmishra/Desktop/Squat More/Labeled_Dataset/videos/46648_1.mp4,test,"annotation_sheet_A.csv / _B.csv: severity_0_to_3, usable_yes_no, knees_forward_at_s, notes",
1_severity,351,471,37135_3,/Users/tarpanmishra/Desktop/Squat More/Labeled_Dataset/videos/37135_3.mp4,train,"annotation_sheet_A.csv / _B.csv: severity_0_to_3, usable_yes_no, knees_forward_at_s, notes",
1_severity,352,146,37756_1,/Users/tarpanmishra/Desktop/Squat More/Labeled_Dataset/videos/37756_1.mp4,train,"annotation_sheet_A.csv / _B.csv: severity_0_to_3, usable_yes_no, knees_forward_at_s, notes",
1_severity,353,46,47205_2,/Users/tarpanmishra/Desktop/Squat More/Labeled_Dataset/videos/47205_2.mp4,test,"annotation_sheet_A.csv / _B.csv: severity_0_to_3, usable_yes_no, knees_forward_at_s, notes",
1_severity,354,8,36654_1,/Users/tarpanmishra/Desktop/Squat More/Labeled_Dataset/videos/36654_1.mp4,test,"annotation_sheet_A.csv / _B.csv: severity_0_to_3, usable_yes_no, knees_forward_at_s, notes",
1_severity,355,448,33663_3,/Users/tarpanmishra/Desktop/Squat More/Labeled_Dataset/videos/33663_3.mp4,test,"annotation_sheet_A.csv / _B.csv: severity_0_to_3, usable_yes_no, knees_forward_at_s, notes",
1_severity,356,1,50218_1,/Users/tarpanmishra/Desktop/Squat More/Labeled_Dataset/videos/50218_1.mp4,train,"annotation_sheet_A.csv / _B.csv: severity_0_to_3, usable_yes_no, knees_forward_at_s, notes",
1_severity,357,446,37508_2,/Users/tarpanmishra/Desktop/Squat More/Labeled_Dataset/videos/37508_2.mp4,train,"annotation_sheet_A.csv / _B.csv: severity_0_to_3, usable_yes_no, knees_forward_at_s, notes",
1_severity,358,384,49921_3,/Users/tarpanmishra/Desktop/Squat More/Labeled_Dataset/videos/49921_3.mp4,test,"annotation_sheet_A.csv / _B.csv: severity_0_to_3, usable_yes_no, knees_forward_at_s, notes",
1_severity,359,410,33532_1,/Users/tarpanmishra/Desktop/Squat More/Labeled_Dataset/videos/33532_1.mp4,train,"annotation_sheet_A.csv / _B.csv: severity_0_to_3, usable_yes_no, knees_forward_at_s, notes",
1_severity,360,493,50796_3,/Users/tarpanmishra/Desktop/Squat More/Labeled_Dataset/videos/50796_3.mp4,train,"annotation_sheet_A.csv / _B.csv: severity_0_to_3, usable_yes_no, knees_forward_at_s, notes",
1_severity,361,439,48375_3,/Users/tarpanmishra/Desktop/Squat More/Labeled_Dataset/videos/48375_3.mp4,test,"annotation_sheet_A.csv / _B.csv: severity_0_to_3, usable_yes_no, knees_forward_at_s, notes",
1_severity,362,241,50370_3,/Users/tarpanmishra/Desktop/Squat More/Labeled_Dataset/videos/50370_3.mp4,train,"annotation_sheet_A.csv / _B.csv: severity_0_to_3, usable_yes_no, knees_forward_at_s, notes",
1_severity,363,257,37300_6,/Users/tarpanmishra/Desktop/Squat More/Labeled_Dataset/videos/37300_6.mp4,train,"annotation_sheet_A.csv / _B.csv: severity_0_to_3, usable_yes_no, knees_forward_at_s, notes",
1_severity,364,11,36975_1,/Users/tarpanmishra/Desktop/Squat More/Labeled_Dataset/videos/36975_1.mp4,test,"annotation_sheet_A.csv / _B.csv: severity_0_to_3, usable_yes_no, knees_forward_at_s, notes",
1_severity,365,74,49833_11,/Users/tarpanmishra/Desktop/Squat More/Labeled_Dataset/videos/49833_11.mp4,test,"annotation_sheet_A.csv / _B.csv: severity_0_to_3, usable_yes_no, knees_forward_at_s, notes",
1_severity,366,273,33387_1,/Users/tarpanmishra/Desktop/Squat More/Labeled_Dataset/videos/33387_1.mp4,test,"annotation_sheet_A.csv / _B.csv: severity_0_to_3, usable_yes_no, knees_forward_at_s, notes",
1_severity,367,189,36614_10,/Users/tarpanmishra/Desktop/Squat More/Labeled_Dataset/videos/36614_10.mp4,train,"annotation_sheet_A.csv / _B.csv: severity_0_to_3, usable_yes_no, knees_forward_at_s, notes",
1_severity,368,45,46655_1,/Users/tarpanmishra/Desktop/Squat More/Labeled_Dataset/videos/46655_1.mp4,train,"annotation_sheet_A.csv / _B.csv: severity_0_to_3, usable_yes_no, knees_forward_at_s, notes",
1_severity,369,178,46856_1,/Users/tarpanmishra/Desktop/Squat More/Labeled_Dataset/videos/46856_1.mp4,train,"annotation_sheet_A.csv / _B.csv: severity_0_to_3, usable_yes_no, knees_forward_at_s, notes",
1_severity,370,180,33088_1,/Users/tarpanmishra/Desktop/Squat More/Labeled_Dataset/videos/33088_1.mp4,test,"annotation_sheet_A.csv / _B.csv: severity_0_to_3, usable_yes_no, knees_forward_at_s, notes",
1_severity,371,283,37701_14,/Users/tarpanmishra/Desktop/Squat More/Labeled_Dataset/videos/37701_14.mp4,test,"annotation_sheet_A.csv / _B.csv: severity_0_to_3, usable_yes_no, knees_forward_at_s, notes",
1_severity,372,202,48074_1,/Users/tarpanmishra/Desktop/Squat More/Labeled_Dataset/videos/48074_1.mp4,train,"annotation_sheet_A.csv / _B.csv: severity_0_to_3, usable_yes_no, knees_forward_at_s, notes",
1_severity,373,47,48593_4,/Users/tarpanmishra/Desktop/Squat More/Labeled_Dataset/videos/48593_4.mp4,train,"annotation_sheet_A.csv / _B.csv: severity_0_to_3, usable_yes_no, knees_forward_at_s, notes",
1_severity,374,326,36506_1,/Users/tarpanmishra/Desktop/Squat More/Labeled_Dataset/videos/36506_1.mp4,train,"annotation_sheet_A.csv / _B.csv: severity_0_to_3, usable_yes_no, knees_forward_at_s, notes",
1_severity,375,18,33659_3,/Users/tarpanmishra/Desktop/Squat More/Labeled_Dataset/videos/33659_3.mp4,train,"annotation_sheet_A.csv / _B.csv: severity_0_to_3, usable_yes_no, knees_forward_at_s, notes",
1_severity,376,278,37619_2,/Users/tarpanmishra/Desktop/Squat More/Labeled_Dataset/videos/37619_2.mp4,train,"annotation_sheet_A.csv / _B.csv: severity_0_to_3, usable_yes_no, knees_forward_at_s, notes",
1_severity,377,469,46850_1,/Users/tarpanmishra/Desktop/Squat More/Labeled_Dataset/videos/46850_1.mp4,train,"annotation_sheet_A.csv / _B.csv: severity_0_to_3, usable_yes_no, knees_forward_at_s, notes",
1_severity,378,452,36865_3,/Users/tarpanmishra/Desktop/Squat More/Labeled_Dataset/videos/36865_3.mp4,test,"annotation_sheet_A.csv / _B.csv: severity_0_to_3, usable_yes_no, knees_forward_at_s, notes",
1_severity,379,266,49351_1,/Users/tarpanmishra/Desktop/Squat More/Labeled_Dataset/videos/49351_1.mp4,test,"annotation_sheet_A.csv / _B.csv: severity_0_to_3, usable_yes_no, knees_forward_at_s, notes",
1_severity,380,161,48744_1,/Users/tarpanmishra/Desktop/Squat More/Labeled_Dataset/videos/48744_1.mp4,train,"annotation_sheet_A.csv / _B.csv: severity_0_to_3, usable_yes_no, knees_forward_at_s, notes",
1_severity,381,391,47020_1,/Users/tarpanmishra/Desktop/Squat More/Labeled_Dataset/videos/47020_1.mp4,train,"annotation_sheet_A.csv / _B.csv: severity_0_to_3, usable_yes_no, knees_forward_at_s, notes",
1_severity,382,10,48802_1,/Users/tarpanmishra/Desktop/Squat More/Labeled_Dataset/videos/48802_1.mp4,train,"annotation_sheet_A.csv / _B.csv: severity_0_to_3, usable_yes_no, knees_forward_at_s, notes",
1_severity,383,236,46026_1,/Users/tarpanmishra/Desktop/Squat More/Labeled_Dataset/videos/46026_1.mp4,train,"annotation_sheet_A.csv / _B.csv: severity_0_to_3, usable_yes_no, knees_forward_at_s, notes",
1_severity,384,248,36585_1,/Users/tarpanmishra/Desktop/Squat More/Labeled_Dataset/videos/36585_1.mp4,test,"annotation_sheet_A.csv / _B.csv: severity_0_to_3, usable_yes_no, knees_forward_at_s, notes",
1_severity,385,365,47186_5,/Users/tarpanmishra/Desktop/Squat More/Labeled_Dataset/videos/47186_5.mp4,train,"annotation_sheet_A.csv / _B.csv: severity_0_to_3, usable_yes_no, knees_forward_at_s, notes",
1_severity,386,227,38035_1,/Users/tarpanmishra/Desktop/Squat More/Labeled_Dataset/videos/38035_1.mp4,train,"annotation_sheet_A.csv / _B.csv: severity_0_to_3, usable_yes_no, knees_forward_at_s, notes",
1_severity,387,466,50436_1,/Users/tarpanmishra/Desktop/Squat More/Labeled_Dataset/videos/50436_1.mp4,test,"annotation_sheet_A.csv / _B.csv: severity_0_to_3, usable_yes_no, knees_forward_at_s, notes",
1_severity,388,250,36544_1,/Users/tarpanmishra/Desktop/Squat More/Labeled_Dataset/videos/36544_1.mp4,test,"annotation_sheet_A.csv / _B.csv: severity_0_to_3, usable_yes_no, knees_forward_at_s, notes",
1_severity,389,49,47827_2,/Users/tarpanmishra/Desktop/Squat More/Labeled_Dataset/videos/47827_2.mp4,train,"annotation_sheet_A.csv / _B.csv: severity_0_to_3, usable_yes_no, knees_forward_at_s, notes",
1_severity,390,69,33051_1,/Users/tarpanmishra/Desktop/Squat More/Labeled_Dataset/videos/33051_1.mp4,train,"annotation_sheet_A.csv / _B.csv: severity_0_to_3, usable_yes_no, knees_forward_at_s, notes",
1_severity,391,374,37653_1,/Users/tarpanmishra/Desktop/Squat More/Labeled_Dataset/videos/37653_1.mp4,train,"annotation_sheet_A.csv / _B.csv: severity_0_to_3, usable_yes_no, knees_forward_at_s, notes",
1_severity,392,62,33775_3,/Users/tarpanmishra/Desktop/Squat More/Labeled_Dataset/videos/33775_3.mp4,test,"annotation_sheet_A.csv / _B.csv: severity_0_to_3, usable_yes_no, knees_forward_at_s, notes",
1_severity,393,387,48687_3,/Users/tarpanmishra/Desktop/Squat More/Labeled_Dataset/videos/48687_3.mp4,train,"annotation_sheet_A.csv / _B.csv: severity_0_to_3, usable_yes_no, knees_forward_at_s, notes",
1_severity,394,380,47619_1,/Users/tarpanmishra/Desktop/Squat More/Labeled_Dataset/videos/47619_1.mp4,train,"annotation_sheet_A.csv / _B.csv: severity_0_to_3, usable_yes_no, knees_forward_at_s, notes",
1_severity,395,315,50489_2,/Users/tarpanmishra/Desktop/Squat More/Labeled_Dataset/videos/50489_2.mp4,test,"annotation_sheet_A.csv / _B.csv: severity_0_to_3, usable_yes_no, knees_forward_at_s, notes",
1_severity,396,185,50591_1,/Users/tarpanmishra/Desktop/Squat More/Labeled_Dataset/videos/50591_1.mp4,train,"annotation_sheet_A.csv / _B.csv: severity_0_to_3, usable_yes_no, knees_forward_at_s, notes",
1_severity,397,87,50435_1,/Users/tarpanmishra/Desktop/Squat More/Labeled_Dataset/videos/50435_1.mp4,train,"annotation_sheet_A.csv / _B.csv: severity_0_to_3, usable_yes_no, knees_forward_at_s, notes",
1_severity,398,143,49191_4,/Users/tarpanmishra/Desktop/Squat More/Labeled_Dataset/videos/49191_4.mp4,test,"annotation_sheet_A.csv / _B.csv: severity_0_to_3, usable_yes_no, knees_forward_at_s, notes",
1_severity,399,179,36954_2,/Users/tarpanmishra/Desktop/Squat More/Labeled_Dataset/videos/36954_2.mp4,test,"annotation_sheet_A.csv / _B.csv: severity_0_to_3, usable_yes_no, knees_forward_at_s, notes",
1_severity,400,199,46482_2,/Users/tarpanmishra/Desktop/Squat More/Labeled_Dataset/videos/46482_2.mp4,train,"annotation_sheet_A.csv / _B.csv: severity_0_to_3, usable_yes_no, knees_forward_at_s, notes",
1_severity,401,101,33045_1,/Users/tarpanmishra/Desktop/Squat More/Labeled_Dataset/videos/33045_1.mp4,train,"annotation_sheet_A.csv / _B.csv: severity_0_to_3, usable_yes_no, knees_forward_at_s, notes",
1_severity,402,37,36275_2,/Users/tarpanmishra/Desktop/Squat More/Labeled_Dataset/videos/36275_2.mp4,test,"annotation_sheet_A.csv / _B.csv: severity_0_to_3, usable_yes_no, knees_forward_at_s, notes",
1_severity,403,395,46939_1,/Users/tarpanmishra/Desktop/Squat More/Labeled_Dataset/videos/46939_1.mp4,train,"annotation_sheet_A.csv / _B.csv: severity_0_to_3, usable_yes_no, knees_forward_at_s, notes",
1_severity,404,433,47117_1,/Users/tarpanmishra/Desktop/Squat More/Labeled_Dataset/videos/47117_1.mp4,train,"annotation_sheet_A.csv / _B.csv: severity_0_to_3, usable_yes_no, knees_forward_at_s, notes",
1_severity,405,92,48851_1,/Users/tarpanmishra/Desktop/Squat More/Labeled_Dataset/videos/48851_1.mp4,train,"annotation_sheet_A.csv / _B.csv: severity_0_to_3, usable_yes_no, knees_forward_at_s, notes",
1_severity,406,25,46230_1,/Users/tarpanmishra/Desktop/Squat More/Labeled_Dataset/videos/46230_1.mp4,train,"annotation_sheet_A.csv / _B.csv: severity_0_to_3, usable_yes_no, knees_forward_at_s, notes",
1_severity,407,34,50705_1,/Users/tarpanmishra/Desktop/Squat More/Labeled_Dataset/videos/50705_1.mp4,test,"annotation_sheet_A.csv / _B.csv: severity_0_to_3, usable_yes_no, knees_forward_at_s, notes",
1_severity,408,184,48549_6,/Users/tarpanmishra/Desktop/Squat More/Labeled_Dataset/videos/48549_6.mp4,test,"annotation_sheet_A.csv / _B.csv: severity_0_to_3, usable_yes_no, knees_forward_at_s, notes",
1_severity,409,472,47347_3,/Users/tarpanmishra/Desktop/Squat More/Labeled_Dataset/videos/47347_3.mp4,train,"annotation_sheet_A.csv / _B.csv: severity_0_to_3, usable_yes_no, knees_forward_at_s, notes",
1_severity,410,226,49456_4,/Users/tarpanmishra/Desktop/Squat More/Labeled_Dataset/videos/49456_4.mp4,train,"annotation_sheet_A.csv / _B.csv: severity_0_to_3, usable_yes_no, knees_forward_at_s, notes",
1_severity,411,297,49539_2,/Users/tarpanmishra/Desktop/Squat More/Labeled_Dataset/videos/49539_2.mp4,test,"annotation_sheet_A.csv / _B.csv: severity_0_to_3, usable_yes_no, knees_forward_at_s, notes",
1_severity,412,251,47279_1,/Users/tarpanmishra/Desktop/Squat More/Labeled_Dataset/videos/47279_1.mp4,train,"annotation_sheet_A.csv / _B.csv: severity_0_to_3, usable_yes_no, knees_forward_at_s, notes",
1_severity,413,222,36478_7,/Users/tarpanmishra/Desktop/Squat More/Labeled_Dataset/videos/36478_7.mp4,test,"annotation_sheet_A.csv / _B.csv: severity_0_to_3, usable_yes_no, knees_forward_at_s, notes",
1_severity,414,198,37108_11,/Users/tarpanmishra/Desktop/Squat More/Labeled_Dataset/videos/37108_11.mp4,test,"annotation_sheet_A.csv / _B.csv: severity_0_to_3, usable_yes_no, knees_forward_at_s, notes",
1_severity,415,275,46183_3,/Users/tarpanmishra/Desktop/Squat More/Labeled_Dataset/videos/46183_3.mp4,test,"annotation_sheet_A.csv / _B.csv: severity_0_to_3, usable_yes_no, knees_forward_at_s, notes",
1_severity,416,42,37093_3,/Users/tarpanmishra/Desktop/Squat More/Labeled_Dataset/videos/37093_3.mp4,train,"annotation_sheet_A.csv / _B.csv: severity_0_to_3, usable_yes_no, knees_forward_at_s, notes",
1_severity,417,321,48233_1,/Users/tarpanmishra/Desktop/Squat More/Labeled_Dataset/videos/48233_1.mp4,train,"annotation_sheet_A.csv / _B.csv: severity_0_to_3, usable_yes_no, knees_forward_at_s, notes",
1_severity,418,31,46627_3,/Users/tarpanmishra/Desktop/Squat More/Labeled_Dataset/videos/46627_3.mp4,train,"annotation_sheet_A.csv / _B.csv: severity_0_to_3, usable_yes_no, knees_forward_at_s, notes",
1_severity,419,299,33599_4,/Users/tarpanmishra/Desktop/Squat More/Labeled_Dataset/videos/33599_4.mp4,train,"annotation_sheet_A.csv / _B.csv: severity_0_to_3, usable_yes_no, knees_forward_at_s, notes",
1_severity,420,450,36233_1,/Users/tarpanmishra/Desktop/Squat More/Labeled_Dataset/videos/36233_1.mp4,train,"annotation_sheet_A.csv / _B.csv: severity_0_to_3, usable_yes_no, knees_forward_at_s, notes",
1_severity,421,57,49733_1,/Users/tarpanmishra/Desktop/Squat More/Labeled_Dataset/videos/49733_1.mp4,test,"annotation_sheet_A.csv / _B.csv: severity_0_to_3, usable_yes_no, knees_forward_at_s, notes",
1_severity,422,358,49001_5,/Users/tarpanmishra/Desktop/Squat More/Labeled_Dataset/videos/49001_5.mp4,train,"annotation_sheet_A.csv / _B.csv: severity_0_to_3, usable_yes_no, knees_forward_at_s, notes",
1_severity,423,394,36819_6,/Users/tarpanmishra/Desktop/Squat More/Labeled_Dataset/videos/36819_6.mp4,train,"annotation_sheet_A.csv / _B.csv: severity_0_to_3, usable_yes_no, knees_forward_at_s, notes",
1_severity,424,4,36738_3,/Users/tarpanmishra/Desktop/Squat More/Labeled_Dataset/videos/36738_3.mp4,train,"annotation_sheet_A.csv / _B.csv: severity_0_to_3, usable_yes_no, knees_forward_at_s, notes",
1_severity,425,206,33166_1,/Users/tarpanmishra/Desktop/Squat More/Labeled_Dataset/videos/33166_1.mp4,train,"annotation_sheet_A.csv / _B.csv: severity_0_to_3, usable_yes_no, knees_forward_at_s, notes",
1_severity,426,96,50559_2,/Users/tarpanmishra/Desktop/Squat More/Labeled_Dataset/videos/50559_2.mp4,train,"annotation_sheet_A.csv / _B.csv: severity_0_to_3, usable_yes_no, knees_forward_at_s, notes",
1_severity,427,455,36667_1,/Users/tarpanmishra/Desktop/Squat More/Labeled_Dataset/videos/36667_1.mp4,test,"annotation_sheet_A.csv / _B.csv: severity_0_to_3, usable_yes_no, knees_forward_at_s, notes",
1_severity,428,492,37483_1,/Users/tarpanmishra/Desktop/Squat More/Labeled_Dataset/videos/37483_1.mp4,train,"annotation_sheet_A.csv / _B.csv: severity_0_to_3, usable_yes_no, knees_forward_at_s, notes",
1_severity,429,354,49864_2,/Users/tarpanmishra/Desktop/Squat More/Labeled_Dataset/videos/49864_2.mp4,train,"annotation_sheet_A.csv / _B.csv: severity_0_to_3, usable_yes_no, knees_forward_at_s, notes",
1_severity,430,367,50001_7,/Users/tarpanmishra/Desktop/Squat More/Labeled_Dataset/videos/50001_7.mp4,train,"annotation_sheet_A.csv / _B.csv: severity_0_to_3, usable_yes_no, knees_forward_at_s, notes",
1_severity,431,423,50835_1,/Users/tarpanmishra/Desktop/Squat More/Labeled_Dataset/videos/50835_1.mp4,train,"annotation_sheet_A.csv / _B.csv: severity_0_to_3, usable_yes_no, knees_forward_at_s, notes",
1_severity,432,16,49240_14,/Users/tarpanmishra/Desktop/Squat More/Labeled_Dataset/videos/49240_14.mp4,train,"annotation_sheet_A.csv / _B.csv: severity_0_to_3, usable_yes_no, knees_forward_at_s, notes",
1_severity,433,84,48483_2,/Users/tarpanmishra/Desktop/Squat More/Labeled_Dataset/videos/48483_2.mp4,train,"annotation_sheet_A.csv / _B.csv: severity_0_to_3, usable_yes_no, knees_forward_at_s, notes",
1_severity,434,254,36732_3,/Users/tarpanmishra/Desktop/Squat More/Labeled_Dataset/videos/36732_3.mp4,test,"annotation_sheet_A.csv / _B.csv: severity_0_to_3, usable_yes_no, knees_forward_at_s, notes",
1_severity,435,123,47919_1,/Users/tarpanmishra/Desktop/Squat More/Labeled_Dataset/videos/47919_1.mp4,train,"annotation_sheet_A.csv / _B.csv: severity_0_to_3, usable_yes_no, knees_forward_at_s, notes",
1_severity,436,186,36984_4,/Users/tarpanmishra/Desktop/Squat More/Labeled_Dataset/videos/36984_4.mp4,train,"annotation_sheet_A.csv / _B.csv: severity_0_to_3, usable_yes_no, knees_forward_at_s, notes",
1_severity,437,272,36389_4,/Users/tarpanmishra/Desktop/Squat More/Labeled_Dataset/videos/36389_4.mp4,test,"annotation_sheet_A.csv / _B.csv: severity_0_to_3, usable_yes_no, knees_forward_at_s, notes",
1_severity,438,359,48608_10,/Users/tarpanmishra/Desktop/Squat More/Labeled_Dataset/videos/48608_10.mp4,test,"annotation_sheet_A.csv / _B.csv: severity_0_to_3, usable_yes_no, knees_forward_at_s, notes",
1_severity,439,163,49165_2,/Users/tarpanmishra/Desktop/Squat More/Labeled_Dataset/videos/49165_2.mp4,test,"annotation_sheet_A.csv / _B.csv: severity_0_to_3, usable_yes_no, knees_forward_at_s, notes",
1_severity,440,131,46029_1,/Users/tarpanmishra/Desktop/Squat More/Labeled_Dataset/videos/46029_1.mp4,test,"annotation_sheet_A.csv / _B.csv: severity_0_to_3, usable_yes_no, knees_forward_at_s, notes",
1_severity,441,190,37927_1,/Users/tarpanmishra/Desktop/Squat More/Labeled_Dataset/videos/37927_1.mp4,train,"annotation_sheet_A.csv / _B.csv: severity_0_to_3, usable_yes_no, knees_forward_at_s, notes",
1_severity,442,194,47403_2,/Users/tarpanmishra/Desktop/Squat More/Labeled_Dataset/videos/47403_2.mp4,train,"annotation_sheet_A.csv / _B.csv: severity_0_to_3, usable_yes_no, knees_forward_at_s, notes",
1_severity,443,233,46546_4,/Users/tarpanmishra/Desktop/Squat More/Labeled_Dataset/videos/46546_4.mp4,test,"annotation_sheet_A.csv / _B.csv: severity_0_to_3, usable_yes_no, knees_forward_at_s, notes",
1_severity,444,352,36133_2,/Users/tarpanmishra/Desktop/Squat More/Labeled_Dataset/videos/36133_2.mp4,test,"annotation_sheet_A.csv / _B.csv: severity_0_to_3, usable_yes_no, knees_forward_at_s, notes",
1_severity,445,397,46101_3,/Users/tarpanmishra/Desktop/Squat More/Labeled_Dataset/videos/46101_3.mp4,train,"annotation_sheet_A.csv / _B.csv: severity_0_to_3, usable_yes_no, knees_forward_at_s, notes",
1_severity,446,435,33924_4,/Users/tarpanmishra/Desktop/Squat More/Labeled_Dataset/videos/33924_4.mp4,test,"annotation_sheet_A.csv / _B.csv: severity_0_to_3, usable_yes_no, knees_forward_at_s, notes",
1_severity,447,364,36221_1,/Users/tarpanmishra/Desktop/Squat More/Labeled_Dataset/videos/36221_1.mp4,test,"annotation_sheet_A.csv / _B.csv: severity_0_to_3, usable_yes_no, knees_forward_at_s, notes",
1_severity,448,5,46035_1,/Users/tarpanmishra/Desktop/Squat More/Labeled_Dataset/videos/46035_1.mp4,train,"annotation_sheet_A.csv / _B.csv: severity_0_to_3, usable_yes_no, knees_forward_at_s, notes",
1_severity,449,191,46466_3,/Users/tarpanmishra/Desktop/Squat More/Labeled_Dataset/videos/46466_3.mp4,test,"annotation_sheet_A.csv / _B.csv: severity_0_to_3, usable_yes_no, knees_forward_at_s, notes",
1_severity,450,320,37861_3,/Users/tarpanmishra/Desktop/Squat More/Labeled_Dataset/videos/37861_3.mp4,train,"annotation_sheet_A.csv / _B.csv: severity_0_to_3, usable_yes_no, knees_forward_at_s, notes",
1_severity,451,363,48575_1,/Users/tarpanmishra/Desktop/Squat More/Labeled_Dataset/videos/48575_1.mp4,test,"annotation_sheet_A.csv / _B.csv: severity_0_to_3, usable_yes_no, knees_forward_at_s, notes",
1_severity,452,288,37092_1,/Users/tarpanmishra/Desktop/Squat More/Labeled_Dataset/videos/37092_1.mp4,train,"annotation_sheet_A.csv / _B.csv: severity_0_to_3, usable_yes_no, knees_forward_at_s, notes",
1_severity,453,234,46125_10,/Users/tarpanmishra/Desktop/Squat More/Labeled_Dataset/videos/46125_10.mp4,train,"annotation_sheet_A.csv / _B.csv: severity_0_to_3, usable_yes_no, knees_forward_at_s, notes",
1_severity,454,103,36858_1,/Users/tarpanmishra/Desktop/Squat More/Labeled_Dataset/videos/36858_1.mp4,train,"annotation_sheet_A.csv / _B.csv: severity_0_to_3, usable_yes_no, knees_forward_at_s, notes",
1_severity,455,383,46341_1,/Users/tarpanmishra/Desktop/Squat More/Labeled_Dataset/videos/46341_1.mp4,train,"annotation_sheet_A.csv / _B.csv: severity_0_to_3, usable_yes_no, knees_forward_at_s, notes",
1_severity,456,264,37214_1,/Users/tarpanmishra/Desktop/Squat More/Labeled_Dataset/videos/37214_1.mp4,test,"annotation_sheet_A.csv / _B.csv: severity_0_to_3, usable_yes_no, knees_forward_at_s, notes",
1_severity,457,19,37535_2,/Users/tarpanmishra/Desktop/Squat More/Labeled_Dataset/videos/37535_2.mp4,train,"annotation_sheet_A.csv / _B.csv: severity_0_to_3, usable_yes_no, knees_forward_at_s, notes",
1_severity,458,249,47829_1,/Users/tarpanmishra/Desktop/Squat More/Labeled_Dataset/videos/47829_1.mp4,train,"annotation_sheet_A.csv / _B.csv: severity_0_to_3, usable_yes_no, knees_forward_at_s, notes",
1_severity,459,347,37471_3,/Users/tarpanmishra/Desktop/Squat More/Labeled_Dataset/videos/37471_3.mp4,train,"annotation_sheet_A.csv / _B.csv: severity_0_to_3, usable_yes_no, knees_forward_at_s, notes",
1_severity,460,262,38109_14,/Users/tarpanmishra/Desktop/Squat More/Labeled_Dataset/videos/38109_14.mp4,test,"annotation_sheet_A.csv / _B.csv: severity_0_to_3, usable_yes_no, knees_forward_at_s, notes",
1_severity,461,117,47681_1,/Users/tarpanmishra/Desktop/Squat More/Labeled_Dataset/videos/47681_1.mp4,train,"annotation_sheet_A.csv / _B.csv: severity_0_to_3, usable_yes_no, knees_forward_at_s, notes",
1_severity,462,187,37812_2,/Users/tarpanmishra/Desktop/Squat More/Labeled_Dataset/videos/37812_2.mp4,test,"annotation_sheet_A.csv / _B.csv: severity_0_to_3, usable_yes_no, knees_forward_at_s, notes",
1_severity,463,105,50846_2,/Users/tarpanmishra/Desktop/Squat More/Labeled_Dataset/videos/50846_2.mp4,test,"annotation_sheet_A.csv / _B.csv: severity_0_to_3, usable_yes_no, knees_forward_at_s, notes",
1_severity,464,232,37067_1,/Users/tarpanmishra/Desktop/Squat More/Labeled_Dataset/videos/37067_1.mp4,test,"annotation_sheet_A.csv / _B.csv: severity_0_to_3, usable_yes_no, knees_forward_at_s, notes",
1_severity,465,72,33425_1,/Users/tarpanmishra/Desktop/Squat More/Labeled_Dataset/videos/33425_1.mp4,train,"annotation_sheet_A.csv / _B.csv: severity_0_to_3, usable_yes_no, knees_forward_at_s, notes",
1_severity,466,60,36748_2,/Users/tarpanmishra/Desktop/Squat More/Labeled_Dataset/videos/36748_2.mp4,test,"annotation_sheet_A.csv / _B.csv: severity_0_to_3, usable_yes_no, knees_forward_at_s, notes",
1_severity,467,279,47004_1,/Users/tarpanmishra/Desktop/Squat More/Labeled_Dataset/videos/47004_1.mp4,train,"annotation_sheet_A.csv / _B.csv: severity_0_to_3, usable_yes_no, knees_forward_at_s, notes",
1_severity,468,253,36081_3,/Users/tarpanmishra/Desktop/Squat More/Labeled_Dataset/videos/36081_3.mp4,test,"annotation_sheet_A.csv / _B.csv: severity_0_to_3, usable_yes_no, knees_forward_at_s, notes",
1_severity,469,490,46376_1,/Users/tarpanmishra/Desktop/Squat More/Labeled_Dataset/videos/46376_1.mp4,test,"annotation_sheet_A.csv / _B.csv: severity_0_to_3, usable_yes_no, knees_forward_at_s, notes",
1_severity,470,242,33063_6,/Users/tarpanmishra/Desktop/Squat More/Labeled_Dataset/videos/33063_6.mp4,train,"annotation_sheet_A.csv / _B.csv: severity_0_to_3, usable_yes_no, knees_forward_at_s, notes",
1_severity,471,360,37815_1,/Users/tarpanmishra/Desktop/Squat More/Labeled_Dataset/videos/37815_1.mp4,train,"annotation_sheet_A.csv / _B.csv: severity_0_to_3, usable_yes_no, knees_forward_at_s, notes",
1_severity,472,291,37286_1,/Users/tarpanmishra/Desktop/Squat More/Labeled_Dataset/videos/37286_1.mp4,train,"annotation_sheet_A.csv / _B.csv: severity_0_to_3, usable_yes_no, knees_forward_at_s, notes",
1_severity,473,17,36092_3,/Users/tarpanmishra/Desktop/Squat More/Labeled_Dataset/videos/36092_3.mp4,train,"annotation_sheet_A.csv / _B.csv: severity_0_to_3, usable_yes_no, knees_forward_at_s, notes",
1_severity,474,335,32979_1,/Users/tarpanmishra/Desktop/Squat More/Labeled_Dataset/videos/32979_1.mp4,train,"annotation_sheet_A.csv / _B.csv: severity_0_to_3, usable_yes_no, knees_forward_at_s, notes",
1_severity,475,77,50406_1,/Users/tarpanmishra/Desktop/Squat More/Labeled_Dataset/videos/50406_1.mp4,train,"annotation_sheet_A.csv / _B.csv: severity_0_to_3, usable_yes_no, knees_forward_at_s, notes",
1_severity,476,375,48183_1,/Users/tarpanmishra/Desktop/Squat More/Labeled_Dataset/videos/48183_1.mp4,train,"annotation_sheet_A.csv / _B.csv: severity_0_to_3, usable_yes_no, knees_forward_at_s, notes",
1_severity,477,121,50829_11,/Users/tarpanmishra/Desktop/Squat More/Labeled_Dataset/videos/50829_11.mp4,test,"annotation_sheet_A.csv / _B.csv: severity_0_to_3, usable_yes_no, knees_forward_at_s, notes",
1_severity,478,116,47483_1,/Users/tarpanmishra/Desktop/Squat More/Labeled_Dataset/videos/47483_1.mp4,train,"annotation_sheet_A.csv / _B.csv: severity_0_to_3, usable_yes_no, knees_forward_at_s, notes",
1_severity,479,378,36943_3,/Users/tarpanmishra/Desktop/Squat More/Labeled_Dataset/videos/36943_3.mp4,train,"annotation_sheet_A.csv / _B.csv: severity_0_to_3, usable_yes_no, knees_forward_at_s, notes",
1_severity,480,478,37630_4,/Users/tarpanmishra/Desktop/Squat More/Labeled_Dataset/videos/37630_4.mp4,train,"annotation_sheet_A.csv / _B.csv: severity_0_to_3, usable_yes_no, knees_forward_at_s, notes",
1_severity,481,97,33454_1,/Users/tarpanmishra/Desktop/Squat More/Labeled_Dataset/videos/33454_1.mp4,test,"annotation_sheet_A.csv / _B.csv: severity_0_to_3, usable_yes_no, knees_forward_at_s, notes",
1_severity,482,106,47130_1,/Users/tarpanmishra/Desktop/Squat More/Labeled_Dataset/videos/47130_1.mp4,train,"annotation_sheet_A.csv / _B.csv: severity_0_to_3, usable_yes_no, knees_forward_at_s, notes",
1_severity,483,91,33765_1,/Users/tarpanmishra/Desktop/Squat More/Labeled_Dataset/videos/33765_1.mp4,train,"annotation_sheet_A.csv / _B.csv: severity_0_to_3, usable_yes_no, knees_forward_at_s, notes",
1_severity,484,104,50871_2,/Users/tarpanmishra/Desktop/Squat More/Labeled_Dataset/videos/50871_2.mp4,train,"annotation_sheet_A.csv / _B.csv: severity_0_to_3, usable_yes_no, knees_forward_at_s, notes",
1_severity,485,417,33561_3,/Users/tarpanmishra/Desktop/Squat More/Labeled_Dataset/videos/33561_3.mp4,train,"annotation_sheet_A.csv / _B.csv: severity_0_to_3, usable_yes_no, knees_forward_at_s, notes",
1_severity,486,445,36672_1,/Users/tarpanmishra/Desktop/Squat More/Labeled_Dataset/videos/36672_1.mp4,test,"annotation_sheet_A.csv / _B.csv: severity_0_to_3, usable_yes_no, knees_forward_at_s, notes",
1_severity,487,40,48624_1,/Users/tarpanmishra/Desktop/Squat More/Labeled_Dataset/videos/48624_1.mp4,train,"annotation_sheet_A.csv / _B.csv: severity_0_to_3, usable_yes_no, knees_forward_at_s, notes",
1_severity,488,139,48840_5,/Users/tarpanmishra/Desktop/Squat More/Labeled_Dataset/videos/48840_5.mp4,train,"annotation_sheet_A.csv / _B.csv: severity_0_to_3, usable_yes_no, knees_forward_at_s, notes",
1_severity,489,468,47243_15,/Users/tarpanmishra/Desktop/Squat More/Labeled_Dataset/videos/47243_15.mp4,train,"annotation_sheet_A.csv / _B.csv: severity_0_to_3, usable_yes_no, knees_forward_at_s, notes",
1_severity,490,420,50807_3,/Users/tarpanmishra/Desktop/Squat More/Labeled_Dataset/videos/50807_3.mp4,test,"annotation_sheet_A.csv / _B.csv: severity_0_to_3, usable_yes_no, knees_forward_at_s, notes",
1_severity,491,243,33028_2,/Users/tarpanmishra/Desktop/Squat More/Labeled_Dataset/videos/33028_2.mp4,train,"annotation_sheet_A.csv / _B.csv: severity_0_to_3, usable_yes_no, knees_forward_at_s, notes",
1_severity,492,372,37603_1,/Users/tarpanmishra/Desktop/Squat More/Labeled_Dataset/videos/37603_1.mp4,test,"annotation_sheet_A.csv / _B.csv: severity_0_to_3, usable_yes_no, knees_forward_at_s, notes",
1_severity,493,158,37423_1,/Users/tarpanmishra/Desktop/Squat More/Labeled_Dataset/videos/37423_1.mp4,train,"annotation_sheet_A.csv / _B.csv: severity_0_to_3, usable_yes_no, knees_forward_at_s, notes",
1_severity,494,148,47548_1,/Users/tarpanmishra/Desktop/Squat More/Labeled_Dataset/videos/47548_1.mp4,train,"annotation_sheet_A.csv / _B.csv: severity_0_to_3, usable_yes_no, knees_forward_at_s, notes",
1_severity,495,164,48720_1,/Users/tarpanmishra/Desktop/Squat More/Labeled_Dataset/videos/48720_1.mp4,test,"annotation_sheet_A.csv / _B.csv: severity_0_to_3, usable_yes_no, knees_forward_at_s, notes",
1_severity,496,428,33743_1,/Users/tarpanmishra/Desktop/Squat More/Labeled_Dataset/videos/33743_1.mp4,test,"annotation_sheet_A.csv / _B.csv: severity_0_to_3, usable_yes_no, knees_forward_at_s, notes",
2_boundary_check,,,33045_1,/Users/tarpanmishra/Desktop/Squat More/Labeled_Dataset/videos/33045_1.mp4,train,"interval_check_sheet.csv: observed_start_s, observed_end_s, verdict_accurate_yes_no",labelled 0.68-2.34 s
2_boundary_check,,,33166_1,/Users/tarpanmishra/Desktop/Squat More/Labeled_Dataset/videos/33166_1.mp4,train,"interval_check_sheet.csv: observed_start_s, observed_end_s, verdict_accurate_yes_no",labelled 1.46-2.80 s
2_boundary_check,,,33565_1,/Users/tarpanmishra/Desktop/Squat More/Labeled_Dataset/videos/33565_1.mp4,train,"interval_check_sheet.csv: observed_start_s, observed_end_s, verdict_accurate_yes_no",labelled 1.20-2.55 s
2_boundary_check,,,33747_2,/Users/tarpanmishra/Desktop/Squat More/Labeled_Dataset/videos/33747_2.mp4,train,"interval_check_sheet.csv: observed_start_s, observed_end_s, verdict_accurate_yes_no",labelled 1.51-2.03 s
2_boundary_check,,,33747_2,/Users/tarpanmishra/Desktop/Squat More/Labeled_Dataset/videos/33747_2.mp4,train,"interval_check_sheet.csv: observed_start_s, observed_end_s, verdict_accurate_yes_no",labelled 0.99-2.39 s
2_boundary_check,,,33827_1,/Users/tarpanmishra/Desktop/Squat More/Labeled_Dataset/videos/33827_1.mp4,train,"interval_check_sheet.csv: observed_start_s, observed_end_s, verdict_accurate_yes_no",labelled 2.51-5.10 s
2_boundary_check,,,33891_1,/Users/tarpanmishra/Desktop/Squat More/Labeled_Dataset/videos/33891_1.mp4,train,"interval_check_sheet.csv: observed_start_s, observed_end_s, verdict_accurate_yes_no",labelled 0.55-2.30 s
2_boundary_check,,,36131_1,/Users/tarpanmishra/Desktop/Squat More/Labeled_Dataset/videos/36131_1.mp4,train,"interval_check_sheet.csv: observed_start_s, observed_end_s, verdict_accurate_yes_no",labelled 0.43-1.72 s
2_boundary_check,,,36261_1,/Users/tarpanmishra/Desktop/Squat More/Labeled_Dataset/videos/36261_1.mp4,train,"interval_check_sheet.csv: observed_start_s, observed_end_s, verdict_accurate_yes_no",labelled 0.69-5.56 s
2_boundary_check,,,36533_5,/Users/tarpanmishra/Desktop/Squat More/Labeled_Dataset/videos/36533_5.mp4,train,"interval_check_sheet.csv: observed_start_s, observed_end_s, verdict_accurate_yes_no",labelled 0.74-1.89 s
2_boundary_check,,,36534_5,/Users/tarpanmishra/Desktop/Squat More/Labeled_Dataset/videos/36534_5.mp4,train,"interval_check_sheet.csv: observed_start_s, observed_end_s, verdict_accurate_yes_no",labelled 0.68-1.86 s
2_boundary_check,,,36821_3,/Users/tarpanmishra/Desktop/Squat More/Labeled_Dataset/videos/36821_3.mp4,train,"interval_check_sheet.csv: observed_start_s, observed_end_s, verdict_accurate_yes_no",labelled 1.07-3.55 s
2_boundary_check,,,36858_1,/Users/tarpanmishra/Desktop/Squat More/Labeled_Dataset/videos/36858_1.mp4,train,"interval_check_sheet.csv: observed_start_s, observed_end_s, verdict_accurate_yes_no",labelled 1.29-4.19 s
2_boundary_check,,,36889_2,/Users/tarpanmishra/Desktop/Squat More/Labeled_Dataset/videos/36889_2.mp4,train,"interval_check_sheet.csv: observed_start_s, observed_end_s, verdict_accurate_yes_no",labelled 1.68-5.03 s
2_boundary_check,,,36983_4,/Users/tarpanmishra/Desktop/Squat More/Labeled_Dataset/videos/36983_4.mp4,train,"interval_check_sheet.csv: observed_start_s, observed_end_s, verdict_accurate_yes_no",labelled 0.80-1.70 s
2_boundary_check,,,37094_1,/Users/tarpanmishra/Desktop/Squat More/Labeled_Dataset/videos/37094_1.mp4,train,"interval_check_sheet.csv: observed_start_s, observed_end_s, verdict_accurate_yes_no",labelled 3.16-5.27 s
2_boundary_check,,,37172_2,/Users/tarpanmishra/Desktop/Squat More/Labeled_Dataset/videos/37172_2.mp4,train,"interval_check_sheet.csv: observed_start_s, observed_end_s, verdict_accurate_yes_no",labelled 0.68-1.62 s
2_boundary_check,,,37180_2,/Users/tarpanmishra/Desktop/Squat More/Labeled_Dataset/videos/37180_2.mp4,train,"interval_check_sheet.csv: observed_start_s, observed_end_s, verdict_accurate_yes_no",labelled 0.98-2.34 s
2_boundary_check,,,37206_3,/Users/tarpanmishra/Desktop/Squat More/Labeled_Dataset/videos/37206_3.mp4,train,"interval_check_sheet.csv: observed_start_s, observed_end_s, verdict_accurate_yes_no",labelled 0.97-1.73 s
2_boundary_check,,,37300_6,/Users/tarpanmishra/Desktop/Squat More/Labeled_Dataset/videos/37300_6.mp4,train,"interval_check_sheet.csv: observed_start_s, observed_end_s, verdict_accurate_yes_no",labelled 1.73-2.63 s
2_boundary_check,,,37478_3,/Users/tarpanmishra/Desktop/Squat More/Labeled_Dataset/videos/37478_3.mp4,train,"interval_check_sheet.csv: observed_start_s, observed_end_s, verdict_accurate_yes_no",labelled 0.66-2.74 s
2_boundary_check,,,37478_3,/Users/tarpanmishra/Desktop/Squat More/Labeled_Dataset/videos/37478_3.mp4,train,"interval_check_sheet.csv: observed_start_s, observed_end_s, verdict_accurate_yes_no",labelled 0.87-2.28 s
2_boundary_check,,,37935_2,/Users/tarpanmishra/Desktop/Squat More/Labeled_Dataset/videos/37935_2.mp4,train,"interval_check_sheet.csv: observed_start_s, observed_end_s, verdict_accurate_yes_no",labelled 1.71-2.73 s
2_boundary_check,,,38032_1,/Users/tarpanmishra/Desktop/Squat More/Labeled_Dataset/videos/38032_1.mp4,train,"interval_check_sheet.csv: observed_start_s, observed_end_s, verdict_accurate_yes_no",labelled 0.82-1.63 s
2_boundary_check,,,46076_3,/Users/tarpanmishra/Desktop/Squat More/Labeled_Dataset/videos/46076_3.mp4,train,"interval_check_sheet.csv: observed_start_s, observed_end_s, verdict_accurate_yes_no",labelled 1.65-2.94 s
2_boundary_check,,,46186_4,/Users/tarpanmishra/Desktop/Squat More/Labeled_Dataset/videos/46186_4.mp4,train,"interval_check_sheet.csv: observed_start_s, observed_end_s, verdict_accurate_yes_no",labelled 2.31-5.20 s
2_boundary_check,,,46217_1,/Users/tarpanmishra/Desktop/Squat More/Labeled_Dataset/videos/46217_1.mp4,train,"interval_check_sheet.csv: observed_start_s, observed_end_s, verdict_accurate_yes_no",labelled 1.00-4.56 s
2_boundary_check,,,46248_5,/Users/tarpanmishra/Desktop/Squat More/Labeled_Dataset/videos/46248_5.mp4,train,"interval_check_sheet.csv: observed_start_s, observed_end_s, verdict_accurate_yes_no",labelled 0.92-2.65 s
2_boundary_check,,,46252_1,/Users/tarpanmishra/Desktop/Squat More/Labeled_Dataset/videos/46252_1.mp4,train,"interval_check_sheet.csv: observed_start_s, observed_end_s, verdict_accurate_yes_no",labelled 2.72-4.06 s
2_boundary_check,,,46435_1,/Users/tarpanmishra/Desktop/Squat More/Labeled_Dataset/videos/46435_1.mp4,train,"interval_check_sheet.csv: observed_start_s, observed_end_s, verdict_accurate_yes_no",labelled 2.25-3.27 s
2_boundary_check,,,46509_1,/Users/tarpanmishra/Desktop/Squat More/Labeled_Dataset/videos/46509_1.mp4,train,"interval_check_sheet.csv: observed_start_s, observed_end_s, verdict_accurate_yes_no",labelled 2.49-4.40 s
2_boundary_check,,,46549_1,/Users/tarpanmishra/Desktop/Squat More/Labeled_Dataset/videos/46549_1.mp4,train,"interval_check_sheet.csv: observed_start_s, observed_end_s, verdict_accurate_yes_no",labelled 2.00-2.81 s
2_boundary_check,,,46610_2,/Users/tarpanmishra/Desktop/Squat More/Labeled_Dataset/videos/46610_2.mp4,train,"interval_check_sheet.csv: observed_start_s, observed_end_s, verdict_accurate_yes_no",labelled 5.02-6.46 s
2_boundary_check,,,46655_1,/Users/tarpanmishra/Desktop/Squat More/Labeled_Dataset/videos/46655_1.mp4,train,"interval_check_sheet.csv: observed_start_s, observed_end_s, verdict_accurate_yes_no",labelled 5.56-6.31 s
2_boundary_check,,,48054_13,/Users/tarpanmishra/Desktop/Squat More/Labeled_Dataset/videos/48054_13.mp4,train,"interval_check_sheet.csv: observed_start_s, observed_end_s, verdict_accurate_yes_no",labelled 0.93-2.41 s
2_boundary_check,,,48074_1,/Users/tarpanmishra/Desktop/Squat More/Labeled_Dataset/videos/48074_1.mp4,train,"interval_check_sheet.csv: observed_start_s, observed_end_s, verdict_accurate_yes_no",labelled 1.07-2.96 s
2_boundary_check,,,48093_4,/Users/tarpanmishra/Desktop/Squat More/Labeled_Dataset/videos/48093_4.mp4,train,"interval_check_sheet.csv: observed_start_s, observed_end_s, verdict_accurate_yes_no",labelled 0.72-4.74 s
2_boundary_check,,,48102_2,/Users/tarpanmishra/Desktop/Squat More/Labeled_Dataset/videos/48102_2.mp4,train,"interval_check_sheet.csv: observed_start_s, observed_end_s, verdict_accurate_yes_no",labelled 1.08-3.37 s
2_boundary_check,,,48379_1,/Users/tarpanmishra/Desktop/Squat More/Labeled_Dataset/videos/48379_1.mp4,train,"interval_check_sheet.csv: observed_start_s, observed_end_s, verdict_accurate_yes_no",labelled 1.15-2.36 s
2_boundary_check,,,48601_3,/Users/tarpanmishra/Desktop/Squat More/Labeled_Dataset/videos/48601_3.mp4,train,"interval_check_sheet.csv: observed_start_s, observed_end_s, verdict_accurate_yes_no",labelled 3.19-5.25 s
2_boundary_check,,,48763_3,/Users/tarpanmishra/Desktop/Squat More/Labeled_Dataset/videos/48763_3.mp4,train,"interval_check_sheet.csv: observed_start_s, observed_end_s, verdict_accurate_yes_no",labelled 0.92-1.77 s
2_boundary_check,,,48851_1,/Users/tarpanmishra/Desktop/Squat More/Labeled_Dataset/videos/48851_1.mp4,train,"interval_check_sheet.csv: observed_start_s, observed_end_s, verdict_accurate_yes_no",labelled 1.28-3.63 s
2_boundary_check,,,48993_1,/Users/tarpanmishra/Desktop/Squat More/Labeled_Dataset/videos/48993_1.mp4,train,"interval_check_sheet.csv: observed_start_s, observed_end_s, verdict_accurate_yes_no",labelled 1.49-2.86 s
2_boundary_check,,,49045_2,/Users/tarpanmishra/Desktop/Squat More/Labeled_Dataset/videos/49045_2.mp4,train,"interval_check_sheet.csv: observed_start_s, observed_end_s, verdict_accurate_yes_no",labelled 1.74-3.84 s
2_boundary_check,,,49091_1,/Users/tarpanmishra/Desktop/Squat More/Labeled_Dataset/videos/49091_1.mp4,train,"interval_check_sheet.csv: observed_start_s, observed_end_s, verdict_accurate_yes_no",labelled 1.57-2.56 s
2_boundary_check,,,49268_1,/Users/tarpanmishra/Desktop/Squat More/Labeled_Dataset/videos/49268_1.mp4,train,"interval_check_sheet.csv: observed_start_s, observed_end_s, verdict_accurate_yes_no",labelled 2.94-4.06 s
2_boundary_check,,,49406_2,/Users/tarpanmishra/Desktop/Squat More/Labeled_Dataset/videos/49406_2.mp4,train,"interval_check_sheet.csv: observed_start_s, observed_end_s, verdict_accurate_yes_no",labelled 1.09-3.15 s
2_boundary_check,,,49547_5,/Users/tarpanmishra/Desktop/Squat More/Labeled_Dataset/videos/49547_5.mp4,train,"interval_check_sheet.csv: observed_start_s, observed_end_s, verdict_accurate_yes_no",labelled 0.85-1.96 s
2_boundary_check,,,49547_5,/Users/tarpanmishra/Desktop/Squat More/Labeled_Dataset/videos/49547_5.mp4,train,"interval_check_sheet.csv: observed_start_s, observed_end_s, verdict_accurate_yes_no",labelled 2.46-3.16 s
2_boundary_check,,,49631_1,/Users/tarpanmishra/Desktop/Squat More/Labeled_Dataset/videos/49631_1.mp4,train,"interval_check_sheet.csv: observed_start_s, observed_end_s, verdict_accurate_yes_no",labelled 2.87-3.87 s
2_boundary_check,,,50131_2,/Users/tarpanmishra/Desktop/Squat More/Labeled_Dataset/videos/50131_2.mp4,train,"interval_check_sheet.csv: observed_start_s, observed_end_s, verdict_accurate_yes_no",labelled 2.15-3.06 s
2_boundary_check,,,50326_1,/Users/tarpanmishra/Desktop/Squat More/Labeled_Dataset/videos/50326_1.mp4,train,"interval_check_sheet.csv: observed_start_s, observed_end_s, verdict_accurate_yes_no",labelled 2.75-4.03 s
2_boundary_check,,,50762_2,/Users/tarpanmishra/Desktop/Squat More/Labeled_Dataset/videos/50762_2.mp4,train,"interval_check_sheet.csv: observed_start_s, observed_end_s, verdict_accurate_yes_no",labelled 2.69-4.46 s
3_pair_adjudication,,,37044_4 = 36836_4,/Users/tarpanmishra/Desktop/Squat More/Labeled_Dataset/videos/37044_4.mp4,,conflicting_pairs_sheet.csv: adjudicated_class (good_form / posture_fault / depth_fault / unusable),good_form vs depth_fault
3_pair_adjudication,,,50824_2 = 48298_2,/Users/tarpanmishra/Desktop/Squat More/Labeled_Dataset/videos/50824_2.mp4,,conflicting_pairs_sheet.csv: adjudicated_class (good_form / posture_fault / depth_fault / unusable),good_form vs posture_fault
3_pair_adjudication,,,37037_1 = 36828_1,/Users/tarpanmishra/Desktop/Squat More/Labeled_Dataset/videos/37037_1.mp4,,conflicting_pairs_sheet.csv: adjudicated_class (good_form / posture_fault / depth_fault / unusable),good_form vs posture_fault
3_pair_adjudication,,,48602_1 = 50859_1,/Users/tarpanmishra/Desktop/Squat More/Labeled_Dataset/videos/48602_1.mp4,,conflicting_pairs_sheet.csv: adjudicated_class (good_form / posture_fault / depth_fault / unusable),posture_fault vs good_form
3_pair_adjudication,,,38094_2 = 37491_2,/Users/tarpanmishra/Desktop/Squat More/Labeled_Dataset/videos/38094_2.mp4,,conflicting_pairs_sheet.csv: adjudicated_class (good_form / posture_fault / depth_fault / unusable),good_form vs depth_fault
3_pair_adjudication,,,37714_1 = 38114_1,/Users/tarpanmishra/Desktop/Squat More/Labeled_Dataset/videos/37714_1.mp4,,conflicting_pairs_sheet.csv: adjudicated_class (good_form / posture_fault / depth_fault / unusable),depth_fault vs good_form
3_pair_adjudication,,,50717_1 = 50840_1,/Users/tarpanmishra/Desktop/Squat More/Labeled_Dataset/videos/50717_1.mp4,,conflicting_pairs_sheet.csv: adjudicated_class (good_form / posture_fault / depth_fault / unusable),posture_fault vs good_form
3_pair_adjudication,,,50857_1 = 47794_1,/Users/tarpanmishra/Desktop/Squat More/Labeled_Dataset/videos/50857_1.mp4,,conflicting_pairs_sheet.csv: adjudicated_class (good_form / posture_fault / depth_fault / unusable),good_form vs posture_fault
3_pair_adjudication,,,37457_2 = 38095_2,/Users/tarpanmishra/Desktop/Squat More/Labeled_Dataset/videos/37457_2.mp4,,conflicting_pairs_sheet.csv: adjudicated_class (good_form / posture_fault / depth_fault / unusable),depth_fault vs good_form
3_pair_adjudication,,,50843_1 = 48209_1,/Users/tarpanmishra/Desktop/Squat More/Labeled_Dataset/videos/50843_1.mp4,,conflicting_pairs_sheet.csv: adjudicated_class (good_form / posture_fault / depth_fault / unusable),good_form vs posture_fault
3_pair_adjudication,,,38104_1 = 37448_1,/Users/tarpanmishra/Desktop/Squat More/Labeled_Dataset/videos/38104_1.mp4,,conflicting_pairs_sheet.csv: adjudicated_class (good_form / posture_fault / depth_fault / unusable),good_form vs depth_fault
3_pair_adjudication,,,33029_1 = 33919_1,/Users/tarpanmishra/Desktop/Squat More/Labeled_Dataset/videos/33029_1.mp4,,conflicting_pairs_sheet.csv: adjudicated_class (good_form / posture_fault / depth_fault / unusable),depth_fault vs good_form
3_pair_adjudication,,,37527_2 = 38111_2,/Users/tarpanmishra/Desktop/Squat More/Labeled_Dataset/videos/37527_2.mp4,,conflicting_pairs_sheet.csv: adjudicated_class (good_form / posture_fault / depth_fault / unusable),depth_fault vs good_form
3_pair_adjudication,,,50868_2 = 50352_2,/Users/tarpanmishra/Desktop/Squat More/Labeled_Dataset/videos/50868_2.mp4,,conflicting_pairs_sheet.csv: adjudicated_class (good_form / posture_fault / depth_fault / unusable),good_form vs posture_fault
3_pair_adjudication,,,37976_3 = 38115_3,/Users/tarpanmishra/Desktop/Squat More/Labeled_Dataset/videos/37976_3.mp4,,conflicting_pairs_sheet.csv: adjudicated_class (good_form / posture_fault / depth_fault / unusable),depth_fault vs good_form
3_pair_adjudication,,,36243_3 = 37049_3,/Users/tarpanmishra/Desktop/Squat More/Labeled_Dataset/videos/36243_3.mp4,,conflicting_pairs_sheet.csv: adjudicated_class (good_form / posture_fault / depth_fault / unusable),depth_fault vs good_form
3_pair_adjudication,,,37058_2 = 36493_2,/Users/tarpanmishra/Desktop/Squat More/Labeled_Dataset/videos/37058_2.mp4,,conflicting_pairs_sheet.csv: adjudicated_class (good_form / posture_fault / depth_fault / unusable),good_form vs depth_fault
3_pair_adjudication,,,50834_1 = 48979_1,/Users/tarpanmishra/Desktop/Squat More/Labeled_Dataset/videos/50834_1.mp4,,conflicting_pairs_sheet.csv: adjudicated_class (good_form / posture_fault / depth_fault / unusable),good_form vs posture_fault
3_pair_adjudication,,,33877_2 = 33950_2,/Users/tarpanmishra/Desktop/Squat More/Labeled_Dataset/videos/33877_2.mp4,,conflicting_pairs_sheet.csv: adjudicated_class (good_form / posture_fault / depth_fault / unusable),depth_fault vs good_form
3_pair_adjudication,,,38097_1 = 37304_1,/Users/tarpanmishra/Desktop/Squat More/Labeled_Dataset/videos/38097_1.mp4,,conflicting_pairs_sheet.csv: adjudicated_class (good_form / posture_fault / depth_fault / unusable),good_form vs depth_fault
3_pair_adjudication,,,36504_1 = 37045_1,/Users/tarpanmishra/Desktop/Squat More/Labeled_Dataset/videos/36504_1.mp4,,conflicting_pairs_sheet.csv: adjudicated_class (good_form / posture_fault / depth_fault / unusable),posture_fault vs good_form
3_pair_adjudication,,,33844_2 = 33933_2,/Users/tarpanmishra/Desktop/Squat More/Labeled_Dataset/videos/33844_2.mp4,,conflicting_pairs_sheet.csv: adjudicated_class (good_form / posture_fault / depth_fault / unusable),depth_fault vs good_form
3_pair_adjudication,,,38107_5 = 37095_5,/Users/tarpanmishra/Desktop/Squat More/Labeled_Dataset/videos/38107_5.mp4,,conflicting_pairs_sheet.csv: adjudicated_class (good_form / posture_fault / depth_fault / unusable),good_form vs depth_fault
3_pair_adjudication,,,38106_4 = 38057_4,/Users/tarpanmishra/Desktop/Squat More/Labeled_Dataset/videos/38106_4.mp4,,conflicting_pairs_sheet.csv: adjudicated_class (good_form / posture_fault / depth_fault / unusable),good_form vs depth_fault
3_pair_adjudication,,,50836_4 = 50073_4,/Users/tarpanmishra/Desktop/Squat More/Labeled_Dataset/videos/50836_4.mp4,,conflicting_pairs_sheet.csv: adjudicated_class (good_form / posture_fault / depth_fault / unusable),good_form vs posture_fault
3_pair_adjudication,,,37197_5 = 38091_5,/Users/tarpanmishra/Desktop/Squat More/Labeled_Dataset/videos/37197_5.mp4,,conflicting_pairs_sheet.csv: adjudicated_class (good_form / posture_fault / depth_fault / unusable),depth_fault vs good_form
3_pair_adjudication,,,33947_3 = 33133_3,/Users/tarpanmishra/Desktop/Squat More/Labeled_Dataset/videos/33947_3.mp4,,conflicting_pairs_sheet.csv: adjudicated_class (good_form / posture_fault / depth_fault / unusable),good_form vs depth_fault
3_pair_adjudication,,,36124_1 = 37056_1,/Users/tarpanmishra/Desktop/Squat More/Labeled_Dataset/videos/36124_1.mp4,,conflicting_pairs_sheet.csv: adjudicated_class (good_form / posture_fault / depth_fault / unusable),posture_fault vs good_form
3_pair_adjudication,,,33151_1 = 33941_1,/Users/tarpanmishra/Desktop/Squat More/Labeled_Dataset/videos/33151_1.mp4,,conflicting_pairs_sheet.csv: adjudicated_class (good_form / posture_fault / depth_fault / unusable),depth_fault vs good_form
3_pair_adjudication,,,37055_1 = 36740_1,/Users/tarpanmishra/Desktop/Squat More/Labeled_Dataset/videos/37055_1.mp4,,conflicting_pairs_sheet.csv: adjudicated_class (good_form / posture_fault / depth_fault / unusable),good_form vs depth_fault
3_pair_adjudication,,,37000_1 = 37052_1,/Users/tarpanmishra/Desktop/Squat More/Labeled_Dataset/videos/37000_1.mp4,,conflicting_pairs_sheet.csv: adjudicated_class (good_form / posture_fault / depth_fault / unusable),depth_fault vs good_form
3_pair_adjudication,,,37083_1 = 38113_1,/Users/tarpanmishra/Desktop/Squat More/Labeled_Dataset/videos/37083_1.mp4,,conflicting_pairs_sheet.csv: adjudicated_class (good_form / posture_fault / depth_fault / unusable),depth_fault vs good_form
3_pair_adjudication,,,37151_1 = 38098_1,/Users/tarpanmishra/Desktop/Squat More/Labeled_Dataset/videos/37151_1.mp4,,conflicting_pairs_sheet.csv: adjudicated_class (good_form / posture_fault / depth_fault / unusable),posture_fault vs good_form
3_pair_adjudication,,,50832_1 = 46621_1,/Users/tarpanmishra/Desktop/Squat More/Labeled_Dataset/videos/50832_1.mp4,,conflicting_pairs_sheet.csv: adjudicated_class (good_form / posture_fault / depth_fault / unusable),good_form vs posture_fault
3_pair_adjudication,,,49233_2 = 50841_2,/Users/tarpanmishra/Desktop/Squat More/Labeled_Dataset/videos/49233_2.mp4,,conflicting_pairs_sheet.csv: adjudicated_class (good_form / posture_fault / depth_fault / unusable),posture_fault vs good_form
3_pair_adjudication,,,37430_2 = 38110_2,/Users/tarpanmishra/Desktop/Squat More/Labeled_Dataset/videos/37430_2.mp4,,conflicting_pairs_sheet.csv: adjudicated_class (good_form / posture_fault / depth_fault / unusable),depth_fault vs good_form
3_pair_adjudication,,,50837_3 = 48465_3,/Users/tarpanmishra/Desktop/Squat More/Labeled_Dataset/videos/50837_3.mp4,,conflicting_pairs_sheet.csv: adjudicated_class (good_form / posture_fault / depth_fault / unusable),good_form vs posture_fault
3_pair_adjudication,,,37053_4 = 36602_4,/Users/tarpanmishra/Desktop/Squat More/Labeled_Dataset/videos/37053_4.mp4,,conflicting_pairs_sheet.csv: adjudicated_class (good_form / posture_fault / depth_fault / unusable),good_form vs depth_fault
3_pair_adjudication,,,33944_1 = 33742_1,/Users/tarpanmishra/Desktop/Squat More/Labeled_Dataset/videos/33944_1.mp4,,conflicting_pairs_sheet.csv: adjudicated_class (good_form / posture_fault / depth_fault / unusable),good_form vs depth_fault
3_pair_adjudication,,,33345_1 = 33943_1,/Users/tarpanmishra/Desktop/Squat More/Labeled_Dataset/videos/33345_1.mp4,,conflicting_pairs_sheet.csv: adjudicated_class (good_form / posture_fault / depth_fault / unusable),depth_fault vs good_form
3_pair_adjudication,,,36145_1 = 37054_1,/Users/tarpanmishra/Desktop/Squat More/Labeled_Dataset/videos/36145_1.mp4,,conflicting_pairs_sheet.csv: adjudicated_class (good_form / posture_fault / depth_fault / unusable),depth_fault vs good_form
3_pair_adjudication,,,36212_3 = 37038_3,/Users/tarpanmishra/Desktop/Squat More/Labeled_Dataset/videos/36212_3.mp4,,conflicting_pairs_sheet.csv: adjudicated_class (good_form / posture_fault / depth_fault / unusable),depth_fault vs good_form
3_pair_adjudication,,,49626_1 = 50867_1,/Users/tarpanmishra/Desktop/Squat More/Labeled_Dataset/videos/49626_1.mp4,,conflicting_pairs_sheet.csv: adjudicated_class (good_form / posture_fault / depth_fault / unusable),posture_fault vs good_form
3_pair_adjudication,,,50854_1 = 50606_1,/Users/tarpanmishra/Desktop/Squat More/Labeled_Dataset/videos/50854_1.mp4,,conflicting_pairs_sheet.csv: adjudicated_class (good_form / posture_fault / depth_fault / unusable),good_form vs posture_fault
3_pair_adjudication,,,50822_1 = 46359_1,/Users/tarpanmishra/Desktop/Squat More/Labeled_Dataset/videos/50822_1.mp4,,conflicting_pairs_sheet.csv: adjudicated_class (good_form / posture_fault / depth_fault / unusable),good_form vs posture_fault
3_pair_adjudication,,,36978_4 = 37046_4,/Users/tarpanmishra/Desktop/Squat More/Labeled_Dataset/videos/36978_4.mp4,,conflicting_pairs_sheet.csv: adjudicated_class (good_form / posture_fault / depth_fault / unusable),depth_fault vs good_form
3_pair_adjudication,,,33367_1 = 33938_1,/Users/tarpanmishra/Desktop/Squat More/Labeled_Dataset/videos/33367_1.mp4,,conflicting_pairs_sheet.csv: adjudicated_class (good_form / posture_fault / depth_fault / unusable),depth_fault vs good_form
3_pair_adjudication,,,50176_1 = 50853_1,/Users/tarpanmishra/Desktop/Squat More/Labeled_Dataset/videos/50176_1.mp4,,conflicting_pairs_sheet.csv: adjudicated_class (good_form / posture_fault / depth_fault / unusable),posture_fault vs good_form
3_pair_adjudication,,,38101_1 = 37791_1,/Users/tarpanmishra/Desktop/Squat More/Labeled_Dataset/videos/38101_1.mp4,,conflicting_pairs_sheet.csv: adjudicated_class (good_form / posture_fault / depth_fault / unusable),good_form vs depth_fault
3_pair_adjudication,,,37979_2 = 38105_2,/Users/tarpanmishra/Desktop/Squat More/Labeled_Dataset/videos/37979_2.mp4,,conflicting_pairs_sheet.csv: adjudicated_class (good_form / posture_fault / depth_fault / unusable),depth_fault vs good_form
3_pair_adjudication,,,45970_1 = 50848_1,/Users/tarpanmishra/Desktop/Squat More/Labeled_Dataset/videos/45970_1.mp4,,conflicting_pairs_sheet.csv: adjudicated_class (good_form / posture_fault / depth_fault / unusable),posture_fault vs good_form
3_pair_adjudication,,,37048_2 = 36887_2,/Users/tarpanmishra/Desktop/Squat More/Labeled_Dataset/videos/37048_2.mp4,,conflicting_pairs_sheet.csv: adjudicated_class (good_form / posture_fault / depth_fault / unusable),good_form vs depth_fault
3_pair_adjudication,,,50590_2 = 50860_2,/Users/tarpanmishra/Desktop/Squat More/Labeled_Dataset/videos/50590_2.mp4,,conflicting_pairs_sheet.csv: adjudicated_class (good_form / posture_fault / depth_fault / unusable),posture_fault vs good_form
3_pair_adjudication,,,37039_1 = 36113_1,/Users/tarpanmishra/Desktop/Squat More/Labeled_Dataset/videos/37039_1.mp4,,conflicting_pairs_sheet.csv: adjudicated_class (good_form / posture_fault / depth_fault / unusable),good_form vs depth_fault
3_pair_adjudication,,,37057_3 = 36365_3,/Users/tarpanmishra/Desktop/Squat More/Labeled_Dataset/videos/37057_3.mp4,,conflicting_pairs_sheet.csv: adjudicated_class (good_form / posture_fault / depth_fault / unusable),good_form vs depth_fault
3_pair_adjudication,,,37051_1 = 36980_1,/Users/tarpanmishra/Desktop/Squat More/Labeled_Dataset/videos/37051_1.mp4,,conflicting_pairs_sheet.csv: adjudicated_class (good_form / posture_fault / depth_fault / unusable),good_form vs posture_fault
3_pair_adjudication,,,36910_1 = 37043_1,/Users/tarpanmishra/Desktop/Squat More/Labeled_Dataset/videos/36910_1.mp4,,conflicting_pairs_sheet.csv: adjudicated_class (good_form / posture_fault / depth_fault / unusable),depth_fault vs good_form
3_pair_adjudication,,,38090_4 = 37904_4,/Users/tarpanmishra/Desktop/Squat More/Labeled_Dataset/videos/38090_4.mp4,,conflicting_pairs_sheet.csv: adjudicated_class (good_form / posture_fault / depth_fault / unusable),good_form vs depth_fault
3_pair_adjudication,,,33652_1 = 33948_1,/Users/tarpanmishra/Desktop/Squat More/Labeled_Dataset/videos/33652_1.mp4,,conflicting_pairs_sheet.csv: adjudicated_class (good_form / posture_fault / depth_fault / unusable),depth_fault vs good_form
3_pair_adjudication,,,50851_1 = 49353_1,/Users/tarpanmishra/Desktop/Squat More/Labeled_Dataset/videos/50851_1.mp4,,conflicting_pairs_sheet.csv: adjudicated_class (good_form / posture_fault / depth_fault / unusable),good_form vs posture_fault
3_pair_adjudication,,,38096_1 = 37429_1,/Users/tarpanmishra/Desktop/Squat More/Labeled_Dataset/videos/38096_1.mp4,,conflicting_pairs_sheet.csv: adjudicated_class (good_form / posture_fault / depth_fault / unusable),good_form vs depth_fault
3_pair_adjudication,,,46583_1 = 50864_1,/Users/tarpanmishra/Desktop/Squat More/Labeled_Dataset/videos/46583_1.mp4,,conflicting_pairs_sheet.csv: adjudicated_class (good_form / posture_fault / depth_fault / unusable),posture_fault vs good_form
3_pair_adjudication,,,38102_2 = 37980_2,/Users/tarpanmishra/Desktop/Squat More/Labeled_Dataset/videos/38102_2.mp4,,conflicting_pairs_sheet.csv: adjudicated_class (good_form / posture_fault / depth_fault / unusable),good_form vs depth_fault
3_pair_adjudication,,,36345_3 = 37041_3,/Users/tarpanmishra/Desktop/Squat More/Labeled_Dataset/videos/36345_3.mp4,,conflicting_pairs_sheet.csv: adjudicated_class (good_form / posture_fault / depth_fault / unusable),depth_fault vs good_form
3_pair_adjudication,,,38103_2 = 37709_2,/Users/tarpanmishra/Desktop/Squat More/Labeled_Dataset/videos/38103_2.mp4,,conflicting_pairs_sheet.csv: adjudicated_class (good_form / posture_fault / depth_fault / unusable),good_form vs depth_fault
3_pair_adjudication,,,37047_2 = 36049_2,/Users/tarpanmishra/Desktop/Squat More/Labeled_Dataset/videos/37047_2.mp4,,conflicting_pairs_sheet.csv: adjudicated_class (good_form / posture_fault / depth_fault / unusable),good_form vs posture_fault
3_pair_adjudication,,,50842_1 = 49338_1,/Users/tarpanmishra/Desktop/Squat More/Labeled_Dataset/videos/50842_1.mp4,,conflicting_pairs_sheet.csv: adjudicated_class (good_form / posture_fault / depth_fault / unusable),good_form vs posture_fault
3_pair_adjudication,,,37568_2 = 38112_2,/Users/tarpanmishra/Desktop/Squat More/Labeled_Dataset/videos/37568_2.mp4,,conflicting_pairs_sheet.csv: adjudicated_class (good_form / posture_fault / depth_fault / unusable),depth_fault vs good_form
3_pair_adjudication,,,47814_1 = 50825_1,/Users/tarpanmishra/Desktop/Squat More/Labeled_Dataset/videos/47814_1.mp4,,conflicting_pairs_sheet.csv: adjudicated_class (good_form / posture_fault / depth_fault / unusable),posture_fault vs good_form
3_pair_adjudication,,,37292_4 = 38108_4,/Users/tarpanmishra/Desktop/Squat More/Labeled_Dataset/videos/37292_4.mp4,,conflicting_pairs_sheet.csv: adjudicated_class (good_form / posture_fault / depth_fault / unusable),depth_fault vs good_form
3_pair_adjudication,,,37262_2 = 38099_2,/Users/tarpanmishra/Desktop/Squat More/Labeled_Dataset/videos/37262_2.mp4,,conflicting_pairs_sheet.csv: adjudicated_class (good_form / posture_fault / depth_fault / unusable),depth_fault vs good_form
3_pair_adjudication,,,46895_1 = 50838_1,/Users/tarpanmishra/Desktop/Squat More/Labeled_Dataset/videos/46895_1.mp4,,conflicting_pairs_sheet.csv: adjudicated_class (good_form / posture_fault / depth_fault / unusable),posture_fault vs good_form
3_pair_adjudication,,,33921_1 = 33072_1,/Users/tarpanmishra/Desktop/Squat More/Labeled_Dataset/videos/33921_1.mp4,,conflicting_pairs_sheet.csv: adjudicated_class (good_form / posture_fault / depth_fault / unusable),good_form vs posture_fault
3_pair_adjudication,,,38092_1 = 37998_1,/Users/tarpanmishra/Desktop/Squat More/Labeled_Dataset/videos/38092_1.mp4,,conflicting_pairs_sheet.csv: adjudicated_class (good_form / posture_fault / depth_fault / unusable),good_form vs depth_fault
3_pair_adjudication,,,33576_2 = 33961_2,/Users/tarpanmishra/Desktop/Squat More/Labeled_Dataset/videos/33576_2.mp4,,conflicting_pairs_sheet.csv: adjudicated_class (good_form / posture_fault / depth_fault / unusable),posture_fault vs good_form
3_pair_adjudication,,,36502_2 = 37042_2,/Users/tarpanmishra/Desktop/Squat More/Labeled_Dataset/videos/36502_2.mp4,,conflicting_pairs_sheet.csv: adjudicated_class (good_form / posture_fault / depth_fault / unusable),depth_fault vs good_form
3_pair_adjudication,,,37040_1 = 36552_1,/Users/tarpanmishra/Desktop/Squat More/Labeled_Dataset/videos/37040_1.mp4,,conflicting_pairs_sheet.csv: adjudicated_class (good_form / posture_fault / depth_fault / unusable),good_form vs depth_fault
3_pair_adjudication,,,50863_2 = 47587_2,/Users/tarpanmishra/Desktop/Squat More/Labeled_Dataset/videos/50863_2.mp4,,conflicting_pairs_sheet.csv: adjudicated_class (good_form / posture_fault / depth_fault / unusable),good_form vs posture_fault
3_pair_adjudication,,,50833_2 = 47080_2,/Users/tarpanmishra/Desktop/Squat More/Labeled_Dataset/videos/50833_2.mp4,,conflicting_pairs_sheet.csv: adjudicated_class (good_form / posture_fault / depth_fault / unusable),good_form vs posture_fault
3_pair_adjudication,,,50865_2 = 49943_2,/Users/tarpanmishra/Desktop/Squat More/Labeled_Dataset/videos/50865_2.mp4,,conflicting_pairs_sheet.csv: adjudicated_class (good_form / posture_fault / depth_fault / unusable),good_form vs posture_fault
