video,split,corpus_class,dataset_knees_forward_intervals_s,dataset_knees_inward_intervals_s,any_fault_interval,posture_v1_prob_fault,posture_v1_says_fault_at_0.525,rule_knees_forward,rule_peak_s,rule_peak_inside_labelled_interval,view,frames_dir,video_path
32903_8,train,depth_fault,[],[],no,0.613,yes,NOT_OBSERVED,1.267,,oblique,/Users/tarpanmishra/Desktop/Squat More/Labeled_Dataset/processed_videos/frames/32903_8,/Users/tarpanmishra/Desktop/Squat More/Labeled_Dataset/videos/32903_8.mp4
32939_2,train,depth_fault,[],[],no,0.594,yes,UNCERTAIN,1.133,,front,/Users/tarpanmishra/Desktop/Squat More/Labeled_Dataset/processed_videos/frames/32939_2,/Users/tarpanmishra/Desktop/Squat More/Labeled_Dataset/videos/32939_2.mp4
32964_1,train,depth_fault,"[[1.15, 2.51]]",[],yes,0.754,yes,OBSERVED,1.833,yes,oblique,/Users/tarpanmishra/Desktop/Squat More/Labeled_Dataset/processed_videos/frames/32964_1,/Users/tarpanmishra/Desktop/Squat More/Labeled_Dataset/videos/32964_1.mp4
32971_2,train,depth_fault,"[[0.62, 2.56]]",[],yes,0.499,no,OBSERVED,0.933,yes,oblique,/Users/tarpanmishra/Desktop/Squat More/Labeled_Dataset/processed_videos/frames/32971_2,/Users/tarpanmishra/Desktop/Squat More/Labeled_Dataset/videos/32971_2.mp4
32975_6,train,depth_fault,[],[],no,0.411,no,OBSERVED,0.867,,oblique,/Users/tarpanmishra/Desktop/Squat More/Labeled_Dataset/processed_videos/frames/32975_6,/Users/tarpanmishra/Desktop/Squat More/Labeled_Dataset/videos/32975_6.mp4
32977_1,train,depth_fault,"[[0.69, 2.13]]",[],yes,0.577,yes,OBSERVED,1.167,yes,oblique,/Users/tarpanmishra/Desktop/Squat More/Labeled_Dataset/processed_videos/frames/32977_1,/Users/tarpanmishra/Desktop/Squat More/Labeled_Dataset/videos/32977_1.mp4
32979_1,train,depth_fault,"[[0.55, 2.39]]",[],yes,0.048,no,NOT_OBSERVED,1.633,yes,side,/Users/tarpanmishra/Desktop/Squat More/Labeled_Dataset/processed_videos/frames/32979_1,/Users/tarpanmishra/Desktop/Squat More/Labeled_Dataset/videos/32979_1.mp4
32990_6,train,depth_fault,"[[1.39, 2.35]]",[],yes,0.334,no,OBSERVED,1.9,yes,side,/Users/tarpanmishra/Desktop/Squat More/Labeled_Dataset/processed_videos/frames/32990_6,/Users/tarpanmishra/Desktop/Squat More/Labeled_Dataset/videos/32990_6.mp4
32991_2,train,depth_fault,"[[3.63, 5.18]]",[],yes,0.002,no,UNCERTAIN,,,unknown,/Users/tarpanmishra/Desktop/Squat More/Labeled_Dataset/processed_videos/frames/32991_2,/Users/tarpanmishra/Desktop/Squat More/Labeled_Dataset/videos/32991_2.mp4
32995_3,train,depth_fault,"[[2.16, 4.99]]",[],yes,0.850,yes,NOT_OBSERVED,3.633,yes,side,/Users/tarpanmishra/Desktop/Squat More/Labeled_Dataset/processed_videos/frames/32995_3,/Users/tarpanmishra/Desktop/Squat More/Labeled_Dataset/videos/32995_3.mp4
32996_2,train,depth_fault,[],[],no,0.160,no,UNCERTAIN,1.4,,oblique,/Users/tarpanmishra/Desktop/Squat More/Labeled_Dataset/processed_videos/frames/32996_2,/Users/tarpanmishra/Desktop/Squat More/Labeled_Dataset/videos/32996_2.mp4
33006_2,train,depth_fault,"[[1.55, 3.36]]",[],yes,0.900,yes,OBSERVED,1.933,yes,oblique,/Users/tarpanmishra/Desktop/Squat More/Labeled_Dataset/processed_videos/frames/33006_2,/Users/tarpanmishra/Desktop/Squat More/Labeled_Dataset/videos/33006_2.mp4
33010_3,train,depth_fault,"[[0.51, 1.68]]",[],yes,0.151,no,NOT_OBSERVED,1.1,yes,oblique,/Users/tarpanmishra/Desktop/Squat More/Labeled_Dataset/processed_videos/frames/33010_3,/Users/tarpanmishra/Desktop/Squat More/Labeled_Dataset/videos/33010_3.mp4
33024_2,train,depth_fault,"[[0.96, 2.94]]","[[1.61, 2.56], [1.57, 2.34]]",yes,0.720,yes,OBSERVED,1.2,yes,oblique,/Users/tarpanmishra/Desktop/Squat More/Labeled_Dataset/processed_videos/frames/33024_2,/Users/tarpanmishra/Desktop/Squat More/Labeled_Dataset/videos/33024_2.mp4
33028_2,train,depth_fault,"[[1.18, 3.15]]",[],yes,0.500,no,UNCERTAIN,,,unknown,/Users/tarpanmishra/Desktop/Squat More/Labeled_Dataset/processed_videos/frames/33028_2,/Users/tarpanmishra/Desktop/Squat More/Labeled_Dataset/videos/33028_2.mp4
33044_11,train,posture_fault,"[[0.93, 2.0]]",[],yes,0.796,yes,OBSERVED,1.467,yes,oblique,/Users/tarpanmishra/Desktop/Squat More/Labeled_Dataset/processed_videos/frames/33044_11,/Users/tarpanmishra/Desktop/Squat More/Labeled_Dataset/videos/33044_11.mp4
33045_1,train,depth_fault,"[[0.68, 2.34]]",[],yes,0.215,no,NOT_OBSERVED,1.567,yes,oblique,/Users/tarpanmishra/Desktop/Squat More/Labeled_Dataset/processed_videos/frames/33045_1,/Users/tarpanmishra/Desktop/Squat More/Labeled_Dataset/videos/33045_1.mp4
33048_1,train,depth_fault,[],[],no,0.731,yes,UNCERTAIN,1.533,,oblique,/Users/tarpanmishra/Desktop/Squat More/Labeled_Dataset/processed_videos/frames/33048_1,/Users/tarpanmishra/Desktop/Squat More/Labeled_Dataset/videos/33048_1.mp4
33051_1,train,depth_fault,"[[1.19, 4.95]]",[],yes,0.792,yes,OBSERVED,1.7,yes,oblique,/Users/tarpanmishra/Desktop/Squat More/Labeled_Dataset/processed_videos/frames/33051_1,/Users/tarpanmishra/Desktop/Squat More/Labeled_Dataset/videos/33051_1.mp4
33052_1,train,depth_fault,"[[2.62, 4.53]]",[],yes,0.686,yes,NOT_OBSERVED,1.833,no,side,/Users/tarpanmishra/Desktop/Squat More/Labeled_Dataset/processed_videos/frames/33052_1,/Users/tarpanmishra/Desktop/Squat More/Labeled_Dataset/videos/33052_1.mp4
33058_3,train,depth_fault,"[[1.18, 2.02]]",[],yes,0.105,no,UNCERTAIN,,,oblique,/Users/tarpanmishra/Desktop/Squat More/Labeled_Dataset/processed_videos/frames/33058_3,/Users/tarpanmishra/Desktop/Squat More/Labeled_Dataset/videos/33058_3.mp4
33063_6,train,depth_fault,[],"[[2.28, 3.72], [2.23, 3.7]]",yes,0.726,yes,OBSERVED,1.967,,oblique,/Users/tarpanmishra/Desktop/Squat More/Labeled_Dataset/processed_videos/frames/33063_6,/Users/tarpanmishra/Desktop/Squat More/Labeled_Dataset/videos/33063_6.mp4
33071_1,train,depth_fault,"[[0.68, 1.64]]",[],yes,0.266,no,OBSERVED,1.033,yes,oblique,/Users/tarpanmishra/Desktop/Squat More/Labeled_Dataset/processed_videos/frames/33071_1,/Users/tarpanmishra/Desktop/Squat More/Labeled_Dataset/videos/33071_1.mp4
33095_3,train,depth_fault,"[[0.34, 2.22]]",[],yes,0.658,yes,UNCERTAIN,1.4,yes,front,/Users/tarpanmishra/Desktop/Squat More/Labeled_Dataset/processed_videos/frames/33095_3,/Users/tarpanmishra/Desktop/Squat More/Labeled_Dataset/videos/33095_3.mp4
33096_3,train,depth_fault,[],[],no,0.483,no,OBSERVED,1.3,,oblique,/Users/tarpanmishra/Desktop/Squat More/Labeled_Dataset/processed_videos/frames/33096_3,/Users/tarpanmishra/Desktop/Squat More/Labeled_Dataset/videos/33096_3.mp4
33103_2,train,depth_fault,[],[],no,0.103,no,UNCERTAIN,,,oblique,/Users/tarpanmishra/Desktop/Squat More/Labeled_Dataset/processed_videos/frames/33103_2,/Users/tarpanmishra/Desktop/Squat More/Labeled_Dataset/videos/33103_2.mp4
33104_4,train,depth_fault,[],[],no,0.498,no,UNCERTAIN,1.1,,side,/Users/tarpanmishra/Desktop/Squat More/Labeled_Dataset/processed_videos/frames/33104_4,/Users/tarpanmishra/Desktop/Squat More/Labeled_Dataset/videos/33104_4.mp4
33124_2,train,depth_fault,"[[0.68, 2.47]]",[],yes,0.733,yes,OBSERVED,1.133,yes,oblique,/Users/tarpanmishra/Desktop/Squat More/Labeled_Dataset/processed_videos/frames/33124_2,/Users/tarpanmishra/Desktop/Squat More/Labeled_Dataset/videos/33124_2.mp4
33146_1,train,posture_fault,"[[3.74, 4.43], [2.57, 4.87]]",[],yes,0.522,no,NOT_OBSERVED,1.567,no,oblique,/Users/tarpanmishra/Desktop/Squat More/Labeled_Dataset/processed_videos/frames/33146_1,/Users/tarpanmishra/Desktop/Squat More/Labeled_Dataset/videos/33146_1.mp4
33153_4,train,posture_fault,"[[0.62, 2.13]]",[],yes,0.782,yes,NOT_OBSERVED,0.967,yes,oblique,/Users/tarpanmishra/Desktop/Squat More/Labeled_Dataset/processed_videos/frames/33153_4,/Users/tarpanmishra/Desktop/Squat More/Labeled_Dataset/videos/33153_4.mp4
33159_5,train,depth_fault,[],[],no,0.430,no,UNCERTAIN,,,unknown,/Users/tarpanmishra/Desktop/Squat More/Labeled_Dataset/processed_videos/frames/33159_5,/Users/tarpanmishra/Desktop/Squat More/Labeled_Dataset/videos/33159_5.mp4
33166_1,train,depth_fault,"[[1.46, 2.8]]",[],yes,0.164,no,OBSERVED,2.1,yes,oblique,/Users/tarpanmishra/Desktop/Squat More/Labeled_Dataset/processed_videos/frames/33166_1,/Users/tarpanmishra/Desktop/Squat More/Labeled_Dataset/videos/33166_1.mp4
33171_1,train,depth_fault,"[[0.74, 4.09]]",[],yes,0.619,yes,OBSERVED,1.833,yes,side,/Users/tarpanmishra/Desktop/Squat More/Labeled_Dataset/processed_videos/frames/33171_1,/Users/tarpanmishra/Desktop/Squat More/Labeled_Dataset/videos/33171_1.mp4
33176_3,train,posture_fault,"[[1.92, 3.47]]","[[1.41, 2.61], [1.44, 2.4]]",yes,0.598,yes,NOT_OBSERVED,1.233,no,side,/Users/tarpanmishra/Desktop/Squat More/Labeled_Dataset/processed_videos/frames/33176_3,/Users/tarpanmishra/Desktop/Squat More/Labeled_Dataset/videos/33176_3.mp4
33203_1,train,posture_fault,"[[0.88, 3.74]]",[],yes,0.328,no,UNCERTAIN,,,unknown,/Users/tarpanmishra/Desktop/Squat More/Labeled_Dataset/processed_videos/frames/33203_1,/Users/tarpanmishra/Desktop/Squat More/Labeled_Dataset/videos/33203_1.mp4
33207_1,train,depth_fault,[],"[[1.8, 3.39], [1.89, 3.04]]",yes,0.484,no,OBSERVED,1.467,,oblique,/Users/tarpanmishra/Desktop/Squat More/Labeled_Dataset/processed_videos/frames/33207_1,/Users/tarpanmishra/Desktop/Squat More/Labeled_Dataset/videos/33207_1.mp4
33218_2,train,depth_fault,"[[2.57, 3.57], [2.1, 3.6]]",[],yes,0.832,yes,OBSERVED,1.233,no,oblique,/Users/tarpanmishra/Desktop/Squat More/Labeled_Dataset/processed_videos/frames/33218_2,/Users/tarpanmishra/Desktop/Squat More/Labeled_Dataset/videos/33218_2.mp4
33223_1,train,posture_fault,"[[0.56, 2.07]]","[[1.62, 2.64]]",yes,0.831,yes,OBSERVED,1.133,yes,oblique,/Users/tarpanmishra/Desktop/Squat More/Labeled_Dataset/processed_videos/frames/33223_1,/Users/tarpanmishra/Desktop/Squat More/Labeled_Dataset/videos/33223_1.mp4
33234_1,train,depth_fault,"[[1.33, 3.1]]","[[2.03, 3.01], [2.01, 2.92]]",yes,0.423,no,NOT_OBSERVED,1.867,yes,side,/Users/tarpanmishra/Desktop/Squat More/Labeled_Dataset/processed_videos/frames/33234_1,/Users/tarpanmishra/Desktop/Squat More/Labeled_Dataset/videos/33234_1.mp4
33235_2,train,depth_fault,"[[0.68, 1.92]]",[],yes,0.167,no,UNCERTAIN,1.333,yes,front,/Users/tarpanmishra/Desktop/Squat More/Labeled_Dataset/processed_videos/frames/33235_2,/Users/tarpanmishra/Desktop/Squat More/Labeled_Dataset/videos/33235_2.mp4
33236_3,train,depth_fault,"[[0.75, 2.35]]",[],yes,0.352,no,UNCERTAIN,,,oblique,/Users/tarpanmishra/Desktop/Squat More/Labeled_Dataset/processed_videos/frames/33236_3,/Users/tarpanmishra/Desktop/Squat More/Labeled_Dataset/videos/33236_3.mp4
33238_3,train,depth_fault,"[[0.66, 2.47]]",[],yes,0.626,yes,OBSERVED,1.2,yes,side,/Users/tarpanmishra/Desktop/Squat More/Labeled_Dataset/processed_videos/frames/33238_3,/Users/tarpanmishra/Desktop/Squat More/Labeled_Dataset/videos/33238_3.mp4
33245_2,train,depth_fault,[],[],no,0.500,no,UNCERTAIN,,,unknown,/Users/tarpanmishra/Desktop/Squat More/Labeled_Dataset/processed_videos/frames/33245_2,/Users/tarpanmishra/Desktop/Squat More/Labeled_Dataset/videos/33245_2.mp4
33253_2,train,depth_fault,"[[0.44, 3.13]]",[],yes,0.796,yes,OBSERVED,1.133,yes,oblique,/Users/tarpanmishra/Desktop/Squat More/Labeled_Dataset/processed_videos/frames/33253_2,/Users/tarpanmishra/Desktop/Squat More/Labeled_Dataset/videos/33253_2.mp4
33254_1,train,depth_fault,"[[1.26, 3.44]]",[],yes,0.701,yes,OBSERVED,1.733,yes,oblique,/Users/tarpanmishra/Desktop/Squat More/Labeled_Dataset/processed_videos/frames/33254_1,/Users/tarpanmishra/Desktop/Squat More/Labeled_Dataset/videos/33254_1.mp4
33277_10,train,depth_fault,"[[0.74, 1.28], [0.66, 2.07]]",[],yes,0.607,yes,OBSERVED,0.967,yes,oblique,/Users/tarpanmishra/Desktop/Squat More/Labeled_Dataset/processed_videos/frames/33277_10,/Users/tarpanmishra/Desktop/Squat More/Labeled_Dataset/videos/33277_10.mp4
33279_1,train,depth_fault,"[[1.45, 4.72]]","[[2.71, 4.63]]",yes,0.725,yes,UNCERTAIN,2.4,yes,front,/Users/tarpanmishra/Desktop/Squat More/Labeled_Dataset/processed_videos/frames/33279_1,/Users/tarpanmishra/Desktop/Squat More/Labeled_Dataset/videos/33279_1.mp4
33284_1,train,depth_fault,"[[0.93, 2.66]]",[],yes,0.308,no,UNCERTAIN,1.933,yes,side,/Users/tarpanmishra/Desktop/Squat More/Labeled_Dataset/processed_videos/frames/33284_1,/Users/tarpanmishra/Desktop/Squat More/Labeled_Dataset/videos/33284_1.mp4
33289_4,train,posture_fault,"[[2.06, 4.55]]",[],yes,0.224,no,UNCERTAIN,1.4,no,side,/Users/tarpanmishra/Desktop/Squat More/Labeled_Dataset/processed_videos/frames/33289_4,/Users/tarpanmishra/Desktop/Squat More/Labeled_Dataset/videos/33289_4.mp4
33290_1,train,depth_fault,[],[],no,0.764,yes,OBSERVED,1.367,,oblique,/Users/tarpanmishra/Desktop/Squat More/Labeled_Dataset/processed_videos/frames/33290_1,/Users/tarpanmishra/Desktop/Squat More/Labeled_Dataset/videos/33290_1.mp4
33301_1,train,depth_fault,"[[1.15, 4.18]]","[[1.93, 3.67]]",yes,0.904,yes,OBSERVED,1.467,yes,oblique,/Users/tarpanmishra/Desktop/Squat More/Labeled_Dataset/processed_videos/frames/33301_1,/Users/tarpanmishra/Desktop/Squat More/Labeled_Dataset/videos/33301_1.mp4
33303_1,train,posture_fault,"[[0.66, 5.13]]",[],yes,0.970,yes,OBSERVED,1.167,yes,oblique,/Users/tarpanmishra/Desktop/Squat More/Labeled_Dataset/processed_videos/frames/33303_1,/Users/tarpanmishra/Desktop/Squat More/Labeled_Dataset/videos/33303_1.mp4
33305_8,train,good_form,[],[],no,0.152,no,UNCERTAIN,,,unknown,/Users/tarpanmishra/Desktop/Squat More/Labeled_Dataset/processed_videos/frames/33305_8,/Users/tarpanmishra/Desktop/Squat More/Labeled_Dataset/videos/33305_8.mp4
33329_5,train,depth_fault,[],"[[1.89, 2.93]]",yes,0.651,yes,OBSERVED,1.667,,oblique,/Users/tarpanmishra/Desktop/Squat More/Labeled_Dataset/processed_videos/frames/33329_5,/Users/tarpanmishra/Desktop/Squat More/Labeled_Dataset/videos/33329_5.mp4
33330_3,train,good_form,[],[],no,0.566,yes,UNCERTAIN,1.733,,oblique,/Users/tarpanmishra/Desktop/Squat More/Labeled_Dataset/processed_videos/frames/33330_3,/Users/tarpanmishra/Desktop/Squat More/Labeled_Dataset/videos/33330_3.mp4
33334_2,train,depth_fault,"[[1.1, 2.37]]",[],yes,0.498,no,UNCERTAIN,,,unknown,/Users/tarpanmishra/Desktop/Squat More/Labeled_Dataset/processed_videos/frames/33334_2,/Users/tarpanmishra/Desktop/Squat More/Labeled_Dataset/videos/33334_2.mp4
33357_2,train,depth_fault,"[[1.71, 2.61], [3.61, 4.53], [3.52, 4.24]]",[],yes,0.859,yes,NOT_OBSERVED,2.2,yes,oblique,/Users/tarpanmishra/Desktop/Squat More/Labeled_Dataset/processed_videos/frames/33357_2,/Users/tarpanmishra/Desktop/Squat More/Labeled_Dataset/videos/33357_2.mp4
33364_2,train,depth_fault,"[[0.78, 2.47]]",[],yes,0.760,yes,NOT_OBSERVED,1.133,yes,oblique,/Users/tarpanmishra/Desktop/Squat More/Labeled_Dataset/processed_videos/frames/33364_2,/Users/tarpanmishra/Desktop/Squat More/Labeled_Dataset/videos/33364_2.mp4
33374_2,train,depth_fault,"[[0.62, 1.5]]",[],yes,0.236,no,OBSERVED,0.8,yes,oblique,/Users/tarpanmishra/Desktop/Squat More/Labeled_Dataset/processed_videos/frames/33374_2,/Users/tarpanmishra/Desktop/Squat More/Labeled_Dataset/videos/33374_2.mp4
33375_5,train,depth_fault,"[[2.06, 2.62], [3.96, 4.72], [1.96, 4.36]]","[[2.76, 4.17], [2.59, 4.18]]",yes,0.930,yes,OBSERVED,2.4,yes,oblique,/Users/tarpanmishra/Desktop/Squat More/Labeled_Dataset/processed_videos/frames/33375_5,/Users/tarpanmishra/Desktop/Squat More/Labeled_Dataset/videos/33375_5.mp4
33384_1,train,depth_fault,"[[1.18, 3.86]]",[],yes,0.805,yes,NOT_OBSERVED,1.567,yes,oblique,/Users/tarpanmishra/Desktop/Squat More/Labeled_Dataset/processed_videos/frames/33384_1,/Users/tarpanmishra/Desktop/Squat More/Labeled_Dataset/videos/33384_1.mp4
33388_4,train,good_form,[],[],no,0.488,no,NOT_OBSERVED,1.167,,side,/Users/tarpanmishra/Desktop/Squat More/Labeled_Dataset/processed_videos/frames/33388_4,/Users/tarpanmishra/Desktop/Squat More/Labeled_Dataset/videos/33388_4.mp4
33406_8,train,depth_fault,"[[0.69, 2.52]]",[],yes,0.711,yes,OBSERVED,1.1,yes,side,/Users/tarpanmishra/Desktop/Squat More/Labeled_Dataset/processed_videos/frames/33406_8,/Users/tarpanmishra/Desktop/Squat More/Labeled_Dataset/videos/33406_8.mp4
33417_1,train,posture_fault,"[[2.22, 3.49]]",[],yes,0.932,yes,OBSERVED,1.233,no,oblique,/Users/tarpanmishra/Desktop/Squat More/Labeled_Dataset/processed_videos/frames/33417_1,/Users/tarpanmishra/Desktop/Squat More/Labeled_Dataset/videos/33417_1.mp4
33425_1,train,posture_fault,"[[3.06, 6.38]]",[],yes,0.849,yes,NOT_OBSERVED,2.4,no,side,/Users/tarpanmishra/Desktop/Squat More/Labeled_Dataset/processed_videos/frames/33425_1,/Users/tarpanmishra/Desktop/Squat More/Labeled_Dataset/videos/33425_1.mp4
33427_1,train,depth_fault,"[[0.39, 2.03]]",[],yes,0.643,yes,OBSERVED,1.3,yes,oblique,/Users/tarpanmishra/Desktop/Squat More/Labeled_Dataset/processed_videos/frames/33427_1,/Users/tarpanmishra/Desktop/Squat More/Labeled_Dataset/videos/33427_1.mp4
33430_2,train,depth_fault,"[[0.9, 3.46]]",[],yes,0.704,yes,UNCERTAIN,,,front,/Users/tarpanmishra/Desktop/Squat More/Labeled_Dataset/processed_videos/frames/33430_2,/Users/tarpanmishra/Desktop/Squat More/Labeled_Dataset/videos/33430_2.mp4
33432_2,train,depth_fault,"[[0.66, 2.66]]","[[2.19, 3.36]]",yes,0.415,no,OBSERVED,1.867,yes,oblique,/Users/tarpanmishra/Desktop/Squat More/Labeled_Dataset/processed_videos/frames/33432_2,/Users/tarpanmishra/Desktop/Squat More/Labeled_Dataset/videos/33432_2.mp4
33433_2,train,depth_fault,"[[0.58, 2.33]]",[],yes,0.802,yes,OBSERVED,1.533,yes,oblique,/Users/tarpanmishra/Desktop/Squat More/Labeled_Dataset/processed_videos/frames/33433_2,/Users/tarpanmishra/Desktop/Squat More/Labeled_Dataset/videos/33433_2.mp4
33434_1,train,depth_fault,"[[0.53, 1.61]]",[],yes,0.323,no,OBSERVED,0.933,yes,side,/Users/tarpanmishra/Desktop/Squat More/Labeled_Dataset/processed_videos/frames/33434_1,/Users/tarpanmishra/Desktop/Squat More/Labeled_Dataset/videos/33434_1.mp4
33440_2,train,depth_fault,[],[],no,0.631,yes,OBSERVED,1.033,,oblique,/Users/tarpanmishra/Desktop/Squat More/Labeled_Dataset/processed_videos/frames/33440_2,/Users/tarpanmishra/Desktop/Squat More/Labeled_Dataset/videos/33440_2.mp4
33461_2,train,depth_fault,"[[0.73, 2.31]]",[],yes,0.790,yes,OBSERVED,1.4,yes,oblique,/Users/tarpanmishra/Desktop/Squat More/Labeled_Dataset/processed_videos/frames/33461_2,/Users/tarpanmishra/Desktop/Squat More/Labeled_Dataset/videos/33461_2.mp4
33468_2,train,depth_fault,"[[4.58, 5.31]]",[],yes,0.844,yes,OBSERVED,3.733,no,oblique,/Users/tarpanmishra/Desktop/Squat More/Labeled_Dataset/processed_videos/frames/33468_2,/Users/tarpanmishra/Desktop/Squat More/Labeled_Dataset/videos/33468_2.mp4
33485_2,train,depth_fault,"[[0.47, 1.79]]",[],yes,0.318,no,NOT_OBSERVED,0.8,yes,oblique,/Users/tarpanmishra/Desktop/Squat More/Labeled_Dataset/processed_videos/frames/33485_2,/Users/tarpanmishra/Desktop/Squat More/Labeled_Dataset/videos/33485_2.mp4
33491_1,train,depth_fault,"[[0.5, 2.72]]",[],yes,0.467,no,UNCERTAIN,0.967,yes,front,/Users/tarpanmishra/Desktop/Squat More/Labeled_Dataset/processed_videos/frames/33491_1,/Users/tarpanmishra/Desktop/Squat More/Labeled_Dataset/videos/33491_1.mp4
33497_1,train,good_form,[],[],no,0.136,no,NOT_OBSERVED,0.733,,oblique,/Users/tarpanmishra/Desktop/Squat More/Labeled_Dataset/processed_videos/frames/33497_1,/Users/tarpanmishra/Desktop/Squat More/Labeled_Dataset/videos/33497_1.mp4
33511_1,train,good_form,[],[],no,0.147,no,UNCERTAIN,,,unknown,/Users/tarpanmishra/Desktop/Squat More/Labeled_Dataset/processed_videos/frames/33511_1,/Users/tarpanmishra/Desktop/Squat More/Labeled_Dataset/videos/33511_1.mp4
33513_1,train,depth_fault,[],[],no,0.339,no,UNCERTAIN,,,side,/Users/tarpanmishra/Desktop/Squat More/Labeled_Dataset/processed_videos/frames/33513_1,/Users/tarpanmishra/Desktop/Squat More/Labeled_Dataset/videos/33513_1.mp4
33532_1,train,depth_fault,"[[2.94, 8.17]]",[],yes,0.437,no,OBSERVED,4.967,yes,oblique,/Users/tarpanmishra/Desktop/Squat More/Labeled_Dataset/processed_videos/frames/33532_1,/Users/tarpanmishra/Desktop/Squat More/Labeled_Dataset/videos/33532_1.mp4
33547_1,train,good_form,[],[],no,0.331,no,OBSERVED,2.0,,oblique,/Users/tarpanmishra/Desktop/Squat More/Labeled_Dataset/processed_videos/frames/33547_1,/Users/tarpanmishra/Desktop/Squat More/Labeled_Dataset/videos/33547_1.mp4
33552_4,train,depth_fault,[],[],no,0.112,no,UNCERTAIN,,,oblique,/Users/tarpanmishra/Desktop/Squat More/Labeled_Dataset/processed_videos/frames/33552_4,/Users/tarpanmishra/Desktop/Squat More/Labeled_Dataset/videos/33552_4.mp4
33554_3,train,depth_fault,[],[],no,0.028,no,UNCERTAIN,0.833,,side,/Users/tarpanmishra/Desktop/Squat More/Labeled_Dataset/processed_videos/frames/33554_3,/Users/tarpanmishra/Desktop/Squat More/Labeled_Dataset/videos/33554_3.mp4
33561_3,train,depth_fault,"[[0.8, 2.1]]",[],yes,0.229,no,OBSERVED,0.967,yes,oblique,/Users/tarpanmishra/Desktop/Squat More/Labeled_Dataset/processed_videos/frames/33561_3,/Users/tarpanmishra/Desktop/Squat More/Labeled_Dataset/videos/33561_3.mp4
33565_1,train,depth_fault,"[[1.2, 2.55]]",[],yes,0.550,yes,UNCERTAIN,1.733,yes,oblique,/Users/tarpanmishra/Desktop/Squat More/Labeled_Dataset/processed_videos/frames/33565_1,/Users/tarpanmishra/Desktop/Squat More/Labeled_Dataset/videos/33565_1.mp4
33591_1,train,depth_fault,"[[0.93, 2.99]]","[[1.63, 2.92], [1.49, 2.54]]",yes,0.640,yes,OBSERVED,1.133,yes,oblique,/Users/tarpanmishra/Desktop/Squat More/Labeled_Dataset/processed_videos/frames/33591_1,/Users/tarpanmishra/Desktop/Squat More/Labeled_Dataset/videos/33591_1.mp4
33594_1,train,depth_fault,"[[2.19, 2.91]]","[[1.66, 2.63]]",yes,0.583,yes,OBSERVED,1.267,no,side,/Users/tarpanmishra/Desktop/Squat More/Labeled_Dataset/processed_videos/frames/33594_1,/Users/tarpanmishra/Desktop/Squat More/Labeled_Dataset/videos/33594_1.mp4
33599_4,train,depth_fault,"[[0.47, 2.16]]",[],yes,0.302,no,OBSERVED,0.9,yes,oblique,/Users/tarpanmishra/Desktop/Squat More/Labeled_Dataset/processed_videos/frames/33599_4,/Users/tarpanmishra/Desktop/Squat More/Labeled_Dataset/videos/33599_4.mp4
33601_2,train,depth_fault,"[[0.78, 2.43]]",[],yes,0.471,no,OBSERVED,1.133,yes,oblique,/Users/tarpanmishra/Desktop/Squat More/Labeled_Dataset/processed_videos/frames/33601_2,/Users/tarpanmishra/Desktop/Squat More/Labeled_Dataset/videos/33601_2.mp4
33608_4,train,depth_fault,"[[0.82, 2.97]]",[],yes,0.767,yes,NOT_OBSERVED,1.4,yes,oblique,/Users/tarpanmishra/Desktop/Squat More/Labeled_Dataset/processed_videos/frames/33608_4,/Users/tarpanmishra/Desktop/Squat More/Labeled_Dataset/videos/33608_4.mp4
33620_4,train,depth_fault,"[[0.78, 2.06]]","[[1.58, 2.87], [1.71, 2.78]]",yes,0.633,yes,UNCERTAIN,,,unknown,/Users/tarpanmishra/Desktop/Squat More/Labeled_Dataset/processed_videos/frames/33620_4,/Users/tarpanmishra/Desktop/Squat More/Labeled_Dataset/videos/33620_4.mp4
33641_3,train,posture_fault,"[[0.86, 2.31]]",[],yes,0.488,no,NOT_OBSERVED,1.133,yes,oblique,/Users/tarpanmishra/Desktop/Squat More/Labeled_Dataset/processed_videos/frames/33641_3,/Users/tarpanmishra/Desktop/Squat More/Labeled_Dataset/videos/33641_3.mp4
33643_1,train,posture_fault,"[[2.24, 3.02]]",[],yes,0.714,yes,NOT_OBSERVED,1.433,no,oblique,/Users/tarpanmishra/Desktop/Squat More/Labeled_Dataset/processed_videos/frames/33643_1,/Users/tarpanmishra/Desktop/Squat More/Labeled_Dataset/videos/33643_1.mp4
33648_1,train,depth_fault,"[[2.11, 5.45]]",[],yes,0.711,yes,NOT_OBSERVED,3.4,yes,oblique,/Users/tarpanmishra/Desktop/Squat More/Labeled_Dataset/processed_videos/frames/33648_1,/Users/tarpanmishra/Desktop/Squat More/Labeled_Dataset/videos/33648_1.mp4
33654_3,train,depth_fault,"[[0.48, 1.73]]",[],yes,0.428,no,OBSERVED,1.033,yes,oblique,/Users/tarpanmishra/Desktop/Squat More/Labeled_Dataset/processed_videos/frames/33654_3,/Users/tarpanmishra/Desktop/Squat More/Labeled_Dataset/videos/33654_3.mp4
33658_1,train,depth_fault,"[[0.66, 2.87]]","[[1.41, 2.88], [1.46, 2.68]]",yes,0.749,yes,OBSERVED,1.033,yes,oblique,/Users/tarpanmishra/Desktop/Squat More/Labeled_Dataset/processed_videos/frames/33658_1,/Users/tarpanmishra/Desktop/Squat More/Labeled_Dataset/videos/33658_1.mp4
33659_3,train,depth_fault,[],[],no,0.164,no,UNCERTAIN,2.033,,oblique,/Users/tarpanmishra/Desktop/Squat More/Labeled_Dataset/processed_videos/frames/33659_3,/Users/tarpanmishra/Desktop/Squat More/Labeled_Dataset/videos/33659_3.mp4
33660_8,train,good_form,[],[],no,0.029,no,UNCERTAIN,1.2,,side,/Users/tarpanmishra/Desktop/Squat More/Labeled_Dataset/processed_videos/frames/33660_8,/Users/tarpanmishra/Desktop/Squat More/Labeled_Dataset/videos/33660_8.mp4
33666_7,train,depth_fault,[],[],no,0.266,no,UNCERTAIN,1.233,,oblique,/Users/tarpanmishra/Desktop/Squat More/Labeled_Dataset/processed_videos/frames/33666_7,/Users/tarpanmishra/Desktop/Squat More/Labeled_Dataset/videos/33666_7.mp4
33667_1,train,posture_fault,"[[2.54, 4.37]]",[],yes,0.712,yes,NOT_OBSERVED,3.6,yes,oblique,/Users/tarpanmishra/Desktop/Squat More/Labeled_Dataset/processed_videos/frames/33667_1,/Users/tarpanmishra/Desktop/Squat More/Labeled_Dataset/videos/33667_1.mp4
33676_1,train,depth_fault,"[[1.85, 4.95]]",[],yes,0.833,yes,NOT_OBSERVED,2.967,yes,oblique,/Users/tarpanmishra/Desktop/Squat More/Labeled_Dataset/processed_videos/frames/33676_1,/Users/tarpanmishra/Desktop/Squat More/Labeled_Dataset/videos/33676_1.mp4
33691_4,train,depth_fault,"[[0.54, 2.11]]",[],yes,0.113,no,OBSERVED,0.933,yes,side,/Users/tarpanmishra/Desktop/Squat More/Labeled_Dataset/processed_videos/frames/33691_4,/Users/tarpanmishra/Desktop/Squat More/Labeled_Dataset/videos/33691_4.mp4
33726_5,train,depth_fault,[],[],no,0.373,no,NOT_OBSERVED,1.233,,oblique,/Users/tarpanmishra/Desktop/Squat More/Labeled_Dataset/processed_videos/frames/33726_5,/Users/tarpanmishra/Desktop/Squat More/Labeled_Dataset/videos/33726_5.mp4
33729_4,train,depth_fault,"[[0.7, 1.73]]",[],yes,0.158,no,OBSERVED,1.433,yes,oblique,/Users/tarpanmishra/Desktop/Squat More/Labeled_Dataset/processed_videos/frames/33729_4,/Users/tarpanmishra/Desktop/Squat More/Labeled_Dataset/videos/33729_4.mp4
33735_8,train,depth_fault,[],[],no,0.717,yes,UNCERTAIN,,,oblique,/Users/tarpanmishra/Desktop/Squat More/Labeled_Dataset/processed_videos/frames/33735_8,/Users/tarpanmishra/Desktop/Squat More/Labeled_Dataset/videos/33735_8.mp4
33747_2,train,depth_fault,"[[1.51, 2.03], [0.99, 2.39]]",[],yes,0.569,yes,NOT_OBSERVED,1.533,yes,oblique,/Users/tarpanmishra/Desktop/Squat More/Labeled_Dataset/processed_videos/frames/33747_2,/Users/tarpanmishra/Desktop/Squat More/Labeled_Dataset/videos/33747_2.mp4
33752_3,train,good_form,[],[],no,0.728,yes,NOT_OBSERVED,1.233,,oblique,/Users/tarpanmishra/Desktop/Squat More/Labeled_Dataset/processed_videos/frames/33752_3,/Users/tarpanmishra/Desktop/Squat More/Labeled_Dataset/videos/33752_3.mp4
33765_1,train,depth_fault,[],[],no,0.073,no,UNCERTAIN,,,side,/Users/tarpanmishra/Desktop/Squat More/Labeled_Dataset/processed_videos/frames/33765_1,/Users/tarpanmishra/Desktop/Squat More/Labeled_Dataset/videos/33765_1.mp4
33777_8,train,posture_fault,"[[1.32, 2.66]]",[],yes,0.708,yes,NOT_OBSERVED,2.033,yes,oblique,/Users/tarpanmishra/Desktop/Squat More/Labeled_Dataset/processed_videos/frames/33777_8,/Users/tarpanmishra/Desktop/Squat More/Labeled_Dataset/videos/33777_8.mp4
33786_6,train,posture_fault,"[[4.85, 5.98]]",[],yes,0.804,yes,UNCERTAIN,3.867,no,side,/Users/tarpanmishra/Desktop/Squat More/Labeled_Dataset/processed_videos/frames/33786_6,/Users/tarpanmishra/Desktop/Squat More/Labeled_Dataset/videos/33786_6.mp4
33805_1,train,depth_fault,"[[0.71, 1.75]]",[],yes,0.458,no,OBSERVED,1.167,yes,oblique,/Users/tarpanmishra/Desktop/Squat More/Labeled_Dataset/processed_videos/frames/33805_1,/Users/tarpanmishra/Desktop/Squat More/Labeled_Dataset/videos/33805_1.mp4
33809_1,train,depth_fault,"[[1.78, 3.19]]",[],yes,0.805,yes,UNCERTAIN,2.333,yes,oblique,/Users/tarpanmishra/Desktop/Squat More/Labeled_Dataset/processed_videos/frames/33809_1,/Users/tarpanmishra/Desktop/Squat More/Labeled_Dataset/videos/33809_1.mp4
33816_1,train,depth_fault,"[[0.88, 1.88]]",[],yes,0.310,no,OBSERVED,1.267,yes,oblique,/Users/tarpanmishra/Desktop/Squat More/Labeled_Dataset/processed_videos/frames/33816_1,/Users/tarpanmishra/Desktop/Squat More/Labeled_Dataset/videos/33816_1.mp4
33819_1,train,depth_fault,"[[2.68, 3.66]]",[],yes,0.598,yes,UNCERTAIN,1.833,no,side,/Users/tarpanmishra/Desktop/Squat More/Labeled_Dataset/processed_videos/frames/33819_1,/Users/tarpanmishra/Desktop/Squat More/Labeled_Dataset/videos/33819_1.mp4
33824_4,train,depth_fault,"[[0.87, 2.73]]",[],yes,0.781,yes,NOT_OBSERVED,1.267,yes,side,/Users/tarpanmishra/Desktop/Squat More/Labeled_Dataset/processed_videos/frames/33824_4,/Users/tarpanmishra/Desktop/Squat More/Labeled_Dataset/videos/33824_4.mp4
33827_1,train,posture_fault,"[[2.51, 5.1]]",[],yes,0.850,yes,NOT_OBSERVED,1.4,no,oblique,/Users/tarpanmishra/Desktop/Squat More/Labeled_Dataset/processed_videos/frames/33827_1,/Users/tarpanmishra/Desktop/Squat More/Labeled_Dataset/videos/33827_1.mp4
33839_1,train,posture_fault,"[[1.9, 2.91]]",[],yes,0.669,yes,OBSERVED,1.267,no,side,/Users/tarpanmishra/Desktop/Squat More/Labeled_Dataset/processed_videos/frames/33839_1,/Users/tarpanmishra/Desktop/Squat More/Labeled_Dataset/videos/33839_1.mp4
33843_1,train,depth_fault,"[[1.7, 2.63]]",[],yes,0.430,no,OBSERVED,0.833,no,oblique,/Users/tarpanmishra/Desktop/Squat More/Labeled_Dataset/processed_videos/frames/33843_1,/Users/tarpanmishra/Desktop/Squat More/Labeled_Dataset/videos/33843_1.mp4
33847_2,train,depth_fault,"[[0.86, 2.17]]",[],yes,0.345,no,OBSERVED,1.2,yes,side,/Users/tarpanmishra/Desktop/Squat More/Labeled_Dataset/processed_videos/frames/33847_2,/Users/tarpanmishra/Desktop/Squat More/Labeled_Dataset/videos/33847_2.mp4
33860_3,train,depth_fault,[],[],no,0.095,no,UNCERTAIN,,,oblique,/Users/tarpanmishra/Desktop/Squat More/Labeled_Dataset/processed_videos/frames/33860_3,/Users/tarpanmishra/Desktop/Squat More/Labeled_Dataset/videos/33860_3.mp4
33883_3,train,posture_fault,"[[0.79, 3.24]]",[],yes,0.898,yes,NOT_OBSERVED,2.067,yes,oblique,/Users/tarpanmishra/Desktop/Squat More/Labeled_Dataset/processed_videos/frames/33883_3,/Users/tarpanmishra/Desktop/Squat More/Labeled_Dataset/videos/33883_3.mp4
33884_1,train,depth_fault,[],[],no,0.359,no,UNCERTAIN,1.267,,side,/Users/tarpanmishra/Desktop/Squat More/Labeled_Dataset/processed_videos/frames/33884_1,/Users/tarpanmishra/Desktop/Squat More/Labeled_Dataset/videos/33884_1.mp4
33891_1,train,depth_fault,"[[0.55, 2.3]]",[],yes,0.477,no,UNCERTAIN,1.3,yes,oblique,/Users/tarpanmishra/Desktop/Squat More/Labeled_Dataset/processed_videos/frames/33891_1,/Users/tarpanmishra/Desktop/Squat More/Labeled_Dataset/videos/33891_1.mp4
36021_1,train,posture_fault,"[[3.03, 5.24]]",[],yes,0.555,yes,NOT_OBSERVED,4.0,yes,oblique,/Users/tarpanmishra/Desktop/Squat More/Labeled_Dataset/processed_videos/frames/36021_1,/Users/tarpanmishra/Desktop/Squat More/Labeled_Dataset/videos/36021_1.mp4
36025_1,train,depth_fault,[],[],no,0.208,no,UNCERTAIN,,,unknown,/Users/tarpanmishra/Desktop/Squat More/Labeled_Dataset/processed_videos/frames/36025_1,/Users/tarpanmishra/Desktop/Squat More/Labeled_Dataset/videos/36025_1.mp4
36043_3,train,depth_fault,[],[],no,0.257,no,OBSERVED,1.233,,oblique,/Users/tarpanmishra/Desktop/Squat More/Labeled_Dataset/processed_videos/frames/36043_3,/Users/tarpanmishra/Desktop/Squat More/Labeled_Dataset/videos/36043_3.mp4
36077_1,train,depth_fault,"[[1.33, 2.68]]",[],yes,0.542,yes,OBSERVED,1.6,yes,oblique,/Users/tarpanmishra/Desktop/Squat More/Labeled_Dataset/processed_videos/frames/36077_1,/Users/tarpanmishra/Desktop/Squat More/Labeled_Dataset/videos/36077_1.mp4
36083_1,train,depth_fault,"[[1.64, 3.05]]",[],yes,0.395,no,NOT_OBSERVED,1.6,yes,side,/Users/tarpanmishra/Desktop/Squat More/Labeled_Dataset/processed_videos/frames/36083_1,/Users/tarpanmishra/Desktop/Squat More/Labeled_Dataset/videos/36083_1.mp4
36085_1,train,depth_fault,[],[],no,0.423,no,UNCERTAIN,,,unknown,/Users/tarpanmishra/Desktop/Squat More/Labeled_Dataset/processed_videos/frames/36085_1,/Users/tarpanmishra/Desktop/Squat More/Labeled_Dataset/videos/36085_1.mp4
36088_1,train,depth_fault,"[[1.2, 3.22]]",[],yes,0.619,yes,OBSERVED,1.967,yes,oblique,/Users/tarpanmishra/Desktop/Squat More/Labeled_Dataset/processed_videos/frames/36088_1,/Users/tarpanmishra/Desktop/Squat More/Labeled_Dataset/videos/36088_1.mp4
36092_3,train,posture_fault,"[[0.81, 3.78]]",[],yes,0.832,yes,OBSERVED,1.633,yes,oblique,/Users/tarpanmishra/Desktop/Squat More/Labeled_Dataset/processed_videos/frames/36092_3,/Users/tarpanmishra/Desktop/Squat More/Labeled_Dataset/videos/36092_3.mp4
36093_1,train,depth_fault,"[[1.22, 4.96]]",[],yes,0.874,yes,NOT_OBSERVED,2.067,yes,oblique,/Users/tarpanmishra/Desktop/Squat More/Labeled_Dataset/processed_videos/frames/36093_1,/Users/tarpanmishra/Desktop/Squat More/Labeled_Dataset/videos/36093_1.mp4
36110_8,train,good_form,[],[],no,0.135,no,UNCERTAIN,1.2,,side,/Users/tarpanmishra/Desktop/Squat More/Labeled_Dataset/processed_videos/frames/36110_8,/Users/tarpanmishra/Desktop/Squat More/Labeled_Dataset/videos/36110_8.mp4
36129_2,train,depth_fault,"[[0.91, 2.23], [0.91, 1.77]]",[],yes,0.267,no,UNCERTAIN,1.133,yes,front,/Users/tarpanmishra/Desktop/Squat More/Labeled_Dataset/processed_videos/frames/36129_2,/Users/tarpanmishra/Desktop/Squat More/Labeled_Dataset/videos/36129_2.mp4
36131_1,train,depth_fault,"[[0.43, 1.72]]",[],yes,0.752,yes,OBSERVED,0.7,yes,oblique,/Users/tarpanmishra/Desktop/Squat More/Labeled_Dataset/processed_videos/frames/36131_1,/Users/tarpanmishra/Desktop/Squat More/Labeled_Dataset/videos/36131_1.mp4
36138_3,train,posture_fault,"[[2.28, 3.9], [0.8, 1.8]]",[],yes,0.765,yes,OBSERVED,1.433,yes,oblique,/Users/tarpanmishra/Desktop/Squat More/Labeled_Dataset/processed_videos/frames/36138_3,/Users/tarpanmishra/Desktop/Squat More/Labeled_Dataset/videos/36138_3.mp4
36143_1,train,posture_fault,"[[3.87, 7.69]]","[[3.12, 4.96]]",yes,0.964,yes,UNCERTAIN,2.767,no,front,/Users/tarpanmishra/Desktop/Squat More/Labeled_Dataset/processed_videos/frames/36143_1,/Users/tarpanmishra/Desktop/Squat More/Labeled_Dataset/videos/36143_1.mp4
36154_3,train,depth_fault,"[[0.58, 2.28]]",[],yes,0.801,yes,OBSERVED,1.5,yes,oblique,/Users/tarpanmishra/Desktop/Squat More/Labeled_Dataset/processed_videos/frames/36154_3,/Users/tarpanmishra/Desktop/Squat More/Labeled_Dataset/videos/36154_3.mp4
36155_3,train,depth_fault,"[[0.69, 2.73]]",[],yes,0.538,yes,OBSERVED,0.967,yes,oblique,/Users/tarpanmishra/Desktop/Squat More/Labeled_Dataset/processed_videos/frames/36155_3,/Users/tarpanmishra/Desktop/Squat More/Labeled_Dataset/videos/36155_3.mp4
36165_1,train,depth_fault,"[[0.56, 1.86]]",[],yes,0.795,yes,UNCERTAIN,0.967,yes,front,/Users/tarpanmishra/Desktop/Squat More/Labeled_Dataset/processed_videos/frames/36165_1,/Users/tarpanmishra/Desktop/Squat More/Labeled_Dataset/videos/36165_1.mp4
36166_1,train,depth_fault,[],[],no,0.661,yes,UNCERTAIN,2.367,,oblique,/Users/tarpanmishra/Desktop/Squat More/Labeled_Dataset/processed_videos/frames/36166_1,/Users/tarpanmishra/Desktop/Squat More/Labeled_Dataset/videos/36166_1.mp4
36170_1,train,posture_fault,"[[1.0, 4.85]]","[[1.77, 3.88], [1.7, 3.33]]",yes,0.892,yes,OBSERVED,1.467,yes,oblique,/Users/tarpanmishra/Desktop/Squat More/Labeled_Dataset/processed_videos/frames/36170_1,/Users/tarpanmishra/Desktop/Squat More/Labeled_Dataset/videos/36170_1.mp4
36186_3,train,posture_fault,"[[1.02, 2.38]]",[],yes,0.771,yes,UNCERTAIN,0.767,no,oblique,/Users/tarpanmishra/Desktop/Squat More/Labeled_Dataset/processed_videos/frames/36186_3,/Users/tarpanmishra/Desktop/Squat More/Labeled_Dataset/videos/36186_3.mp4
36206_2,train,depth_fault,[],[],no,0.441,no,UNCERTAIN,,,unknown,/Users/tarpanmishra/Desktop/Squat More/Labeled_Dataset/processed_videos/frames/36206_2,/Users/tarpanmishra/Desktop/Squat More/Labeled_Dataset/videos/36206_2.mp4
36222_1,train,good_form,[],[],no,0.522,no,NOT_OBSERVED,1.633,,oblique,/Users/tarpanmishra/Desktop/Squat More/Labeled_Dataset/processed_videos/frames/36222_1,/Users/tarpanmishra/Desktop/Squat More/Labeled_Dataset/videos/36222_1.mp4
36224_1,train,good_form,[],[],no,0.030,no,UNCERTAIN,,,unknown,/Users/tarpanmishra/Desktop/Squat More/Labeled_Dataset/processed_videos/frames/36224_1,/Users/tarpanmishra/Desktop/Squat More/Labeled_Dataset/videos/36224_1.mp4
36233_1,train,posture_fault,"[[3.95, 6.27]]",[],yes,0.898,yes,OBSERVED,3.067,no,oblique,/Users/tarpanmishra/Desktop/Squat More/Labeled_Dataset/processed_videos/frames/36233_1,/Users/tarpanmishra/Desktop/Squat More/Labeled_Dataset/videos/36233_1.mp4
36236_2,train,depth_fault,[],[],no,0.495,no,UNCERTAIN,1.4,,front,/Users/tarpanmishra/Desktop/Squat More/Labeled_Dataset/processed_videos/frames/36236_2,/Users/tarpanmishra/Desktop/Squat More/Labeled_Dataset/videos/36236_2.mp4
36249_1,train,depth_fault,"[[0.9, 1.58], [3.22, 4.34]]",[],yes,0.028,no,UNCERTAIN,,,front,/Users/tarpanmishra/Desktop/Squat More/Labeled_Dataset/processed_videos/frames/36249_1,/Users/tarpanmishra/Desktop/Squat More/Labeled_Dataset/videos/36249_1.mp4
36257_1,train,depth_fault,"[[2.11, 2.98]]","[[1.56, 2.86]]",yes,0.809,yes,OBSERVED,1.2,no,oblique,/Users/tarpanmishra/Desktop/Squat More/Labeled_Dataset/processed_videos/frames/36257_1,/Users/tarpanmishra/Desktop/Squat More/Labeled_Dataset/videos/36257_1.mp4
36261_1,train,posture_fault,"[[0.69, 5.56]]",[],yes,0.903,yes,OBSERVED,1.4,yes,oblique,/Users/tarpanmishra/Desktop/Squat More/Labeled_Dataset/processed_videos/frames/36261_1,/Users/tarpanmishra/Desktop/Squat More/Labeled_Dataset/videos/36261_1.mp4
36264_2,train,posture_fault,"[[0.85, 2.09], [0.65, 1.44]]",[],yes,0.814,yes,OBSERVED,1.2,yes,oblique,/Users/tarpanmishra/Desktop/Squat More/Labeled_Dataset/processed_videos/frames/36264_2,/Users/tarpanmishra/Desktop/Squat More/Labeled_Dataset/videos/36264_2.mp4
36271_3,train,posture_fault,"[[0.63, 2.08]]",[],yes,0.821,yes,UNCERTAIN,1.3,yes,front,/Users/tarpanmishra/Desktop/Squat More/Labeled_Dataset/processed_videos/frames/36271_3,/Users/tarpanmishra/Desktop/Squat More/Labeled_Dataset/videos/36271_3.mp4
36276_4,train,depth_fault,"[[1.19, 2.6]]",[],yes,0.593,yes,OBSERVED,1.333,yes,oblique,/Users/tarpanmishra/Desktop/Squat More/Labeled_Dataset/processed_videos/frames/36276_4,/Users/tarpanmishra/Desktop/Squat More/Labeled_Dataset/videos/36276_4.mp4
36289_4,train,depth_fault,"[[1.33, 2.87]]",[],yes,0.529,yes,OBSERVED,1.9,yes,side,/Users/tarpanmishra/Desktop/Squat More/Labeled_Dataset/processed_videos/frames/36289_4,/Users/tarpanmishra/Desktop/Squat More/Labeled_Dataset/videos/36289_4.mp4
36308_2,train,depth_fault,"[[2.17, 3.29]]",[],yes,0.040,no,UNCERTAIN,,,side,/Users/tarpanmishra/Desktop/Squat More/Labeled_Dataset/processed_videos/frames/36308_2,/Users/tarpanmishra/Desktop/Squat More/Labeled_Dataset/videos/36308_2.mp4
36324_1,train,good_form,[],[],no,0.488,no,UNCERTAIN,,,oblique,/Users/tarpanmishra/Desktop/Squat More/Labeled_Dataset/processed_videos/frames/36324_1,/Users/tarpanmishra/Desktop/Squat More/Labeled_Dataset/videos/36324_1.mp4
36325_1,train,depth_fault,"[[1.4, 2.68], [0.77, 1.99], [2.53, 3.14]]","[[1.65, 2.92], [1.72, 2.96]]",yes,0.687,yes,OBSERVED,1.467,yes,oblique,/Users/tarpanmishra/Desktop/Squat More/Labeled_Dataset/processed_videos/frames/36325_1,/Users/tarpanmishra/Desktop/Squat More/Labeled_Dataset/videos/36325_1.mp4
36329_2,train,depth_fault,"[[0.99, 3.39]]",[],yes,0.502,no,OBSERVED,1.567,yes,oblique,/Users/tarpanmishra/Desktop/Squat More/Labeled_Dataset/processed_videos/frames/36329_2,/Users/tarpanmishra/Desktop/Squat More/Labeled_Dataset/videos/36329_2.mp4
36350_4,train,depth_fault,"[[0.58, 1.57]]",[],yes,0.249,no,OBSERVED,1.0,yes,oblique,/Users/tarpanmishra/Desktop/Squat More/Labeled_Dataset/processed_videos/frames/36350_4,/Users/tarpanmishra/Desktop/Squat More/Labeled_Dataset/videos/36350_4.mp4
36351_11,train,depth_fault,"[[0.55, 1.24]]","[[1.04, 1.44]]",yes,0.611,yes,UNCERTAIN,1.467,yes,oblique,/Users/tarpanmishra/Desktop/Squat More/Labeled_Dataset/processed_videos/frames/36351_11,/Users/tarpanmishra/Desktop/Squat More/Labeled_Dataset/videos/36351_11.mp4
36354_2,train,depth_fault,"[[0.86, 2.26]]",[],yes,0.553,yes,NOT_OBSERVED,1.167,yes,oblique,/Users/tarpanmishra/Desktop/Squat More/Labeled_Dataset/processed_videos/frames/36354_2,/Users/tarpanmishra/Desktop/Squat More/Labeled_Dataset/videos/36354_2.mp4
36358_1,train,depth_fault,"[[3.36, 5.31], [3.37, 6.48]]",[],yes,0.859,yes,NOT_OBSERVED,4.067,yes,oblique,/Users/tarpanmishra/Desktop/Squat More/Labeled_Dataset/processed_videos/frames/36358_1,/Users/tarpanmishra/Desktop/Squat More/Labeled_Dataset/videos/36358_1.mp4
36360_2,train,depth_fault,"[[3.7, 4.66]]",[],yes,0.590,yes,NOT_OBSERVED,2.967,no,oblique,/Users/tarpanmishra/Desktop/Squat More/Labeled_Dataset/processed_videos/frames/36360_2,/Users/tarpanmishra/Desktop/Squat More/Labeled_Dataset/videos/36360_2.mp4
36362_6,train,depth_fault,"[[0.55, 1.63]]",[],yes,0.611,yes,OBSERVED,0.867,yes,oblique,/Users/tarpanmishra/Desktop/Squat More/Labeled_Dataset/processed_videos/frames/36362_6,/Users/tarpanmishra/Desktop/Squat More/Labeled_Dataset/videos/36362_6.mp4
36371_2,train,depth_fault,"[[1.64, 5.08]]",[],yes,0.908,yes,OBSERVED,2.467,yes,oblique,/Users/tarpanmishra/Desktop/Squat More/Labeled_Dataset/processed_videos/frames/36371_2,/Users/tarpanmishra/Desktop/Squat More/Labeled_Dataset/videos/36371_2.mp4
36375_1,train,depth_fault,"[[0.86, 3.59]]",[],yes,0.618,yes,NOT_OBSERVED,1.333,yes,oblique,/Users/tarpanmishra/Desktop/Squat More/Labeled_Dataset/processed_videos/frames/36375_1,/Users/tarpanmishra/Desktop/Squat More/Labeled_Dataset/videos/36375_1.mp4
36399_1,train,depth_fault,"[[0.74, 1.78], [0.46, 1.4]]",[],yes,0.535,yes,OBSERVED,0.9,yes,oblique,/Users/tarpanmishra/Desktop/Squat More/Labeled_Dataset/processed_videos/frames/36399_1,/Users/tarpanmishra/Desktop/Squat More/Labeled_Dataset/videos/36399_1.mp4
36434_2,train,depth_fault,[],[],no,0.596,yes,UNCERTAIN,1.267,,oblique,/Users/tarpanmishra/Desktop/Squat More/Labeled_Dataset/processed_videos/frames/36434_2,/Users/tarpanmishra/Desktop/Squat More/Labeled_Dataset/videos/36434_2.mp4
36449_2,train,depth_fault,"[[2.16, 3.51], [1.63, 3.65]]",[],yes,0.919,yes,NOT_OBSERVED,2.467,yes,oblique,/Users/tarpanmishra/Desktop/Squat More/Labeled_Dataset/processed_videos/frames/36449_2,/Users/tarpanmishra/Desktop/Squat More/Labeled_Dataset/videos/36449_2.mp4
36450_1,train,depth_fault,[],[],no,0.001,no,UNCERTAIN,,,unknown,/Users/tarpanmishra/Desktop/Squat More/Labeled_Dataset/processed_videos/frames/36450_1,/Users/tarpanmishra/Desktop/Squat More/Labeled_Dataset/videos/36450_1.mp4
36453_3,train,depth_fault,"[[0.62, 1.42]]",[],yes,0.041,no,OBSERVED,1.167,yes,oblique,/Users/tarpanmishra/Desktop/Squat More/Labeled_Dataset/processed_videos/frames/36453_3,/Users/tarpanmishra/Desktop/Squat More/Labeled_Dataset/videos/36453_3.mp4
36464_2,train,depth_fault,"[[0.65, 1.84]]","[[1.59, 2.68], [1.57, 2.64]]",yes,0.450,no,OBSERVED,1.433,yes,oblique,/Users/tarpanmishra/Desktop/Squat More/Labeled_Dataset/processed_videos/frames/36464_2,/Users/tarpanmishra/Desktop/Squat More/Labeled_Dataset/videos/36464_2.mp4
36475_5,train,depth_fault,[],[],no,0.018,no,UNCERTAIN,,,unknown,/Users/tarpanmishra/Desktop/Squat More/Labeled_Dataset/processed_videos/frames/36475_5,/Users/tarpanmishra/Desktop/Squat More/Labeled_Dataset/videos/36475_5.mp4
36477_2,train,depth_fault,"[[1.44, 2.07], [0.49, 1.27]]",[],yes,0.561,yes,NOT_OBSERVED,0.9,yes,oblique,/Users/tarpanmishra/Desktop/Squat More/Labeled_Dataset/processed_videos/frames/36477_2,/Users/tarpanmishra/Desktop/Squat More/Labeled_Dataset/videos/36477_2.mp4
36497_2,train,depth_fault,[],[],no,0.346,no,UNCERTAIN,,,oblique,/Users/tarpanmishra/Desktop/Squat More/Labeled_Dataset/processed_videos/frames/36497_2,/Users/tarpanmishra/Desktop/Squat More/Labeled_Dataset/videos/36497_2.mp4
36501_1,train,depth_fault,"[[2.39, 3.34]]",[],yes,0.677,yes,OBSERVED,1.433,no,side,/Users/tarpanmishra/Desktop/Squat More/Labeled_Dataset/processed_videos/frames/36501_1,/Users/tarpanmishra/Desktop/Squat More/Labeled_Dataset/videos/36501_1.mp4
36506_1,train,depth_fault,"[[1.08, 2.23]]",[],yes,0.662,yes,OBSERVED,1.267,yes,oblique,/Users/tarpanmishra/Desktop/Squat More/Labeled_Dataset/processed_videos/frames/36506_1,/Users/tarpanmishra/Desktop/Squat More/Labeled_Dataset/videos/36506_1.mp4
36511_1,train,depth_fault,"[[0.73, 2.07]]",[],yes,0.574,yes,OBSERVED,1.233,yes,oblique,/Users/tarpanmishra/Desktop/Squat More/Labeled_Dataset/processed_videos/frames/36511_1,/Users/tarpanmishra/Desktop/Squat More/Labeled_Dataset/videos/36511_1.mp4
36533_5,train,depth_fault,"[[0.74, 1.89]]","[[1.04, 1.45]]",yes,0.391,no,OBSERVED,0.8,yes,oblique,/Users/tarpanmishra/Desktop/Squat More/Labeled_Dataset/processed_videos/frames/36533_5,/Users/tarpanmishra/Desktop/Squat More/Labeled_Dataset/videos/36533_5.mp4
36534_5,train,depth_fault,"[[0.68, 1.86]]",[],yes,0.446,no,UNCERTAIN,1.067,yes,oblique,/Users/tarpanmishra/Desktop/Squat More/Labeled_Dataset/processed_videos/frames/36534_5,/Users/tarpanmishra/Desktop/Squat More/Labeled_Dataset/videos/36534_5.mp4
36584_1,train,depth_fault,"[[1.27, 2.6]]",[],yes,0.473,no,OBSERVED,1.467,yes,oblique,/Users/tarpanmishra/Desktop/Squat More/Labeled_Dataset/processed_videos/frames/36584_1,/Users/tarpanmishra/Desktop/Squat More/Labeled_Dataset/videos/36584_1.mp4
36598_10,train,depth_fault,"[[0.72, 1.82]]",[],yes,0.140,no,OBSERVED,0.933,yes,oblique,/Users/tarpanmishra/Desktop/Squat More/Labeled_Dataset/processed_videos/frames/36598_10,/Users/tarpanmishra/Desktop/Squat More/Labeled_Dataset/videos/36598_10.mp4
36614_10,train,posture_fault,"[[2.71, 4.29]]",[],yes,0.534,yes,OBSERVED,3.2,yes,side,/Users/tarpanmishra/Desktop/Squat More/Labeled_Dataset/processed_videos/frames/36614_10,/Users/tarpanmishra/Desktop/Squat More/Labeled_Dataset/videos/36614_10.mp4
36638_1,train,depth_fault,"[[2.37, 3.96]]",[],yes,0.439,no,OBSERVED,3.0,yes,oblique,/Users/tarpanmishra/Desktop/Squat More/Labeled_Dataset/processed_videos/frames/36638_1,/Users/tarpanmishra/Desktop/Squat More/Labeled_Dataset/videos/36638_1.mp4
36640_1,train,posture_fault,"[[1.17, 3.07]]",[],yes,0.400,no,UNCERTAIN,1.0,yes,side,/Users/tarpanmishra/Desktop/Squat More/Labeled_Dataset/processed_videos/frames/36640_1,/Users/tarpanmishra/Desktop/Squat More/Labeled_Dataset/videos/36640_1.mp4
36653_2,train,depth_fault,[],[],no,0.023,no,NOT_OBSERVED,2.533,,oblique,/Users/tarpanmishra/Desktop/Squat More/Labeled_Dataset/processed_videos/frames/36653_2,/Users/tarpanmishra/Desktop/Squat More/Labeled_Dataset/videos/36653_2.mp4
36680_12,train,depth_fault,"[[1.12, 3.6], [2.9, 3.83]]",[],yes,0.605,yes,NOT_OBSERVED,1.467,yes,side,/Users/tarpanmishra/Desktop/Squat More/Labeled_Dataset/processed_videos/frames/36680_12,/Users/tarpanmishra/Desktop/Squat More/Labeled_Dataset/videos/36680_12.mp4
36687_3,train,good_form,[],[],no,0.620,yes,UNCERTAIN,0.733,,front,/Users/tarpanmishra/Desktop/Squat More/Labeled_Dataset/processed_videos/frames/36687_3,/Users/tarpanmishra/Desktop/Squat More/Labeled_Dataset/videos/36687_3.mp4
36706_4,train,good_form,[],[],no,0.311,no,UNCERTAIN,1.333,,side,/Users/tarpanmishra/Desktop/Squat More/Labeled_Dataset/processed_videos/frames/36706_4,/Users/tarpanmishra/Desktop/Squat More/Labeled_Dataset/videos/36706_4.mp4
36730_1,train,depth_fault,"[[2.34, 3.62]]",[],yes,0.799,yes,NOT_OBSERVED,2.7,yes,oblique,/Users/tarpanmishra/Desktop/Squat More/Labeled_Dataset/processed_videos/frames/36730_1,/Users/tarpanmishra/Desktop/Squat More/Labeled_Dataset/videos/36730_1.mp4
36731_1,train,depth_fault,"[[3.36, 6.63]]","[[4.46, 6.34]]",yes,0.898,yes,UNCERTAIN,,,side,/Users/tarpanmishra/Desktop/Squat More/Labeled_Dataset/processed_videos/frames/36731_1,/Users/tarpanmishra/Desktop/Squat More/Labeled_Dataset/videos/36731_1.mp4
36738_3,train,posture_fault,"[[2.63, 3.85]]",[],yes,0.632,yes,OBSERVED,3.433,yes,oblique,/Users/tarpanmishra/Desktop/Squat More/Labeled_Dataset/processed_videos/frames/36738_3,/Users/tarpanmishra/Desktop/Squat More/Labeled_Dataset/videos/36738_3.mp4
36745_2,train,posture_fault,"[[2.35, 6.0]]",[],yes,0.796,yes,UNCERTAIN,,,oblique,/Users/tarpanmishra/Desktop/Squat More/Labeled_Dataset/processed_videos/frames/36745_2,/Users/tarpanmishra/Desktop/Squat More/Labeled_Dataset/videos/36745_2.mp4
36761_2,train,depth_fault,[],[],no,0.067,no,NOT_OBSERVED,1.667,,side,/Users/tarpanmishra/Desktop/Squat More/Labeled_Dataset/processed_videos/frames/36761_2,/Users/tarpanmishra/Desktop/Squat More/Labeled_Dataset/videos/36761_2.mp4
36784_1,train,posture_fault,"[[4.07, 7.12]]",[],yes,0.957,yes,OBSERVED,4.667,yes,oblique,/Users/tarpanmishra/Desktop/Squat More/Labeled_Dataset/processed_videos/frames/36784_1,/Users/tarpanmishra/Desktop/Squat More/Labeled_Dataset/videos/36784_1.mp4
36788_2,train,depth_fault,"[[0.51, 3.26]]",[],yes,0.767,yes,OBSERVED,1.3,yes,oblique,/Users/tarpanmishra/Desktop/Squat More/Labeled_Dataset/processed_videos/frames/36788_2,/Users/tarpanmishra/Desktop/Squat More/Labeled_Dataset/videos/36788_2.mp4
36796_1,train,depth_fault,"[[3.11, 4.26]]",[],yes,0.312,no,UNCERTAIN,,,oblique,/Users/tarpanmishra/Desktop/Squat More/Labeled_Dataset/processed_videos/frames/36796_1,/Users/tarpanmishra/Desktop/Squat More/Labeled_Dataset/videos/36796_1.mp4
36809_2,train,depth_fault,"[[1.2, 3.2]]",[],yes,0.804,yes,OBSERVED,1.467,yes,oblique,/Users/tarpanmishra/Desktop/Squat More/Labeled_Dataset/processed_videos/frames/36809_2,/Users/tarpanmishra/Desktop/Squat More/Labeled_Dataset/videos/36809_2.mp4
36810_1,train,depth_fault,"[[0.91, 2.15]]",[],yes,0.589,yes,OBSERVED,1.433,yes,oblique,/Users/tarpanmishra/Desktop/Squat More/Labeled_Dataset/processed_videos/frames/36810_1,/Users/tarpanmishra/Desktop/Squat More/Labeled_Dataset/videos/36810_1.mp4
36819_6,train,good_form,[],[],no,0.639,yes,UNCERTAIN,1.067,,oblique,/Users/tarpanmishra/Desktop/Squat More/Labeled_Dataset/processed_videos/frames/36819_6,/Users/tarpanmishra/Desktop/Squat More/Labeled_Dataset/videos/36819_6.mp4
36821_3,train,depth_fault,"[[1.07, 3.55]]","[[2.27, 3.21], [2.08, 3.34]]",yes,0.677,yes,OBSERVED,1.6,yes,oblique,/Users/tarpanmishra/Desktop/Squat More/Labeled_Dataset/processed_videos/frames/36821_3,/Users/tarpanmishra/Desktop/Squat More/Labeled_Dataset/videos/36821_3.mp4
36823_7,train,depth_fault,"[[0.62, 1.58]]",[],yes,0.679,yes,OBSERVED,1.067,yes,oblique,/Users/tarpanmishra/Desktop/Squat More/Labeled_Dataset/processed_videos/frames/36823_7,/Users/tarpanmishra/Desktop/Squat More/Labeled_Dataset/videos/36823_7.mp4
36833_7,train,depth_fault,"[[0.68, 1.7]]",[],yes,0.133,no,NOT_OBSERVED,0.867,yes,oblique,/Users/tarpanmishra/Desktop/Squat More/Labeled_Dataset/processed_videos/frames/36833_7,/Users/tarpanmishra/Desktop/Squat More/Labeled_Dataset/videos/36833_7.mp4
36835_1,train,depth_fault,"[[2.72, 5.62]]",[],yes,0.412,no,NOT_OBSERVED,4.267,yes,oblique,/Users/tarpanmishra/Desktop/Squat More/Labeled_Dataset/processed_videos/frames/36835_1,/Users/tarpanmishra/Desktop/Squat More/Labeled_Dataset/videos/36835_1.mp4
36839_2,train,posture_fault,"[[0.65, 2.38], [0.48, 1.54]]",[],yes,0.810,yes,OBSERVED,0.9,yes,side,/Users/tarpanmishra/Desktop/Squat More/Labeled_Dataset/processed_videos/frames/36839_2,/Users/tarpanmishra/Desktop/Squat More/Labeled_Dataset/videos/36839_2.mp4
36858_1,train,depth_fault,"[[1.29, 4.19]]",[],yes,0.866,yes,OBSERVED,1.733,yes,oblique,/Users/tarpanmishra/Desktop/Squat More/Labeled_Dataset/processed_videos/frames/36858_1,/Users/tarpanmishra/Desktop/Squat More/Labeled_Dataset/videos/36858_1.mp4
36880_1,train,depth_fault,"[[2.29, 3.71]]","[[3.1, 4.42]]",yes,0.780,yes,NOT_OBSERVED,2.767,yes,oblique,/Users/tarpanmishra/Desktop/Squat More/Labeled_Dataset/processed_videos/frames/36880_1,/Users/tarpanmishra/Desktop/Squat More/Labeled_Dataset/videos/36880_1.mp4
36885_2,train,depth_fault,[],"[[2.65, 3.88], [2.78, 3.52]]",yes,0.703,yes,NOT_OBSERVED,2.233,,oblique,/Users/tarpanmishra/Desktop/Squat More/Labeled_Dataset/processed_videos/frames/36885_2,/Users/tarpanmishra/Desktop/Squat More/Labeled_Dataset/videos/36885_2.mp4
36889_2,train,depth_fault,"[[1.68, 5.03]]",[],yes,0.483,no,UNCERTAIN,2.4,yes,side,/Users/tarpanmishra/Desktop/Squat More/Labeled_Dataset/processed_videos/frames/36889_2,/Users/tarpanmishra/Desktop/Squat More/Labeled_Dataset/videos/36889_2.mp4
36893_1,train,good_form,[],[],no,0.726,yes,NOT_OBSERVED,2.467,,side,/Users/tarpanmishra/Desktop/Squat More/Labeled_Dataset/processed_videos/frames/36893_1,/Users/tarpanmishra/Desktop/Squat More/Labeled_Dataset/videos/36893_1.mp4
36898_6,train,depth_fault,[],[],no,0.178,no,UNCERTAIN,,,oblique,/Users/tarpanmishra/Desktop/Squat More/Labeled_Dataset/processed_videos/frames/36898_6,/Users/tarpanmishra/Desktop/Squat More/Labeled_Dataset/videos/36898_6.mp4
36899_1,train,depth_fault,[],[],no,0.515,no,UNCERTAIN,1.467,,front,/Users/tarpanmishra/Desktop/Squat More/Labeled_Dataset/processed_videos/frames/36899_1,/Users/tarpanmishra/Desktop/Squat More/Labeled_Dataset/videos/36899_1.mp4
36907_1,train,depth_fault,"[[0.64, 3.6]]",[],yes,0.639,yes,OBSERVED,1.367,yes,oblique,/Users/tarpanmishra/Desktop/Squat More/Labeled_Dataset/processed_videos/frames/36907_1,/Users/tarpanmishra/Desktop/Squat More/Labeled_Dataset/videos/36907_1.mp4
36915_5,train,depth_fault,[],[],no,0.059,no,UNCERTAIN,1.333,,oblique,/Users/tarpanmishra/Desktop/Squat More/Labeled_Dataset/processed_videos/frames/36915_5,/Users/tarpanmishra/Desktop/Squat More/Labeled_Dataset/videos/36915_5.mp4
36926_4,train,depth_fault,"[[0.9, 1.97]]",[],yes,0.302,no,NOT_OBSERVED,1.267,yes,oblique,/Users/tarpanmishra/Desktop/Squat More/Labeled_Dataset/processed_videos/frames/36926_4,/Users/tarpanmishra/Desktop/Squat More/Labeled_Dataset/videos/36926_4.mp4
36930_6,train,depth_fault,[],[],no,0.569,yes,UNCERTAIN,0.9,,front,/Users/tarpanmishra/Desktop/Squat More/Labeled_Dataset/processed_videos/frames/36930_6,/Users/tarpanmishra/Desktop/Squat More/Labeled_Dataset/videos/36930_6.mp4
36938_5,train,posture_fault,"[[2.08, 3.37]]",[],yes,0.876,yes,OBSERVED,1.133,no,oblique,/Users/tarpanmishra/Desktop/Squat More/Labeled_Dataset/processed_videos/frames/36938_5,/Users/tarpanmishra/Desktop/Squat More/Labeled_Dataset/videos/36938_5.mp4
36943_3,train,depth_fault,"[[0.64, 1.67]]",[],yes,0.386,no,OBSERVED,0.867,yes,oblique,/Users/tarpanmishra/Desktop/Squat More/Labeled_Dataset/processed_videos/frames/36943_3,/Users/tarpanmishra/Desktop/Squat More/Labeled_Dataset/videos/36943_3.mp4
36947_1,train,depth_fault,"[[0.55, 1.91]]",[],yes,0.204,no,OBSERVED,0.933,yes,oblique,/Users/tarpanmishra/Desktop/Squat More/Labeled_Dataset/processed_videos/frames/36947_1,/Users/tarpanmishra/Desktop/Squat More/Labeled_Dataset/videos/36947_1.mp4
36953_1,train,depth_fault,"[[2.17, 3.61]]",[],yes,0.836,yes,NOT_OBSERVED,1.2,no,side,/Users/tarpanmishra/Desktop/Squat More/Labeled_Dataset/processed_videos/frames/36953_1,/Users/tarpanmishra/Desktop/Squat More/Labeled_Dataset/videos/36953_1.mp4
36965_6,train,depth_fault,[],[],no,0.230,no,UNCERTAIN,,,side,/Users/tarpanmishra/Desktop/Squat More/Labeled_Dataset/processed_videos/frames/36965_6,/Users/tarpanmishra/Desktop/Squat More/Labeled_Dataset/videos/36965_6.mp4
36968_1,train,posture_fault,"[[0.7, 3.43]]",[],yes,0.875,yes,NOT_OBSERVED,1.067,yes,oblique,/Users/tarpanmishra/Desktop/Squat More/Labeled_Dataset/processed_videos/frames/36968_1,/Users/tarpanmishra/Desktop/Squat More/Labeled_Dataset/videos/36968_1.mp4
36974_2,train,good_form,[],[],no,0.547,yes,NOT_OBSERVED,2.9,,oblique,/Users/tarpanmishra/Desktop/Squat More/Labeled_Dataset/processed_videos/frames/36974_2,/Users/tarpanmishra/Desktop/Squat More/Labeled_Dataset/videos/36974_2.mp4
36977_2,train,depth_fault,"[[1.77, 2.83]]",[],yes,0.669,yes,OBSERVED,1.033,no,oblique,/Users/tarpanmishra/Desktop/Squat More/Labeled_Dataset/processed_videos/frames/36977_2,/Users/tarpanmishra/Desktop/Squat More/Labeled_Dataset/videos/36977_2.mp4
36983_4,train,depth_fault,"[[0.8, 1.7]]",[],yes,0.451,no,OBSERVED,1.4,yes,oblique,/Users/tarpanmishra/Desktop/Squat More/Labeled_Dataset/processed_videos/frames/36983_4,/Users/tarpanmishra/Desktop/Squat More/Labeled_Dataset/videos/36983_4.mp4
36984_4,train,depth_fault,"[[0.58, 2.88]]",[],yes,0.829,yes,NOT_OBSERVED,1.2,yes,oblique,/Users/tarpanmishra/Desktop/Squat More/Labeled_Dataset/processed_videos/frames/36984_4,/Users/tarpanmishra/Desktop/Squat More/Labeled_Dataset/videos/36984_4.mp4
36990_1,train,depth_fault,"[[3.08, 5.87]]","[[4.16, 5.88], [4.01, 5.85]]",yes,0.910,yes,OBSERVED,3.533,yes,oblique,/Users/tarpanmishra/Desktop/Squat More/Labeled_Dataset/processed_videos/frames/36990_1,/Users/tarpanmishra/Desktop/Squat More/Labeled_Dataset/videos/36990_1.mp4
36997_1,train,depth_fault,"[[0.62, 1.99]]",[],yes,0.749,yes,OBSERVED,1.267,yes,oblique,/Users/tarpanmishra/Desktop/Squat More/Labeled_Dataset/processed_videos/frames/36997_1,/Users/tarpanmishra/Desktop/Squat More/Labeled_Dataset/videos/36997_1.mp4
37022_1,train,depth_fault,"[[1.86, 3.23], [1.87, 3.01]]",[],yes,0.659,yes,OBSERVED,2.467,yes,oblique,/Users/tarpanmishra/Desktop/Squat More/Labeled_Dataset/processed_videos/frames/37022_1,/Users/tarpanmishra/Desktop/Squat More/Labeled_Dataset/videos/37022_1.mp4
37069_1,train,depth_fault,"[[0.99, 2.08]]",[],yes,0.535,yes,OBSERVED,1.133,yes,oblique,/Users/tarpanmishra/Desktop/Squat More/Labeled_Dataset/processed_videos/frames/37069_1,/Users/tarpanmishra/Desktop/Squat More/Labeled_Dataset/videos/37069_1.mp4
37070_1,train,posture_fault,"[[0.87, 3.47]]",[],yes,0.789,yes,OBSERVED,1.633,yes,oblique,/Users/tarpanmishra/Desktop/Squat More/Labeled_Dataset/processed_videos/frames/37070_1,/Users/tarpanmishra/Desktop/Squat More/Labeled_Dataset/videos/37070_1.mp4
37072_3,train,depth_fault,"[[0.84, 2.51]]",[],yes,0.881,yes,OBSERVED,1.433,yes,oblique,/Users/tarpanmishra/Desktop/Squat More/Labeled_Dataset/processed_videos/frames/37072_3,/Users/tarpanmishra/Desktop/Squat More/Labeled_Dataset/videos/37072_3.mp4
37073_2,train,depth_fault,"[[0.48, 1.11]]",[],yes,0.572,yes,OBSERVED,0.8,yes,oblique,/Users/tarpanmishra/Desktop/Squat More/Labeled_Dataset/processed_videos/frames/37073_2,/Users/tarpanmishra/Desktop/Squat More/Labeled_Dataset/videos/37073_2.mp4
37077_2,train,depth_fault,[],[],no,0.071,no,UNCERTAIN,,,unknown,/Users/tarpanmishra/Desktop/Squat More/Labeled_Dataset/processed_videos/frames/37077_2,/Users/tarpanmishra/Desktop/Squat More/Labeled_Dataset/videos/37077_2.mp4
37080_4,train,depth_fault,"[[0.48, 1.6], [0.61, 1.4]]",[],yes,0.487,no,OBSERVED,1.0,yes,oblique,/Users/tarpanmishra/Desktop/Squat More/Labeled_Dataset/processed_videos/frames/37080_4,/Users/tarpanmishra/Desktop/Squat More/Labeled_Dataset/videos/37080_4.mp4
37081_1,train,depth_fault,"[[0.55, 2.02]]",[],yes,0.430,no,NOT_OBSERVED,0.933,yes,oblique,/Users/tarpanmishra/Desktop/Squat More/Labeled_Dataset/processed_videos/frames/37081_1,/Users/tarpanmishra/Desktop/Squat More/Labeled_Dataset/videos/37081_1.mp4
37092_1,train,depth_fault,"[[0.9, 2.02]]",[],yes,0.471,no,NOT_OBSERVED,1.3,yes,oblique,/Users/tarpanmishra/Desktop/Squat More/Labeled_Dataset/processed_videos/frames/37092_1,/Users/tarpanmishra/Desktop/Squat More/Labeled_Dataset/videos/37092_1.mp4
37093_3,train,depth_fault,[],[],no,0.326,no,UNCERTAIN,1.3,,oblique,/Users/tarpanmishra/Desktop/Squat More/Labeled_Dataset/processed_videos/frames/37093_3,/Users/tarpanmishra/Desktop/Squat More/Labeled_Dataset/videos/37093_3.mp4
37094_1,train,posture_fault,"[[3.16, 5.27]]",[],yes,0.904,yes,OBSERVED,3.267,yes,oblique,/Users/tarpanmishra/Desktop/Squat More/Labeled_Dataset/processed_videos/frames/37094_1,/Users/tarpanmishra/Desktop/Squat More/Labeled_Dataset/videos/37094_1.mp4
37099_7,train,depth_fault,[],[],no,0.073,no,OBSERVED,1.467,,oblique,/Users/tarpanmishra/Desktop/Squat More/Labeled_Dataset/processed_videos/frames/37099_7,/Users/tarpanmishra/Desktop/Squat More/Labeled_Dataset/videos/37099_7.mp4
37100_3,train,depth_fault,"[[0.75, 2.75]]",[],yes,0.859,yes,NOT_OBSERVED,1.033,yes,oblique,/Users/tarpanmishra/Desktop/Squat More/Labeled_Dataset/processed_videos/frames/37100_3,/Users/tarpanmishra/Desktop/Squat More/Labeled_Dataset/videos/37100_3.mp4
37105_3,train,depth_fault,[],[],no,0.708,yes,OBSERVED,1.667,,oblique,/Users/tarpanmishra/Desktop/Squat More/Labeled_Dataset/processed_videos/frames/37105_3,/Users/tarpanmishra/Desktop/Squat More/Labeled_Dataset/videos/37105_3.mp4
37114_1,train,posture_fault,"[[2.49, 3.79]]",[],yes,0.806,yes,UNCERTAIN,,,unknown,/Users/tarpanmishra/Desktop/Squat More/Labeled_Dataset/processed_videos/frames/37114_1,/Users/tarpanmishra/Desktop/Squat More/Labeled_Dataset/videos/37114_1.mp4
37120_3,train,depth_fault,[],[],no,0.308,no,OBSERVED,1.233,,oblique,/Users/tarpanmishra/Desktop/Squat More/Labeled_Dataset/processed_videos/frames/37120_3,/Users/tarpanmishra/Desktop/Squat More/Labeled_Dataset/videos/37120_3.mp4
37121_13,train,depth_fault,[],[],no,0.341,no,UNCERTAIN,1.0,,oblique,/Users/tarpanmishra/Desktop/Squat More/Labeled_Dataset/processed_videos/frames/37121_13,/Users/tarpanmishra/Desktop/Squat More/Labeled_Dataset/videos/37121_13.mp4
37122_4,train,depth_fault,"[[4.21, 5.51]]",[],yes,0.780,yes,NOT_OBSERVED,2.567,no,oblique,/Users/tarpanmishra/Desktop/Squat More/Labeled_Dataset/processed_videos/frames/37122_4,/Users/tarpanmishra/Desktop/Squat More/Labeled_Dataset/videos/37122_4.mp4
37131_1,train,good_form,[],[],no,0.105,no,UNCERTAIN,1.067,,oblique,/Users/tarpanmishra/Desktop/Squat More/Labeled_Dataset/processed_videos/frames/37131_1,/Users/tarpanmishra/Desktop/Squat More/Labeled_Dataset/videos/37131_1.mp4
37135_3,train,depth_fault,[],[],no,0.441,no,UNCERTAIN,,,unknown,/Users/tarpanmishra/Desktop/Squat More/Labeled_Dataset/processed_videos/frames/37135_3,/Users/tarpanmishra/Desktop/Squat More/Labeled_Dataset/videos/37135_3.mp4
37137_1,train,depth_fault,"[[0.72, 2.81]]",[],yes,0.687,yes,NOT_OBSERVED,1.467,yes,oblique,/Users/tarpanmishra/Desktop/Squat More/Labeled_Dataset/processed_videos/frames/37137_1,/Users/tarpanmishra/Desktop/Squat More/Labeled_Dataset/videos/37137_1.mp4
37139_1,train,depth_fault,[],"[[2.54, 3.27]]",yes,0.859,yes,NOT_OBSERVED,2.133,,oblique,/Users/tarpanmishra/Desktop/Squat More/Labeled_Dataset/processed_videos/frames/37139_1,/Users/tarpanmishra/Desktop/Squat More/Labeled_Dataset/videos/37139_1.mp4
37145_1,train,posture_fault,"[[2.63, 3.91]]",[],yes,0.576,yes,NOT_OBSERVED,1.733,no,side,/Users/tarpanmishra/Desktop/Squat More/Labeled_Dataset/processed_videos/frames/37145_1,/Users/tarpanmishra/Desktop/Squat More/Labeled_Dataset/videos/37145_1.mp4
37164_1,train,depth_fault,[],[],no,0.107,no,UNCERTAIN,2.367,,oblique,/Users/tarpanmishra/Desktop/Squat More/Labeled_Dataset/processed_videos/frames/37164_1,/Users/tarpanmishra/Desktop/Squat More/Labeled_Dataset/videos/37164_1.mp4
37172_2,train,depth_fault,"[[0.68, 1.62]]",[],yes,0.109,no,OBSERVED,1.133,yes,oblique,/Users/tarpanmishra/Desktop/Squat More/Labeled_Dataset/processed_videos/frames/37172_2,/Users/tarpanmishra/Desktop/Squat More/Labeled_Dataset/videos/37172_2.mp4
37179_1,train,depth_fault,"[[0.76, 4.08]]",[],yes,0.681,yes,OBSERVED,2.1,yes,side,/Users/tarpanmishra/Desktop/Squat More/Labeled_Dataset/processed_videos/frames/37179_1,/Users/tarpanmishra/Desktop/Squat More/Labeled_Dataset/videos/37179_1.mp4
37180_2,train,depth_fault,"[[0.98, 2.34]]",[],yes,0.420,no,OBSERVED,1.333,yes,oblique,/Users/tarpanmishra/Desktop/Squat More/Labeled_Dataset/processed_videos/frames/37180_2,/Users/tarpanmishra/Desktop/Squat More/Labeled_Dataset/videos/37180_2.mp4
37193_1,train,depth_fault,"[[1.33, 2.61], [1.43, 2.18]]",[],yes,0.559,yes,NOT_OBSERVED,1.867,yes,oblique,/Users/tarpanmishra/Desktop/Squat More/Labeled_Dataset/processed_videos/frames/37193_1,/Users/tarpanmishra/Desktop/Squat More/Labeled_Dataset/videos/37193_1.mp4
37196_5,train,depth_fault,"[[1.14, 2.87]]",[],yes,0.799,yes,OBSERVED,1.533,yes,oblique,/Users/tarpanmishra/Desktop/Squat More/Labeled_Dataset/processed_videos/frames/37196_5,/Users/tarpanmishra/Desktop/Squat More/Labeled_Dataset/videos/37196_5.mp4
37203_3,train,depth_fault,[],[],no,0.309,no,OBSERVED,1.367,,oblique,/Users/tarpanmishra/Desktop/Squat More/Labeled_Dataset/processed_videos/frames/37203_3,/Users/tarpanmishra/Desktop/Squat More/Labeled_Dataset/videos/37203_3.mp4
37205_5,train,depth_fault,"[[0.95, 2.12]]","[[1.4, 2.61]]",yes,0.756,yes,UNCERTAIN,1.133,yes,oblique,/Users/tarpanmishra/Desktop/Squat More/Labeled_Dataset/processed_videos/frames/37205_5,/Users/tarpanmishra/Desktop/Squat More/Labeled_Dataset/videos/37205_5.mp4
37206_3,train,depth_fault,"[[0.97, 1.73]]",[],yes,0.257,no,OBSERVED,1.133,yes,oblique,/Users/tarpanmishra/Desktop/Squat More/Labeled_Dataset/processed_videos/frames/37206_3,/Users/tarpanmishra/Desktop/Squat More/Labeled_Dataset/videos/37206_3.mp4
37219_5,train,depth_fault,[],[],no,0.419,no,OBSERVED,0.8,,side,/Users/tarpanmishra/Desktop/Squat More/Labeled_Dataset/processed_videos/frames/37219_5,/Users/tarpanmishra/Desktop/Squat More/Labeled_Dataset/videos/37219_5.mp4
37223_1,train,depth_fault,"[[2.21, 5.23], [4.62, 5.32]]",[],yes,0.664,yes,OBSERVED,3.667,yes,oblique,/Users/tarpanmishra/Desktop/Squat More/Labeled_Dataset/processed_videos/frames/37223_1,/Users/tarpanmishra/Desktop/Squat More/Labeled_Dataset/videos/37223_1.mp4
37224_1,train,depth_fault,"[[1.16, 3.45]]",[],yes,0.620,yes,NOT_OBSERVED,2.467,yes,oblique,/Users/tarpanmishra/Desktop/Squat More/Labeled_Dataset/processed_videos/frames/37224_1,/Users/tarpanmishra/Desktop/Squat More/Labeled_Dataset/videos/37224_1.mp4
37238_1,train,depth_fault,"[[0.7, 2.71]]",[],yes,0.834,yes,OBSERVED,1.5,yes,oblique,/Users/tarpanmishra/Desktop/Squat More/Labeled_Dataset/processed_videos/frames/37238_1,/Users/tarpanmishra/Desktop/Squat More/Labeled_Dataset/videos/37238_1.mp4
37242_1,train,posture_fault,"[[2.15, 3.19]]",[],yes,0.930,yes,OBSERVED,1.367,no,side,/Users/tarpanmishra/Desktop/Squat More/Labeled_Dataset/processed_videos/frames/37242_1,/Users/tarpanmishra/Desktop/Squat More/Labeled_Dataset/videos/37242_1.mp4
37249_4,train,depth_fault,[],[],no,0.218,no,UNCERTAIN,,,oblique,/Users/tarpanmishra/Desktop/Squat More/Labeled_Dataset/processed_videos/frames/37249_4,/Users/tarpanmishra/Desktop/Squat More/Labeled_Dataset/videos/37249_4.mp4
37251_1,train,posture_fault,"[[2.85, 4.44]]",[],yes,0.864,yes,OBSERVED,1.433,no,oblique,/Users/tarpanmishra/Desktop/Squat More/Labeled_Dataset/processed_videos/frames/37251_1,/Users/tarpanmishra/Desktop/Squat More/Labeled_Dataset/videos/37251_1.mp4
37265_1,train,depth_fault,"[[3.06, 5.97]]",[],yes,0.841,yes,UNCERTAIN,,,oblique,/Users/tarpanmishra/Desktop/Squat More/Labeled_Dataset/processed_videos/frames/37265_1,/Users/tarpanmishra/Desktop/Squat More/Labeled_Dataset/videos/37265_1.mp4
37286_1,train,posture_fault,"[[0.82, 3.66]]","[[1.72, 3.47], [1.76, 3.27]]",yes,0.901,yes,OBSERVED,1.233,yes,oblique,/Users/tarpanmishra/Desktop/Squat More/Labeled_Dataset/processed_videos/frames/37286_1,/Users/tarpanmishra/Desktop/Squat More/Labeled_Dataset/videos/37286_1.mp4
37287_2,train,depth_fault,"[[1.02, 2.6]]",[],yes,0.224,no,OBSERVED,1.5,yes,oblique,/Users/tarpanmishra/Desktop/Squat More/Labeled_Dataset/processed_videos/frames/37287_2,/Users/tarpanmishra/Desktop/Squat More/Labeled_Dataset/videos/37287_2.mp4
37295_2,train,posture_fault,"[[1.18, 3.61]]",[],yes,0.412,no,NOT_OBSERVED,1.667,yes,side,/Users/tarpanmishra/Desktop/Squat More/Labeled_Dataset/processed_videos/frames/37295_2,/Users/tarpanmishra/Desktop/Squat More/Labeled_Dataset/videos/37295_2.mp4
37300_6,train,depth_fault,"[[1.73, 2.63]]",[],yes,0.141,no,UNCERTAIN,,,unknown,/Users/tarpanmishra/Desktop/Squat More/Labeled_Dataset/processed_videos/frames/37300_6,/Users/tarpanmishra/Desktop/Squat More/Labeled_Dataset/videos/37300_6.mp4
37305_3,train,depth_fault,"[[0.65, 1.75]]",[],yes,0.640,yes,OBSERVED,1.133,yes,oblique,/Users/tarpanmishra/Desktop/Squat More/Labeled_Dataset/processed_videos/frames/37305_3,/Users/tarpanmishra/Desktop/Squat More/Labeled_Dataset/videos/37305_3.mp4
37327_1,train,posture_fault,"[[1.73, 2.64], [0.83, 1.6], [2.29, 3.01]]",[],yes,0.930,yes,NOT_OBSERVED,1.1,yes,oblique,/Users/tarpanmishra/Desktop/Squat More/Labeled_Dataset/processed_videos/frames/37327_1,/Users/tarpanmishra/Desktop/Squat More/Labeled_Dataset/videos/37327_1.mp4
37340_1,train,depth_fault,"[[1.31, 3.53]]",[],yes,0.689,yes,NOT_OBSERVED,2.2,yes,oblique,/Users/tarpanmishra/Desktop/Squat More/Labeled_Dataset/processed_videos/frames/37340_1,/Users/tarpanmishra/Desktop/Squat More/Labeled_Dataset/videos/37340_1.mp4
37342_4,train,depth_fault,"[[1.35, 3.25]]",[],yes,0.785,yes,NOT_OBSERVED,2.067,yes,oblique,/Users/tarpanmishra/Desktop/Squat More/Labeled_Dataset/processed_videos/frames/37342_4,/Users/tarpanmishra/Desktop/Squat More/Labeled_Dataset/videos/37342_4.mp4
37362_7,train,depth_fault,[],[],no,0.483,no,UNCERTAIN,1.767,,oblique,/Users/tarpanmishra/Desktop/Squat More/Labeled_Dataset/processed_videos/frames/37362_7,/Users/tarpanmishra/Desktop/Squat More/Labeled_Dataset/videos/37362_7.mp4
37371_1,train,depth_fault,"[[2.16, 2.99]]",[],yes,0.276,no,OBSERVED,2.3,yes,oblique,/Users/tarpanmishra/Desktop/Squat More/Labeled_Dataset/processed_videos/frames/37371_1,/Users/tarpanmishra/Desktop/Squat More/Labeled_Dataset/videos/37371_1.mp4
37389_1,train,depth_fault,[],[],no,0.780,yes,OBSERVED,1.333,,side,/Users/tarpanmishra/Desktop/Squat More/Labeled_Dataset/processed_videos/frames/37389_1,/Users/tarpanmishra/Desktop/Squat More/Labeled_Dataset/videos/37389_1.mp4
37403_1,train,depth_fault,"[[2.34, 3.72]]",[],yes,0.823,yes,OBSERVED,1.633,no,oblique,/Users/tarpanmishra/Desktop/Squat More/Labeled_Dataset/processed_videos/frames/37403_1,/Users/tarpanmishra/Desktop/Squat More/Labeled_Dataset/videos/37403_1.mp4
37405_1,train,depth_fault,"[[0.86, 2.02]]","[[1.55, 2.49], [1.59, 2.39]]",yes,0.197,no,NOT_OBSERVED,1.367,yes,oblique,/Users/tarpanmishra/Desktop/Squat More/Labeled_Dataset/processed_videos/frames/37405_1,/Users/tarpanmishra/Desktop/Squat More/Labeled_Dataset/videos/37405_1.mp4
37412_1,train,depth_fault,"[[1.56, 2.89]]",[],yes,0.279,no,OBSERVED,2.067,yes,side,/Users/tarpanmishra/Desktop/Squat More/Labeled_Dataset/processed_videos/frames/37412_1,/Users/tarpanmishra/Desktop/Squat More/Labeled_Dataset/videos/37412_1.mp4
37423_1,train,posture_fault,"[[0.69, 2.23]]","[[1.59, 2.67]]",yes,0.865,yes,NOT_OBSERVED,1.267,yes,oblique,/Users/tarpanmishra/Desktop/Squat More/Labeled_Dataset/processed_videos/frames/37423_1,/Users/tarpanmishra/Desktop/Squat More/Labeled_Dataset/videos/37423_1.mp4
37427_2,train,depth_fault,[],[],no,0.198,no,NOT_OBSERVED,1.333,,oblique,/Users/tarpanmishra/Desktop/Squat More/Labeled_Dataset/processed_videos/frames/37427_2,/Users/tarpanmishra/Desktop/Squat More/Labeled_Dataset/videos/37427_2.mp4
37428_1,train,depth_fault,"[[2.98, 3.95]]",[],yes,0.480,no,OBSERVED,2.6,no,oblique,/Users/tarpanmishra/Desktop/Squat More/Labeled_Dataset/processed_videos/frames/37428_1,/Users/tarpanmishra/Desktop/Squat More/Labeled_Dataset/videos/37428_1.mp4
37453_6,train,depth_fault,[],[],no,0.211,no,UNCERTAIN,,,oblique,/Users/tarpanmishra/Desktop/Squat More/Labeled_Dataset/processed_videos/frames/37453_6,/Users/tarpanmishra/Desktop/Squat More/Labeled_Dataset/videos/37453_6.mp4
37455_1,train,posture_fault,"[[0.51, 6.2]]",[],yes,0.784,yes,NOT_OBSERVED,2.3,yes,oblique,/Users/tarpanmishra/Desktop/Squat More/Labeled_Dataset/processed_videos/frames/37455_1,/Users/tarpanmishra/Desktop/Squat More/Labeled_Dataset/videos/37455_1.mp4
37456_6,train,depth_fault,"[[1.33, 2.39]]",[],yes,0.392,no,NOT_OBSERVED,1.167,yes,oblique,/Users/tarpanmishra/Desktop/Squat More/Labeled_Dataset/processed_videos/frames/37456_6,/Users/tarpanmishra/Desktop/Squat More/Labeled_Dataset/videos/37456_6.mp4
37460_16,train,depth_fault,[],[],no,0.082,no,UNCERTAIN,,,unknown,/Users/tarpanmishra/Desktop/Squat More/Labeled_Dataset/processed_videos/frames/37460_16,/Users/tarpanmishra/Desktop/Squat More/Labeled_Dataset/videos/37460_16.mp4
37471_3,train,depth_fault,"[[0.73, 2.3], [0.57, 1.95]]",[],yes,0.500,no,OBSERVED,1.133,yes,oblique,/Users/tarpanmishra/Desktop/Squat More/Labeled_Dataset/processed_videos/frames/37471_3,/Users/tarpanmishra/Desktop/Squat More/Labeled_Dataset/videos/37471_3.mp4
37478_3,train,depth_fault,"[[0.66, 2.74], [0.87, 2.28]]",[],yes,0.599,yes,OBSERVED,1.7,yes,side,/Users/tarpanmishra/Desktop/Squat More/Labeled_Dataset/processed_videos/frames/37478_3,/Users/tarpanmishra/Desktop/Squat More/Labeled_Dataset/videos/37478_3.mp4
37483_1,train,posture_fault,"[[2.4, 4.92]]",[],yes,0.346,no,UNCERTAIN,,,oblique,/Users/tarpanmishra/Desktop/Squat More/Labeled_Dataset/processed_videos/frames/37483_1,/Users/tarpanmishra/Desktop/Squat More/Labeled_Dataset/videos/37483_1.mp4
37498_1,train,depth_fault,"[[0.86, 2.25]]",[],yes,0.611,yes,UNCERTAIN,,,front,/Users/tarpanmishra/Desktop/Squat More/Labeled_Dataset/processed_videos/frames/37498_1,/Users/tarpanmishra/Desktop/Squat More/Labeled_Dataset/videos/37498_1.mp4
37508_2,train,depth_fault,"[[0.83, 2.35], [0.92, 1.66]]",[],yes,0.478,no,NOT_OBSERVED,1.1,yes,oblique,/Users/tarpanmishra/Desktop/Squat More/Labeled_Dataset/processed_videos/frames/37508_2,/Users/tarpanmishra/Desktop/Squat More/Labeled_Dataset/videos/37508_2.mp4
37517_7,train,depth_fault,[],[],no,0.134,no,UNCERTAIN,,,oblique,/Users/tarpanmishra/Desktop/Squat More/Labeled_Dataset/processed_videos/frames/37517_7,/Users/tarpanmishra/Desktop/Squat More/Labeled_Dataset/videos/37517_7.mp4
37521_1,train,depth_fault,[],[],no,0.548,yes,OBSERVED,2.0,,oblique,/Users/tarpanmishra/Desktop/Squat More/Labeled_Dataset/processed_videos/frames/37521_1,/Users/tarpanmishra/Desktop/Squat More/Labeled_Dataset/videos/37521_1.mp4
37524_2,train,depth_fault,"[[1.21, 2.54]]",[],yes,0.519,no,OBSERVED,1.967,yes,oblique,/Users/tarpanmishra/Desktop/Squat More/Labeled_Dataset/processed_videos/frames/37524_2,/Users/tarpanmishra/Desktop/Squat More/Labeled_Dataset/videos/37524_2.mp4
37526_1,train,depth_fault,"[[0.55, 2.17]]",[],yes,0.381,no,OBSERVED,1.2,yes,oblique,/Users/tarpanmishra/Desktop/Squat More/Labeled_Dataset/processed_videos/frames/37526_1,/Users/tarpanmishra/Desktop/Squat More/Labeled_Dataset/videos/37526_1.mp4
37535_2,train,depth_fault,[],[],no,0.217,no,UNCERTAIN,,,oblique,/Users/tarpanmishra/Desktop/Squat More/Labeled_Dataset/processed_videos/frames/37535_2,/Users/tarpanmishra/Desktop/Squat More/Labeled_Dataset/videos/37535_2.mp4
37555_3,train,depth_fault,[],[],no,0.479,no,UNCERTAIN,,,unknown,/Users/tarpanmishra/Desktop/Squat More/Labeled_Dataset/processed_videos/frames/37555_3,/Users/tarpanmishra/Desktop/Squat More/Labeled_Dataset/videos/37555_3.mp4
37556_3,train,depth_fault,[],[],no,0.031,no,UNCERTAIN,,,oblique,/Users/tarpanmishra/Desktop/Squat More/Labeled_Dataset/processed_videos/frames/37556_3,/Users/tarpanmishra/Desktop/Squat More/Labeled_Dataset/videos/37556_3.mp4
37561_1,train,depth_fault,"[[2.61, 4.05]]",[],yes,0.654,yes,NOT_OBSERVED,2.933,yes,oblique,/Users/tarpanmishra/Desktop/Squat More/Labeled_Dataset/processed_videos/frames/37561_1,/Users/tarpanmishra/Desktop/Squat More/Labeled_Dataset/videos/37561_1.mp4
37580_1,train,depth_fault,"[[1.3, 2.23]]",[],yes,0.243,no,OBSERVED,1.0,no,oblique,/Users/tarpanmishra/Desktop/Squat More/Labeled_Dataset/processed_videos/frames/37580_1,/Users/tarpanmishra/Desktop/Squat More/Labeled_Dataset/videos/37580_1.mp4
37582_2,train,depth_fault,[],[],no,0.637,yes,OBSERVED,1.0,,oblique,/Users/tarpanmishra/Desktop/Squat More/Labeled_Dataset/processed_videos/frames/37582_2,/Users/tarpanmishra/Desktop/Squat More/Labeled_Dataset/videos/37582_2.mp4
37589_1,train,posture_fault,"[[0.9, 3.53]]",[],yes,0.939,yes,OBSERVED,1.3,yes,oblique,/Users/tarpanmishra/Desktop/Squat More/Labeled_Dataset/processed_videos/frames/37589_1,/Users/tarpanmishra/Desktop/Squat More/Labeled_Dataset/videos/37589_1.mp4
37597_3,train,depth_fault,[],[],no,0.619,yes,OBSERVED,1.033,,side,/Users/tarpanmishra/Desktop/Squat More/Labeled_Dataset/processed_videos/frames/37597_3,/Users/tarpanmishra/Desktop/Squat More/Labeled_Dataset/videos/37597_3.mp4
37605_7,train,depth_fault,"[[0.92, 1.49], [0.43, 1.27]]",[],yes,0.375,no,OBSERVED,0.867,yes,oblique,/Users/tarpanmishra/Desktop/Squat More/Labeled_Dataset/processed_videos/frames/37605_7,/Users/tarpanmishra/Desktop/Squat More/Labeled_Dataset/videos/37605_7.mp4
37609_3,train,depth_fault,"[[0.59, 1.81]]",[],yes,0.007,no,OBSERVED,1.333,yes,oblique,/Users/tarpanmishra/Desktop/Squat More/Labeled_Dataset/processed_videos/frames/37609_3,/Users/tarpanmishra/Desktop/Squat More/Labeled_Dataset/videos/37609_3.mp4
37615_1,train,depth_fault,"[[0.88, 1.93]]",[],yes,0.563,yes,OBSERVED,1.133,yes,oblique,/Users/tarpanmishra/Desktop/Squat More/Labeled_Dataset/processed_videos/frames/37615_1,/Users/tarpanmishra/Desktop/Squat More/Labeled_Dataset/videos/37615_1.mp4
37618_2,train,depth_fault,[],[],no,0.665,yes,NOT_OBSERVED,1.167,,oblique,/Users/tarpanmishra/Desktop/Squat More/Labeled_Dataset/processed_videos/frames/37618_2,/Users/tarpanmishra/Desktop/Squat More/Labeled_Dataset/videos/37618_2.mp4
37619_2,train,depth_fault,"[[1.28, 2.12]]",[],yes,0.209,no,UNCERTAIN,,,unknown,/Users/tarpanmishra/Desktop/Squat More/Labeled_Dataset/processed_videos/frames/37619_2,/Users/tarpanmishra/Desktop/Squat More/Labeled_Dataset/videos/37619_2.mp4
37630_4,train,depth_fault,[],[],no,0.363,no,NOT_OBSERVED,1.267,,oblique,/Users/tarpanmishra/Desktop/Squat More/Labeled_Dataset/processed_videos/frames/37630_4,/Users/tarpanmishra/Desktop/Squat More/Labeled_Dataset/videos/37630_4.mp4
37632_2,train,depth_fault,[],[],no,0.595,yes,UNCERTAIN,,,front,/Users/tarpanmishra/Desktop/Squat More/Labeled_Dataset/processed_videos/frames/37632_2,/Users/tarpanmishra/Desktop/Squat More/Labeled_Dataset/videos/37632_2.mp4
37640_3,train,posture_fault,"[[2.4, 6.16]]",[],yes,0.918,yes,OBSERVED,4.233,yes,oblique,/Users/tarpanmishra/Desktop/Squat More/Labeled_Dataset/processed_videos/frames/37640_3,/Users/tarpanmishra/Desktop/Squat More/Labeled_Dataset/videos/37640_3.mp4
37643_3,train,depth_fault,"[[1.33, 3.33]]",[],yes,0.554,yes,NOT_OBSERVED,2.1,yes,side,/Users/tarpanmishra/Desktop/Squat More/Labeled_Dataset/processed_videos/frames/37643_3,/Users/tarpanmishra/Desktop/Squat More/Labeled_Dataset/videos/37643_3.mp4
37653_1,train,depth_fault,"[[0.71, 2.07]]",[],yes,0.729,yes,OBSERVED,1.267,yes,oblique,/Users/tarpanmishra/Desktop/Squat More/Labeled_Dataset/processed_videos/frames/37653_1,/Users/tarpanmishra/Desktop/Squat More/Labeled_Dataset/videos/37653_1.mp4
37662_2,train,depth_fault,"[[0.85, 2.22]]",[],yes,0.051,no,OBSERVED,1.6,yes,oblique,/Users/tarpanmishra/Desktop/Squat More/Labeled_Dataset/processed_videos/frames/37662_2,/Users/tarpanmishra/Desktop/Squat More/Labeled_Dataset/videos/37662_2.mp4
37664_2,train,depth_fault,"[[1.28, 3.48]]",[],yes,0.765,yes,NOT_OBSERVED,1.433,yes,oblique,/Users/tarpanmishra/Desktop/Squat More/Labeled_Dataset/processed_videos/frames/37664_2,/Users/tarpanmishra/Desktop/Squat More/Labeled_Dataset/videos/37664_2.mp4
37665_1,train,posture_fault,"[[1.31, 4.76]]","[[2.23, 4.46], [2.49, 4.51]]",yes,0.904,yes,OBSERVED,1.633,yes,oblique,/Users/tarpanmishra/Desktop/Squat More/Labeled_Dataset/processed_videos/frames/37665_1,/Users/tarpanmishra/Desktop/Squat More/Labeled_Dataset/videos/37665_1.mp4
37670_1,train,depth_fault,"[[3.28, 6.55]]",[],yes,0.908,yes,OBSERVED,4.167,yes,oblique,/Users/tarpanmishra/Desktop/Squat More/Labeled_Dataset/processed_videos/frames/37670_1,/Users/tarpanmishra/Desktop/Squat More/Labeled_Dataset/videos/37670_1.mp4
37673_12,train,depth_fault,[],[],no,0.528,yes,NOT_OBSERVED,1.033,,oblique,/Users/tarpanmishra/Desktop/Squat More/Labeled_Dataset/processed_videos/frames/37673_12,/Users/tarpanmishra/Desktop/Squat More/Labeled_Dataset/videos/37673_12.mp4
37676_1,train,depth_fault,"[[0.76, 2.17]]",[],yes,0.673,yes,OBSERVED,1.2,yes,oblique,/Users/tarpanmishra/Desktop/Squat More/Labeled_Dataset/processed_videos/frames/37676_1,/Users/tarpanmishra/Desktop/Squat More/Labeled_Dataset/videos/37676_1.mp4
37682_2,train,depth_fault,"[[0.64, 1.88]]",[],yes,0.514,no,OBSERVED,0.9,yes,side,/Users/tarpanmishra/Desktop/Squat More/Labeled_Dataset/processed_videos/frames/37682_2,/Users/tarpanmishra/Desktop/Squat More/Labeled_Dataset/videos/37682_2.mp4
37691_1,train,depth_fault,"[[0.7, 1.66]]","[[1.14, 2.13], [1.3, 1.98]]",yes,0.562,yes,OBSERVED,0.967,yes,oblique,/Users/tarpanmishra/Desktop/Squat More/Labeled_Dataset/processed_videos/frames/37691_1,/Users/tarpanmishra/Desktop/Squat More/Labeled_Dataset/videos/37691_1.mp4
37694_9,train,depth_fault,[],[],no,0.346,no,UNCERTAIN,1.5,,side,/Users/tarpanmishra/Desktop/Squat More/Labeled_Dataset/processed_videos/frames/37694_9,/Users/tarpanmishra/Desktop/Squat More/Labeled_Dataset/videos/37694_9.mp4
37697_2,train,depth_fault,[],[],no,0.661,yes,NOT_OBSERVED,1.133,,oblique,/Users/tarpanmishra/Desktop/Squat More/Labeled_Dataset/processed_videos/frames/37697_2,/Users/tarpanmishra/Desktop/Squat More/Labeled_Dataset/videos/37697_2.mp4
37720_2,train,depth_fault,"[[0.96, 1.59], [0.55, 1.29]]",[],yes,0.543,yes,OBSERVED,0.9,yes,oblique,/Users/tarpanmishra/Desktop/Squat More/Labeled_Dataset/processed_videos/frames/37720_2,/Users/tarpanmishra/Desktop/Squat More/Labeled_Dataset/videos/37720_2.mp4
37722_1,train,depth_fault,"[[4.63, 5.63]]",[],yes,0.782,yes,OBSERVED,3.533,no,oblique,/Users/tarpanmishra/Desktop/Squat More/Labeled_Dataset/processed_videos/frames/37722_1,/Users/tarpanmishra/Desktop/Squat More/Labeled_Dataset/videos/37722_1.mp4
37732_2,train,depth_fault,[],[],no,0.348,no,OBSERVED,1.2,,oblique,/Users/tarpanmishra/Desktop/Squat More/Labeled_Dataset/processed_videos/frames/37732_2,/Users/tarpanmishra/Desktop/Squat More/Labeled_Dataset/videos/37732_2.mp4
37756_1,train,posture_fault,"[[0.83, 2.23]]",[],yes,0.618,yes,OBSERVED,1.1,yes,oblique,/Users/tarpanmishra/Desktop/Squat More/Labeled_Dataset/processed_videos/frames/37756_1,/Users/tarpanmishra/Desktop/Squat More/Labeled_Dataset/videos/37756_1.mp4
37757_3,train,depth_fault,[],[],no,0.665,yes,UNCERTAIN,1.2,,side,/Users/tarpanmishra/Desktop/Squat More/Labeled_Dataset/processed_videos/frames/37757_3,/Users/tarpanmishra/Desktop/Squat More/Labeled_Dataset/videos/37757_3.mp4
37760_1,train,posture_fault,"[[2.95, 3.86]]",[],yes,0.479,no,OBSERVED,2.167,no,oblique,/Users/tarpanmishra/Desktop/Squat More/Labeled_Dataset/processed_videos/frames/37760_1,/Users/tarpanmishra/Desktop/Squat More/Labeled_Dataset/videos/37760_1.mp4
37761_1,train,depth_fault,"[[1.46, 3.51]]",[],yes,0.769,yes,OBSERVED,1.967,yes,oblique,/Users/tarpanmishra/Desktop/Squat More/Labeled_Dataset/processed_videos/frames/37761_1,/Users/tarpanmishra/Desktop/Squat More/Labeled_Dataset/videos/37761_1.mp4
37773_1,train,depth_fault,"[[1.2, 2.26]]",[],yes,0.629,yes,NOT_OBSERVED,1.733,yes,oblique,/Users/tarpanmishra/Desktop/Squat More/Labeled_Dataset/processed_videos/frames/37773_1,/Users/tarpanmishra/Desktop/Squat More/Labeled_Dataset/videos/37773_1.mp4
37774_1,train,depth_fault,"[[1.05, 3.77]]",[],yes,0.754,yes,OBSERVED,1.5,yes,side,/Users/tarpanmishra/Desktop/Squat More/Labeled_Dataset/processed_videos/frames/37774_1,/Users/tarpanmishra/Desktop/Squat More/Labeled_Dataset/videos/37774_1.mp4
37782_1,train,depth_fault,[],[],no,0.304,no,UNCERTAIN,,,oblique,/Users/tarpanmishra/Desktop/Squat More/Labeled_Dataset/processed_videos/frames/37782_1,/Users/tarpanmishra/Desktop/Squat More/Labeled_Dataset/videos/37782_1.mp4
37788_4,train,depth_fault,[],[],no,0.183,no,UNCERTAIN,2.033,,oblique,/Users/tarpanmishra/Desktop/Squat More/Labeled_Dataset/processed_videos/frames/37788_4,/Users/tarpanmishra/Desktop/Squat More/Labeled_Dataset/videos/37788_4.mp4
37795_2,train,depth_fault,"[[0.62, 1.87]]",[],yes,0.677,yes,NOT_OBSERVED,1.267,yes,oblique,/Users/tarpanmishra/Desktop/Squat More/Labeled_Dataset/processed_videos/frames/37795_2,/Users/tarpanmishra/Desktop/Squat More/Labeled_Dataset/videos/37795_2.mp4
37805_1,train,depth_fault,"[[0.7, 2.99]]",[],yes,0.772,yes,OBSERVED,1.433,yes,oblique,/Users/tarpanmishra/Desktop/Squat More/Labeled_Dataset/processed_videos/frames/37805_1,/Users/tarpanmishra/Desktop/Squat More/Labeled_Dataset/videos/37805_1.mp4
37815_1,train,depth_fault,"[[0.75, 3.35]]",[],yes,0.541,yes,UNCERTAIN,2.067,yes,oblique,/Users/tarpanmishra/Desktop/Squat More/Labeled_Dataset/processed_videos/frames/37815_1,/Users/tarpanmishra/Desktop/Squat More/Labeled_Dataset/videos/37815_1.mp4
37820_1,train,depth_fault,"[[1.32, 3.53], [1.17, 2.04]]",[],yes,0.809,yes,OBSERVED,1.6,yes,oblique,/Users/tarpanmishra/Desktop/Squat More/Labeled_Dataset/processed_videos/frames/37820_1,/Users/tarpanmishra/Desktop/Squat More/Labeled_Dataset/videos/37820_1.mp4
37823_2,train,posture_fault,"[[3.53, 5.33]]",[],yes,0.806,yes,OBSERVED,4.133,yes,oblique,/Users/tarpanmishra/Desktop/Squat More/Labeled_Dataset/processed_videos/frames/37823_2,/Users/tarpanmishra/Desktop/Squat More/Labeled_Dataset/videos/37823_2.mp4
37824_2,train,depth_fault,[],[],no,0.460,no,UNCERTAIN,,,oblique,/Users/tarpanmishra/Desktop/Squat More/Labeled_Dataset/processed_videos/frames/37824_2,/Users/tarpanmishra/Desktop/Squat More/Labeled_Dataset/videos/37824_2.mp4
37839_1,train,depth_fault,"[[1.58, 4.07]]","[[2.47, 3.68]]",yes,0.684,yes,OBSERVED,2.233,yes,oblique,/Users/tarpanmishra/Desktop/Squat More/Labeled_Dataset/processed_videos/frames/37839_1,/Users/tarpanmishra/Desktop/Squat More/Labeled_Dataset/videos/37839_1.mp4
37840_1,train,good_form,[],[],no,0.153,no,OBSERVED,0.767,,oblique,/Users/tarpanmishra/Desktop/Squat More/Labeled_Dataset/processed_videos/frames/37840_1,/Users/tarpanmishra/Desktop/Squat More/Labeled_Dataset/videos/37840_1.mp4
37844_1,train,depth_fault,"[[1.0, 2.16]]",[],yes,0.423,no,OBSERVED,1.433,yes,oblique,/Users/tarpanmishra/Desktop/Squat More/Labeled_Dataset/processed_videos/frames/37844_1,/Users/tarpanmishra/Desktop/Squat More/Labeled_Dataset/videos/37844_1.mp4
37858_1,train,depth_fault,[],[],no,0.636,yes,NOT_OBSERVED,1.067,,oblique,/Users/tarpanmishra/Desktop/Squat More/Labeled_Dataset/processed_videos/frames/37858_1,/Users/tarpanmishra/Desktop/Squat More/Labeled_Dataset/videos/37858_1.mp4
37859_4,train,depth_fault,[],"[[1.33, 2.12], [1.38, 2.12]]",yes,0.662,yes,NOT_OBSERVED,1.067,,oblique,/Users/tarpanmishra/Desktop/Squat More/Labeled_Dataset/processed_videos/frames/37859_4,/Users/tarpanmishra/Desktop/Squat More/Labeled_Dataset/videos/37859_4.mp4
37861_3,train,good_form,[],[],no,0.258,no,OBSERVED,2.133,,oblique,/Users/tarpanmishra/Desktop/Squat More/Labeled_Dataset/processed_videos/frames/37861_3,/Users/tarpanmishra/Desktop/Squat More/Labeled_Dataset/videos/37861_3.mp4
37864_7,train,good_form,[],[],no,0.474,no,UNCERTAIN,1.7,,side,/Users/tarpanmishra/Desktop/Squat More/Labeled_Dataset/processed_videos/frames/37864_7,/Users/tarpanmishra/Desktop/Squat More/Labeled_Dataset/videos/37864_7.mp4
37872_1,train,depth_fault,[],[],no,0.435,no,UNCERTAIN,0.933,,oblique,/Users/tarpanmishra/Desktop/Squat More/Labeled_Dataset/processed_videos/frames/37872_1,/Users/tarpanmishra/Desktop/Squat More/Labeled_Dataset/videos/37872_1.mp4
37880_1,train,good_form,[],[],no,0.775,yes,OBSERVED,1.167,,oblique,/Users/tarpanmishra/Desktop/Squat More/Labeled_Dataset/processed_videos/frames/37880_1,/Users/tarpanmishra/Desktop/Squat More/Labeled_Dataset/videos/37880_1.mp4
37885_1,train,depth_fault,[],[],no,0.500,no,UNCERTAIN,,,unknown,/Users/tarpanmishra/Desktop/Squat More/Labeled_Dataset/processed_videos/frames/37885_1,/Users/tarpanmishra/Desktop/Squat More/Labeled_Dataset/videos/37885_1.mp4
37895_1,train,depth_fault,"[[0.55, 1.87]]",[],yes,0.117,no,OBSERVED,1.033,yes,oblique,/Users/tarpanmishra/Desktop/Squat More/Labeled_Dataset/processed_videos/frames/37895_1,/Users/tarpanmishra/Desktop/Squat More/Labeled_Dataset/videos/37895_1.mp4
37902_1,train,depth_fault,"[[0.46, 3.24]]",[],yes,0.762,yes,OBSERVED,1.367,yes,oblique,/Users/tarpanmishra/Desktop/Squat More/Labeled_Dataset/processed_videos/frames/37902_1,/Users/tarpanmishra/Desktop/Squat More/Labeled_Dataset/videos/37902_1.mp4
37906_3,train,depth_fault,[],[],no,0.183,no,UNCERTAIN,,,unknown,/Users/tarpanmishra/Desktop/Squat More/Labeled_Dataset/processed_videos/frames/37906_3,/Users/tarpanmishra/Desktop/Squat More/Labeled_Dataset/videos/37906_3.mp4
37908_2,train,posture_fault,"[[0.97, 3.24]]",[],yes,0.912,yes,OBSERVED,1.833,yes,oblique,/Users/tarpanmishra/Desktop/Squat More/Labeled_Dataset/processed_videos/frames/37908_2,/Users/tarpanmishra/Desktop/Squat More/Labeled_Dataset/videos/37908_2.mp4
37915_1,train,depth_fault,"[[0.89, 1.79]]",[],yes,0.255,no,OBSERVED,1.4,yes,oblique,/Users/tarpanmishra/Desktop/Squat More/Labeled_Dataset/processed_videos/frames/37915_1,/Users/tarpanmishra/Desktop/Squat More/Labeled_Dataset/videos/37915_1.mp4
37927_1,train,posture_fault,"[[1.71, 7.01]]",[],yes,0.919,yes,NOT_OBSERVED,1.867,yes,oblique,/Users/tarpanmishra/Desktop/Squat More/Labeled_Dataset/processed_videos/frames/37927_1,/Users/tarpanmishra/Desktop/Squat More/Labeled_Dataset/videos/37927_1.mp4
37935_2,train,depth_fault,"[[1.71, 2.73]]",[],yes,0.115,no,OBSERVED,1.667,yes,oblique,/Users/tarpanmishra/Desktop/Squat More/Labeled_Dataset/processed_videos/frames/37935_2,/Users/tarpanmishra/Desktop/Squat More/Labeled_Dataset/videos/37935_2.mp4
37941_3,train,good_form,[],[],no,0.500,no,UNCERTAIN,,,unknown,/Users/tarpanmishra/Desktop/Squat More/Labeled_Dataset/processed_videos/frames/37941_3,/Users/tarpanmishra/Desktop/Squat More/Labeled_Dataset/videos/37941_3.mp4
37958_1,train,posture_fault,"[[0.45, 3.93]]",[],yes,0.865,yes,OBSERVED,1.4,yes,oblique,/Users/tarpanmishra/Desktop/Squat More/Labeled_Dataset/processed_videos/frames/37958_1,/Users/tarpanmishra/Desktop/Squat More/Labeled_Dataset/videos/37958_1.mp4
37970_2,train,posture_fault,"[[3.89, 5.08]]",[],yes,0.870,yes,NOT_OBSERVED,2.667,no,oblique,/Users/tarpanmishra/Desktop/Squat More/Labeled_Dataset/processed_videos/frames/37970_2,/Users/tarpanmishra/Desktop/Squat More/Labeled_Dataset/videos/37970_2.mp4
37987_4,train,posture_fault,"[[0.88, 3.07]]","[[1.59, 2.81]]",yes,0.046,no,NOT_OBSERVED,3.067,yes,side,/Users/tarpanmishra/Desktop/Squat More/Labeled_Dataset/processed_videos/frames/37987_4,/Users/tarpanmishra/Desktop/Squat More/Labeled_Dataset/videos/37987_4.mp4
38000_1,train,depth_fault,"[[1.65, 5.05]]",[],yes,0.670,yes,NOT_OBSERVED,2.4,yes,oblique,/Users/tarpanmishra/Desktop/Squat More/Labeled_Dataset/processed_videos/frames/38000_1,/Users/tarpanmishra/Desktop/Squat More/Labeled_Dataset/videos/38000_1.mp4
38001_14,train,depth_fault,"[[0.87, 1.63]]",[],yes,0.398,no,NOT_OBSERVED,0.733,yes,oblique,/Users/tarpanmishra/Desktop/Squat More/Labeled_Dataset/processed_videos/frames/38001_14,/Users/tarpanmishra/Desktop/Squat More/Labeled_Dataset/videos/38001_14.mp4
38008_1,train,depth_fault,"[[1.55, 3.02]]",[],yes,0.672,yes,UNCERTAIN,2.067,yes,front,/Users/tarpanmishra/Desktop/Squat More/Labeled_Dataset/processed_videos/frames/38008_1,/Users/tarpanmishra/Desktop/Squat More/Labeled_Dataset/videos/38008_1.mp4
38023_1,train,depth_fault,[],[],no,0.093,no,UNCERTAIN,4.067,,side,/Users/tarpanmishra/Desktop/Squat More/Labeled_Dataset/processed_videos/frames/38023_1,/Users/tarpanmishra/Desktop/Squat More/Labeled_Dataset/videos/38023_1.mp4
38029_1,train,good_form,[],[],no,0.442,no,NOT_OBSERVED,1.2,,side,/Users/tarpanmishra/Desktop/Squat More/Labeled_Dataset/processed_videos/frames/38029_1,/Users/tarpanmishra/Desktop/Squat More/Labeled_Dataset/videos/38029_1.mp4
38032_1,train,depth_fault,"[[0.82, 1.63]]",[],yes,0.545,yes,OBSERVED,1.167,yes,oblique,/Users/tarpanmishra/Desktop/Squat More/Labeled_Dataset/processed_videos/frames/38032_1,/Users/tarpanmishra/Desktop/Squat More/Labeled_Dataset/videos/38032_1.mp4
38035_1,train,posture_fault,"[[1.69, 2.95]]",[],yes,0.878,yes,OBSERVED,2.067,yes,oblique,/Users/tarpanmishra/Desktop/Squat More/Labeled_Dataset/processed_videos/frames/38035_1,/Users/tarpanmishra/Desktop/Squat More/Labeled_Dataset/videos/38035_1.mp4
38045_1,train,depth_fault,"[[0.91, 3.15]]",[],yes,0.771,yes,OBSERVED,1.3,yes,oblique,/Users/tarpanmishra/Desktop/Squat More/Labeled_Dataset/processed_videos/frames/38045_1,/Users/tarpanmishra/Desktop/Squat More/Labeled_Dataset/videos/38045_1.mp4
38060_7,train,depth_fault,"[[1.48, 2.69]]",[],yes,0.169,no,UNCERTAIN,,,oblique,/Users/tarpanmishra/Desktop/Squat More/Labeled_Dataset/processed_videos/frames/38060_7,/Users/tarpanmishra/Desktop/Squat More/Labeled_Dataset/videos/38060_7.mp4
38061_1,train,posture_fault,"[[0.99, 2.53]]",[],yes,0.336,no,NOT_OBSERVED,2.633,yes,oblique,/Users/tarpanmishra/Desktop/Squat More/Labeled_Dataset/processed_videos/frames/38061_1,/Users/tarpanmishra/Desktop/Squat More/Labeled_Dataset/videos/38061_1.mp4
45823_6,train,posture_fault,"[[0.65, 2.78]]",[],yes,0.095,no,NOT_OBSERVED,2.033,yes,oblique,/Users/tarpanmishra/Desktop/Squat More/Labeled_Dataset/processed_videos/frames/45823_6,/Users/tarpanmishra/Desktop/Squat More/Labeled_Dataset/videos/45823_6.mp4
45844_1,train,good_form,[],[],no,0.278,no,NOT_OBSERVED,1.8,,oblique,/Users/tarpanmishra/Desktop/Squat More/Labeled_Dataset/processed_videos/frames/45844_1,/Users/tarpanmishra/Desktop/Squat More/Labeled_Dataset/videos/45844_1.mp4
45944_1,train,posture_fault,"[[1.95, 3.2]]","[[2.77, 3.65]]",yes,0.702,yes,OBSERVED,2.3,yes,oblique,/Users/tarpanmishra/Desktop/Squat More/Labeled_Dataset/processed_videos/frames/45944_1,/Users/tarpanmishra/Desktop/Squat More/Labeled_Dataset/videos/45944_1.mp4
45950_1,train,posture_fault,"[[2.44, 3.86], [4.04, 4.57]]",[],yes,0.648,yes,UNCERTAIN,2.967,yes,oblique,/Users/tarpanmishra/Desktop/Squat More/Labeled_Dataset/processed_videos/frames/45950_1,/Users/tarpanmishra/Desktop/Squat More/Labeled_Dataset/videos/45950_1.mp4
45952_1,train,posture_fault,"[[0.78, 3.05]]",[],yes,0.644,yes,NOT_OBSERVED,2.367,yes,oblique,/Users/tarpanmishra/Desktop/Squat More/Labeled_Dataset/processed_videos/frames/45952_1,/Users/tarpanmishra/Desktop/Squat More/Labeled_Dataset/videos/45952_1.mp4
45968_3,train,good_form,[],[],no,0.548,yes,NOT_OBSERVED,1.3,,oblique,/Users/tarpanmishra/Desktop/Squat More/Labeled_Dataset/processed_videos/frames/45968_3,/Users/tarpanmishra/Desktop/Squat More/Labeled_Dataset/videos/45968_3.mp4
46001_4,train,posture_fault,"[[1.71, 2.4]]",[],yes,0.206,no,OBSERVED,1.5,yes,side,/Users/tarpanmishra/Desktop/Squat More/Labeled_Dataset/processed_videos/frames/46001_4,/Users/tarpanmishra/Desktop/Squat More/Labeled_Dataset/videos/46001_4.mp4
46003_1,train,good_form,[],[],no,0.008,no,UNCERTAIN,,,unknown,/Users/tarpanmishra/Desktop/Squat More/Labeled_Dataset/processed_videos/frames/46003_1,/Users/tarpanmishra/Desktop/Squat More/Labeled_Dataset/videos/46003_1.mp4
46007_3,train,posture_fault,"[[0.92, 3.37]]","[[1.64, 2.95]]",yes,0.876,yes,OBSERVED,1.233,yes,oblique,/Users/tarpanmishra/Desktop/Squat More/Labeled_Dataset/processed_videos/frames/46007_3,/Users/tarpanmishra/Desktop/Squat More/Labeled_Dataset/videos/46007_3.mp4
46010_3,train,posture_fault,"[[2.17, 2.83]]",[],yes,0.826,yes,OBSERVED,1.4,no,oblique,/Users/tarpanmishra/Desktop/Squat More/Labeled_Dataset/processed_videos/frames/46010_3,/Users/tarpanmishra/Desktop/Squat More/Labeled_Dataset/videos/46010_3.mp4
46026_1,train,posture_fault,"[[2.4, 3.24]]",[],yes,0.313,no,NOT_OBSERVED,1.733,no,oblique,/Users/tarpanmishra/Desktop/Squat More/Labeled_Dataset/processed_videos/frames/46026_1,/Users/tarpanmishra/Desktop/Squat More/Labeled_Dataset/videos/46026_1.mp4
46035_1,train,posture_fault,"[[3.62, 6.24]]","[[4.45, 5.83]]",yes,0.872,yes,OBSERVED,3.933,yes,oblique,/Users/tarpanmishra/Desktop/Squat More/Labeled_Dataset/processed_videos/frames/46035_1,/Users/tarpanmishra/Desktop/Squat More/Labeled_Dataset/videos/46035_1.mp4
46036_1,train,good_form,[],[],no,0.671,yes,UNCERTAIN,1.533,,front,/Users/tarpanmishra/Desktop/Squat More/Labeled_Dataset/processed_videos/frames/46036_1,/Users/tarpanmishra/Desktop/Squat More/Labeled_Dataset/videos/46036_1.mp4
46051_1,train,posture_fault,"[[4.77, 6.29]]","[[4.14, 6.02]]",yes,0.843,yes,NOT_OBSERVED,3.5,no,oblique,/Users/tarpanmishra/Desktop/Squat More/Labeled_Dataset/processed_videos/frames/46051_1,/Users/tarpanmishra/Desktop/Squat More/Labeled_Dataset/videos/46051_1.mp4
46057_2,train,good_form,[],[],no,0.524,no,NOT_OBSERVED,1.533,,oblique,/Users/tarpanmishra/Desktop/Squat More/Labeled_Dataset/processed_videos/frames/46057_2,/Users/tarpanmishra/Desktop/Squat More/Labeled_Dataset/videos/46057_2.mp4
46064_1,train,posture_fault,"[[5.61, 6.65]]","[[4.87, 6.33]]",yes,0.858,yes,OBSERVED,4.4,no,oblique,/Users/tarpanmishra/Desktop/Squat More/Labeled_Dataset/processed_videos/frames/46064_1,/Users/tarpanmishra/Desktop/Squat More/Labeled_Dataset/videos/46064_1.mp4
46067_1,train,posture_fault,"[[1.64, 2.63], [3.18, 4.16]]","[[2.33, 3.7]]",yes,0.794,yes,NOT_OBSERVED,1.633,yes,oblique,/Users/tarpanmishra/Desktop/Squat More/Labeled_Dataset/processed_videos/frames/46067_1,/Users/tarpanmishra/Desktop/Squat More/Labeled_Dataset/videos/46067_1.mp4
46073_1,train,posture_fault,"[[3.51, 6.72]]",[],yes,0.753,yes,UNCERTAIN,4.4,yes,oblique,/Users/tarpanmishra/Desktop/Squat More/Labeled_Dataset/processed_videos/frames/46073_1,/Users/tarpanmishra/Desktop/Squat More/Labeled_Dataset/videos/46073_1.mp4
46076_3,train,posture_fault,"[[1.65, 2.94]]",[],yes,0.615,yes,OBSERVED,1.4,yes,oblique,/Users/tarpanmishra/Desktop/Squat More/Labeled_Dataset/processed_videos/frames/46076_3,/Users/tarpanmishra/Desktop/Squat More/Labeled_Dataset/videos/46076_3.mp4
46081_1,train,posture_fault,"[[2.24, 3.55]]","[[1.72, 3.46]]",yes,0.634,yes,UNCERTAIN,,,unknown,/Users/tarpanmishra/Desktop/Squat More/Labeled_Dataset/processed_videos/frames/46081_1,/Users/tarpanmishra/Desktop/Squat More/Labeled_Dataset/videos/46081_1.mp4
46082_4,train,good_form,[],[],no,0.191,no,UNCERTAIN,,,unknown,/Users/tarpanmishra/Desktop/Squat More/Labeled_Dataset/processed_videos/frames/46082_4,/Users/tarpanmishra/Desktop/Squat More/Labeled_Dataset/videos/46082_4.mp4
46085_2,train,good_form,[],[],no,0.059,no,UNCERTAIN,0.633,,oblique,/Users/tarpanmishra/Desktop/Squat More/Labeled_Dataset/processed_videos/frames/46085_2,/Users/tarpanmishra/Desktop/Squat More/Labeled_Dataset/videos/46085_2.mp4
46091_6,train,good_form,[],[],no,0.160,no,NOT_OBSERVED,1.5,,side,/Users/tarpanmishra/Desktop/Squat More/Labeled_Dataset/processed_videos/frames/46091_6,/Users/tarpanmishra/Desktop/Squat More/Labeled_Dataset/videos/46091_6.mp4
46100_3,train,posture_fault,"[[2.67, 3.97]]","[[2.25, 3.71]]",yes,0.845,yes,NOT_OBSERVED,1.467,no,oblique,/Users/tarpanmishra/Desktop/Squat More/Labeled_Dataset/processed_videos/frames/46100_3,/Users/tarpanmishra/Desktop/Squat More/Labeled_Dataset/videos/46100_3.mp4
46101_3,train,good_form,[],[],no,0.461,no,UNCERTAIN,,,oblique,/Users/tarpanmishra/Desktop/Squat More/Labeled_Dataset/processed_videos/frames/46101_3,/Users/tarpanmishra/Desktop/Squat More/Labeled_Dataset/videos/46101_3.mp4
46125_10,train,good_form,[],[],no,0.046,no,UNCERTAIN,,,oblique,/Users/tarpanmishra/Desktop/Squat More/Labeled_Dataset/processed_videos/frames/46125_10,/Users/tarpanmishra/Desktop/Squat More/Labeled_Dataset/videos/46125_10.mp4
46134_1,train,good_form,[],[],no,0.548,yes,NOT_OBSERVED,1.1,,oblique,/Users/tarpanmishra/Desktop/Squat More/Labeled_Dataset/processed_videos/frames/46134_1,/Users/tarpanmishra/Desktop/Squat More/Labeled_Dataset/videos/46134_1.mp4
46146_4,train,good_form,[],[],no,0.177,no,OBSERVED,0.367,,side,/Users/tarpanmishra/Desktop/Squat More/Labeled_Dataset/processed_videos/frames/46146_4,/Users/tarpanmishra/Desktop/Squat More/Labeled_Dataset/videos/46146_4.mp4
46159_1,train,posture_fault,"[[1.02, 3.25]]",[],yes,0.658,yes,OBSERVED,1.333,yes,oblique,/Users/tarpanmishra/Desktop/Squat More/Labeled_Dataset/processed_videos/frames/46159_1,/Users/tarpanmishra/Desktop/Squat More/Labeled_Dataset/videos/46159_1.mp4
46160_1,train,posture_fault,"[[3.06, 3.97]]",[],yes,0.649,yes,NOT_OBSERVED,3.6,yes,side,/Users/tarpanmishra/Desktop/Squat More/Labeled_Dataset/processed_videos/frames/46160_1,/Users/tarpanmishra/Desktop/Squat More/Labeled_Dataset/videos/46160_1.mp4
46167_1,train,posture_fault,"[[2.08, 3.36]]",[],yes,0.860,yes,NOT_OBSERVED,1.233,no,oblique,/Users/tarpanmishra/Desktop/Squat More/Labeled_Dataset/processed_videos/frames/46167_1,/Users/tarpanmishra/Desktop/Squat More/Labeled_Dataset/videos/46167_1.mp4
46174_1,train,good_form,[],[],no,0.929,yes,NOT_OBSERVED,3.1,,side,/Users/tarpanmishra/Desktop/Squat More/Labeled_Dataset/processed_videos/frames/46174_1,/Users/tarpanmishra/Desktop/Squat More/Labeled_Dataset/videos/46174_1.mp4
46185_2,train,good_form,[],[],no,0.845,yes,OBSERVED,1.233,,oblique,/Users/tarpanmishra/Desktop/Squat More/Labeled_Dataset/processed_videos/frames/46185_2,/Users/tarpanmishra/Desktop/Squat More/Labeled_Dataset/videos/46185_2.mp4
46186_4,train,posture_fault,"[[2.31, 5.2]]","[[1.73, 3.46]]",yes,0.929,yes,OBSERVED,1.3,no,side,/Users/tarpanmishra/Desktop/Squat More/Labeled_Dataset/processed_videos/frames/46186_4,/Users/tarpanmishra/Desktop/Squat More/Labeled_Dataset/videos/46186_4.mp4
46190_11,train,good_form,[],[],no,0.218,no,UNCERTAIN,,,unknown,/Users/tarpanmishra/Desktop/Squat More/Labeled_Dataset/processed_videos/frames/46190_11,/Users/tarpanmishra/Desktop/Squat More/Labeled_Dataset/videos/46190_11.mp4
46205_1,train,good_form,[],[],no,0.675,yes,UNCERTAIN,,,unknown,/Users/tarpanmishra/Desktop/Squat More/Labeled_Dataset/processed_videos/frames/46205_1,/Users/tarpanmishra/Desktop/Squat More/Labeled_Dataset/videos/46205_1.mp4
46209_3,train,posture_fault,"[[2.78, 5.34]]","[[3.61, 4.82]]",yes,0.840,yes,NOT_OBSERVED,3.133,yes,side,/Users/tarpanmishra/Desktop/Squat More/Labeled_Dataset/processed_videos/frames/46209_3,/Users/tarpanmishra/Desktop/Squat More/Labeled_Dataset/videos/46209_3.mp4
46216_1,train,posture_fault,"[[6.35, 8.38]]",[],yes,0.869,yes,UNCERTAIN,5.3,no,oblique,/Users/tarpanmishra/Desktop/Squat More/Labeled_Dataset/processed_videos/frames/46216_1,/Users/tarpanmishra/Desktop/Squat More/Labeled_Dataset/videos/46216_1.mp4
46217_1,train,posture_fault,"[[1.0, 4.56]]",[],yes,0.862,yes,NOT_OBSERVED,1.533,yes,oblique,/Users/tarpanmishra/Desktop/Squat More/Labeled_Dataset/processed_videos/frames/46217_1,/Users/tarpanmishra/Desktop/Squat More/Labeled_Dataset/videos/46217_1.mp4
46220_7,train,posture_fault,"[[2.12, 3.56]]","[[1.7, 2.49]]",yes,0.954,yes,OBSERVED,1.033,no,oblique,/Users/tarpanmishra/Desktop/Squat More/Labeled_Dataset/processed_videos/frames/46220_7,/Users/tarpanmishra/Desktop/Squat More/Labeled_Dataset/videos/46220_7.mp4
46230_1,train,posture_fault,"[[0.85, 2.14]]",[],yes,0.697,yes,NOT_OBSERVED,1.267,yes,oblique,/Users/tarpanmishra/Desktop/Squat More/Labeled_Dataset/processed_videos/frames/46230_1,/Users/tarpanmishra/Desktop/Squat More/Labeled_Dataset/videos/46230_1.mp4
46233_1,train,posture_fault,"[[2.82, 3.69]]",[],yes,0.639,yes,UNCERTAIN,2.167,no,front,/Users/tarpanmishra/Desktop/Squat More/Labeled_Dataset/processed_videos/frames/46233_1,/Users/tarpanmishra/Desktop/Squat More/Labeled_Dataset/videos/46233_1.mp4
46243_1,train,good_form,[],[],no,0.236,no,NOT_OBSERVED,1.167,,oblique,/Users/tarpanmishra/Desktop/Squat More/Labeled_Dataset/processed_videos/frames/46243_1,/Users/tarpanmishra/Desktop/Squat More/Labeled_Dataset/videos/46243_1.mp4
46247_1,train,posture_fault,"[[5.51, 6.28]]",[],yes,0.823,yes,OBSERVED,4.267,no,oblique,/Users/tarpanmishra/Desktop/Squat More/Labeled_Dataset/processed_videos/frames/46247_1,/Users/tarpanmishra/Desktop/Squat More/Labeled_Dataset/videos/46247_1.mp4
46248_5,train,posture_fault,"[[0.92, 2.65]]",[],yes,0.520,no,UNCERTAIN,1.9,yes,front,/Users/tarpanmishra/Desktop/Squat More/Labeled_Dataset/processed_videos/frames/46248_5,/Users/tarpanmishra/Desktop/Squat More/Labeled_Dataset/videos/46248_5.mp4
46252_1,train,posture_fault,"[[2.72, 4.06]]",[],yes,0.557,yes,NOT_OBSERVED,1.8,no,oblique,/Users/tarpanmishra/Desktop/Squat More/Labeled_Dataset/processed_videos/frames/46252_1,/Users/tarpanmishra/Desktop/Squat More/Labeled_Dataset/videos/46252_1.mp4
46264_2,train,good_form,[],[],no,0.407,no,OBSERVED,1.8,,oblique,/Users/tarpanmishra/Desktop/Squat More/Labeled_Dataset/processed_videos/frames/46264_2,/Users/tarpanmishra/Desktop/Squat More/Labeled_Dataset/videos/46264_2.mp4
46278_1,train,posture_fault,"[[1.95, 3.14]]",[],yes,0.249,no,UNCERTAIN,2.533,yes,front,/Users/tarpanmishra/Desktop/Squat More/Labeled_Dataset/processed_videos/frames/46278_1,/Users/tarpanmishra/Desktop/Squat More/Labeled_Dataset/videos/46278_1.mp4
46286_1,train,posture_fault,"[[2.78, 4.77]]",[],yes,0.792,yes,OBSERVED,3.267,yes,oblique,/Users/tarpanmishra/Desktop/Squat More/Labeled_Dataset/processed_videos/frames/46286_1,/Users/tarpanmishra/Desktop/Squat More/Labeled_Dataset/videos/46286_1.mp4
46289_3,train,posture_fault,"[[2.48, 3.14]]",[],yes,0.406,no,NOT_OBSERVED,1.033,no,oblique,/Users/tarpanmishra/Desktop/Squat More/Labeled_Dataset/processed_videos/frames/46289_3,/Users/tarpanmishra/Desktop/Squat More/Labeled_Dataset/videos/46289_3.mp4
46302_3,train,good_form,[],[],no,0.253,no,NOT_OBSERVED,1.567,,side,/Users/tarpanmishra/Desktop/Squat More/Labeled_Dataset/processed_videos/frames/46302_3,/Users/tarpanmishra/Desktop/Squat More/Labeled_Dataset/videos/46302_3.mp4
46307_6,train,good_form,[],[],no,0.445,no,OBSERVED,1.133,,oblique,/Users/tarpanmishra/Desktop/Squat More/Labeled_Dataset/processed_videos/frames/46307_6,/Users/tarpanmishra/Desktop/Squat More/Labeled_Dataset/videos/46307_6.mp4
46308_1,train,posture_fault,"[[2.68, 3.53]]",[],yes,0.803,yes,NOT_OBSERVED,1.667,no,oblique,/Users/tarpanmishra/Desktop/Squat More/Labeled_Dataset/processed_videos/frames/46308_1,/Users/tarpanmishra/Desktop/Squat More/Labeled_Dataset/videos/46308_1.mp4
46316_6,train,posture_fault,"[[3.21, 4.45]]",[],yes,0.875,yes,OBSERVED,2.4,no,oblique,/Users/tarpanmishra/Desktop/Squat More/Labeled_Dataset/processed_videos/frames/46316_6,/Users/tarpanmishra/Desktop/Squat More/Labeled_Dataset/videos/46316_6.mp4
46327_1,train,posture_fault,"[[0.67, 3.78]]",[],yes,0.797,yes,OBSERVED,0.9,yes,oblique,/Users/tarpanmishra/Desktop/Squat More/Labeled_Dataset/processed_videos/frames/46327_1,/Users/tarpanmishra/Desktop/Squat More/Labeled_Dataset/videos/46327_1.mp4
46332_3,train,posture_fault,"[[0.96, 2.6]]",[],yes,0.726,yes,NOT_OBSERVED,1.733,yes,oblique,/Users/tarpanmishra/Desktop/Squat More/Labeled_Dataset/processed_videos/frames/46332_3,/Users/tarpanmishra/Desktop/Squat More/Labeled_Dataset/videos/46332_3.mp4
46334_2,train,posture_fault,"[[1.67, 4.17]]",[],yes,0.301,no,OBSERVED,3.333,yes,oblique,/Users/tarpanmishra/Desktop/Squat More/Labeled_Dataset/processed_videos/frames/46334_2,/Users/tarpanmishra/Desktop/Squat More/Labeled_Dataset/videos/46334_2.mp4
46341_1,train,posture_fault,"[[2.68, 3.98]]","[[1.94, 3.26]]",yes,0.872,yes,UNCERTAIN,1.267,no,front,/Users/tarpanmishra/Desktop/Squat More/Labeled_Dataset/processed_videos/frames/46341_1,/Users/tarpanmishra/Desktop/Squat More/Labeled_Dataset/videos/46341_1.mp4
46367_1,train,posture_fault,"[[4.17, 7.15]]","[[3.16, 6.94]]",yes,0.782,yes,NOT_OBSERVED,2.567,no,oblique,/Users/tarpanmishra/Desktop/Squat More/Labeled_Dataset/processed_videos/frames/46367_1,/Users/tarpanmishra/Desktop/Squat More/Labeled_Dataset/videos/46367_1.mp4
46380_1,train,good_form,[],[],no,0.867,yes,NOT_OBSERVED,1.1,,oblique,/Users/tarpanmishra/Desktop/Squat More/Labeled_Dataset/processed_videos/frames/46380_1,/Users/tarpanmishra/Desktop/Squat More/Labeled_Dataset/videos/46380_1.mp4
46382_2,train,posture_fault,"[[0.88, 3.2]]",[],yes,0.602,yes,OBSERVED,1.333,yes,side,/Users/tarpanmishra/Desktop/Squat More/Labeled_Dataset/processed_videos/frames/46382_2,/Users/tarpanmishra/Desktop/Squat More/Labeled_Dataset/videos/46382_2.mp4
46385_1,train,good_form,[],[],no,0.846,yes,NOT_OBSERVED,3.633,,oblique,/Users/tarpanmishra/Desktop/Squat More/Labeled_Dataset/processed_videos/frames/46385_1,/Users/tarpanmishra/Desktop/Squat More/Labeled_Dataset/videos/46385_1.mp4
46412_5,train,good_form,[],[],no,0.617,yes,OBSERVED,1.033,,oblique,/Users/tarpanmishra/Desktop/Squat More/Labeled_Dataset/processed_videos/frames/46412_5,/Users/tarpanmishra/Desktop/Squat More/Labeled_Dataset/videos/46412_5.mp4
46413_4,train,posture_fault,"[[1.72, 3.78]]",[],yes,0.782,yes,OBSERVED,2.3,yes,oblique,/Users/tarpanmishra/Desktop/Squat More/Labeled_Dataset/processed_videos/frames/46413_4,/Users/tarpanmishra/Desktop/Squat More/Labeled_Dataset/videos/46413_4.mp4
46417_1,train,posture_fault,"[[3.0, 4.29]]",[],yes,0.806,yes,UNCERTAIN,2.467,no,front,/Users/tarpanmishra/Desktop/Squat More/Labeled_Dataset/processed_videos/frames/46417_1,/Users/tarpanmishra/Desktop/Squat More/Labeled_Dataset/videos/46417_1.mp4
46435_1,train,posture_fault,"[[2.25, 3.27]]",[],yes,0.685,yes,NOT_OBSERVED,2.6,yes,oblique,/Users/tarpanmishra/Desktop/Squat More/Labeled_Dataset/processed_videos/frames/46435_1,/Users/tarpanmishra/Desktop/Squat More/Labeled_Dataset/videos/46435_1.mp4
46438_1,train,posture_fault,"[[2.95, 3.65]]",[],yes,0.786,yes,NOT_OBSERVED,2.067,no,oblique,/Users/tarpanmishra/Desktop/Squat More/Labeled_Dataset/processed_videos/frames/46438_1,/Users/tarpanmishra/Desktop/Squat More/Labeled_Dataset/videos/46438_1.mp4
46445_1,train,good_form,[],[],no,0.336,no,OBSERVED,1.233,,oblique,/Users/tarpanmishra/Desktop/Squat More/Labeled_Dataset/processed_videos/frames/46445_1,/Users/tarpanmishra/Desktop/Squat More/Labeled_Dataset/videos/46445_1.mp4
46482_2,train,good_form,[],[],no,0.190,no,UNCERTAIN,2.0,,front,/Users/tarpanmishra/Desktop/Squat More/Labeled_Dataset/processed_videos/frames/46482_2,/Users/tarpanmishra/Desktop/Squat More/Labeled_Dataset/videos/46482_2.mp4
46499_2,train,good_form,[],[],no,0.026,no,NOT_OBSERVED,1.933,,oblique,/Users/tarpanmishra/Desktop/Squat More/Labeled_Dataset/processed_videos/frames/46499_2,/Users/tarpanmishra/Desktop/Squat More/Labeled_Dataset/videos/46499_2.mp4
46504_3,train,posture_fault,"[[2.77, 4.13]]",[],yes,0.483,no,UNCERTAIN,,,oblique,/Users/tarpanmishra/Desktop/Squat More/Labeled_Dataset/processed_videos/frames/46504_3,/Users/tarpanmishra/Desktop/Squat More/Labeled_Dataset/videos/46504_3.mp4
46506_5,train,posture_fault,"[[2.06, 3.01]]",[],yes,0.673,yes,OBSERVED,1.267,no,oblique,/Users/tarpanmishra/Desktop/Squat More/Labeled_Dataset/processed_videos/frames/46506_5,/Users/tarpanmishra/Desktop/Squat More/Labeled_Dataset/videos/46506_5.mp4
46507_2,train,posture_fault,"[[1.53, 2.94]]",[],yes,0.343,no,OBSERVED,2.067,yes,oblique,/Users/tarpanmishra/Desktop/Squat More/Labeled_Dataset/processed_videos/frames/46507_2,/Users/tarpanmishra/Desktop/Squat More/Labeled_Dataset/videos/46507_2.mp4
46509_1,train,posture_fault,"[[2.49, 4.4]]",[],yes,0.768,yes,OBSERVED,1.333,no,oblique,/Users/tarpanmishra/Desktop/Squat More/Labeled_Dataset/processed_videos/frames/46509_1,/Users/tarpanmishra/Desktop/Squat More/Labeled_Dataset/videos/46509_1.mp4
46526_1,train,good_form,[],[],no,0.598,yes,NOT_OBSERVED,2.767,,oblique,/Users/tarpanmishra/Desktop/Squat More/Labeled_Dataset/processed_videos/frames/46526_1,/Users/tarpanmishra/Desktop/Squat More/Labeled_Dataset/videos/46526_1.mp4
46549_1,train,posture_fault,"[[2.0, 2.81]]",[],yes,0.746,yes,UNCERTAIN,,,side,/Users/tarpanmishra/Desktop/Squat More/Labeled_Dataset/processed_videos/frames/46549_1,/Users/tarpanmishra/Desktop/Squat More/Labeled_Dataset/videos/46549_1.mp4
46558_3,train,good_form,[],[],no,0.134,no,UNCERTAIN,,,unknown,/Users/tarpanmishra/Desktop/Squat More/Labeled_Dataset/processed_videos/frames/46558_3,/Users/tarpanmishra/Desktop/Squat More/Labeled_Dataset/videos/46558_3.mp4
46569_11,train,good_form,[],[],no,0.213,no,UNCERTAIN,0.9,,front,/Users/tarpanmishra/Desktop/Squat More/Labeled_Dataset/processed_videos/frames/46569_11,/Users/tarpanmishra/Desktop/Squat More/Labeled_Dataset/videos/46569_11.mp4
46570_1,train,posture_fault,"[[1.23, 3.81]]",[],yes,0.657,yes,UNCERTAIN,,,oblique,/Users/tarpanmishra/Desktop/Squat More/Labeled_Dataset/processed_videos/frames/46570_1,/Users/tarpanmishra/Desktop/Squat More/Labeled_Dataset/videos/46570_1.mp4
46587_7,train,posture_fault,"[[2.25, 2.9]]","[[1.51, 2.61]]",yes,0.819,yes,UNCERTAIN,1.2,no,front,/Users/tarpanmishra/Desktop/Squat More/Labeled_Dataset/processed_videos/frames/46587_7,/Users/tarpanmishra/Desktop/Squat More/Labeled_Dataset/videos/46587_7.mp4
46610_2,train,posture_fault,"[[5.02, 6.46]]",[],yes,0.844,yes,OBSERVED,4.2,no,side,/Users/tarpanmishra/Desktop/Squat More/Labeled_Dataset/processed_videos/frames/46610_2,/Users/tarpanmishra/Desktop/Squat More/Labeled_Dataset/videos/46610_2.mp4
46626_4,train,posture_fault,"[[3.67, 4.79]]",[],yes,0.669,yes,NOT_OBSERVED,3.0,no,side,/Users/tarpanmishra/Desktop/Squat More/Labeled_Dataset/processed_videos/frames/46626_4,/Users/tarpanmishra/Desktop/Squat More/Labeled_Dataset/videos/46626_4.mp4
46627_3,train,good_form,[],[],no,0.185,no,UNCERTAIN,,,unknown,/Users/tarpanmishra/Desktop/Squat More/Labeled_Dataset/processed_videos/frames/46627_3,/Users/tarpanmishra/Desktop/Squat More/Labeled_Dataset/videos/46627_3.mp4
46651_5,train,good_form,[],[],no,0.118,no,UNCERTAIN,,,oblique,/Users/tarpanmishra/Desktop/Squat More/Labeled_Dataset/processed_videos/frames/46651_5,/Users/tarpanmishra/Desktop/Squat More/Labeled_Dataset/videos/46651_5.mp4
46655_1,train,posture_fault,"[[5.56, 6.31]]",[],yes,0.531,yes,OBSERVED,4.6,no,oblique,/Users/tarpanmishra/Desktop/Squat More/Labeled_Dataset/processed_videos/frames/46655_1,/Users/tarpanmishra/Desktop/Squat More/Labeled_Dataset/videos/46655_1.mp4
46660_1,train,posture_fault,"[[1.48, 3.14]]",[],yes,0.621,yes,OBSERVED,1.767,yes,oblique,/Users/tarpanmishra/Desktop/Squat More/Labeled_Dataset/processed_videos/frames/46660_1,/Users/tarpanmishra/Desktop/Squat More/Labeled_Dataset/videos/46660_1.mp4
46667_4,train,good_form,[],[],no,0.208,no,OBSERVED,1.533,,oblique,/Users/tarpanmishra/Desktop/Squat More/Labeled_Dataset/processed_videos/frames/46667_4,/Users/tarpanmishra/Desktop/Squat More/Labeled_Dataset/videos/46667_4.mp4
46669_2,train,good_form,[],[],no,0.757,yes,UNCERTAIN,2.133,,front,/Users/tarpanmishra/Desktop/Squat More/Labeled_Dataset/processed_videos/frames/46669_2,/Users/tarpanmishra/Desktop/Squat More/Labeled_Dataset/videos/46669_2.mp4
46677_1,train,posture_fault,"[[2.34, 3.98]]",[],yes,0.929,yes,NOT_OBSERVED,1.767,no,oblique,/Users/tarpanmishra/Desktop/Squat More/Labeled_Dataset/processed_videos/frames/46677_1,/Users/tarpanmishra/Desktop/Squat More/Labeled_Dataset/videos/46677_1.mp4
46684_1,train,posture_fault,"[[0.97, 2.28], [3.11, 4.26]]","[[2.06, 3.4]]",yes,0.908,yes,OBSERVED,1.667,yes,oblique,/Users/tarpanmishra/Desktop/Squat More/Labeled_Dataset/processed_videos/frames/46684_1,/Users/tarpanmishra/Desktop/Squat More/Labeled_Dataset/videos/46684_1.mp4
46701_1,train,posture_fault,"[[1.4, 3.69]]","[[2.75, 3.63]]",yes,0.665,yes,OBSERVED,1.833,yes,oblique,/Users/tarpanmishra/Desktop/Squat More/Labeled_Dataset/processed_videos/frames/46701_1,/Users/tarpanmishra/Desktop/Squat More/Labeled_Dataset/videos/46701_1.mp4
46724_5,train,posture_fault,"[[1.88, 2.53]]",[],yes,0.753,yes,UNCERTAIN,0.767,no,front,/Users/tarpanmishra/Desktop/Squat More/Labeled_Dataset/processed_videos/frames/46724_5,/Users/tarpanmishra/Desktop/Squat More/Labeled_Dataset/videos/46724_5.mp4
46725_1,train,posture_fault,"[[1.0, 2.85]]",[],yes,0.500,no,NOT_OBSERVED,3.6,no,oblique,/Users/tarpanmishra/Desktop/Squat More/Labeled_Dataset/processed_videos/frames/46725_1,/Users/tarpanmishra/Desktop/Squat More/Labeled_Dataset/videos/46725_1.mp4
46726_4,train,good_form,[],[],no,0.707,yes,NOT_OBSERVED,1.1,,oblique,/Users/tarpanmishra/Desktop/Squat More/Labeled_Dataset/processed_videos/frames/46726_4,/Users/tarpanmishra/Desktop/Squat More/Labeled_Dataset/videos/46726_4.mp4
46755_1,train,posture_fault,"[[2.83, 3.44]]",[],yes,0.684,yes,OBSERVED,1.833,no,oblique,/Users/tarpanmishra/Desktop/Squat More/Labeled_Dataset/processed_videos/frames/46755_1,/Users/tarpanmishra/Desktop/Squat More/Labeled_Dataset/videos/46755_1.mp4
46758_3,train,posture_fault,"[[2.27, 3.28]]",[],yes,0.374,no,OBSERVED,1.867,no,oblique,/Users/tarpanmishra/Desktop/Squat More/Labeled_Dataset/processed_videos/frames/46758_3,/Users/tarpanmishra/Desktop/Squat More/Labeled_Dataset/videos/46758_3.mp4
46762_2,train,posture_fault,"[[2.04, 3.55]]",[],yes,0.852,yes,OBSERVED,1.433,no,oblique,/Users/tarpanmishra/Desktop/Squat More/Labeled_Dataset/processed_videos/frames/46762_2,/Users/tarpanmishra/Desktop/Squat More/Labeled_Dataset/videos/46762_2.mp4
46773_3,train,posture_fault,"[[1.16, 3.08]]",[],yes,0.664,yes,OBSERVED,2.1,yes,side,/Users/tarpanmishra/Desktop/Squat More/Labeled_Dataset/processed_videos/frames/46773_3,/Users/tarpanmishra/Desktop/Squat More/Labeled_Dataset/videos/46773_3.mp4
46774_8,train,posture_fault,"[[1.31, 2.71]]",[],yes,0.444,no,OBSERVED,1.733,yes,oblique,/Users/tarpanmishra/Desktop/Squat More/Labeled_Dataset/processed_videos/frames/46774_8,/Users/tarpanmishra/Desktop/Squat More/Labeled_Dataset/videos/46774_8.mp4
46782_3,train,posture_fault,"[[2.17, 3.14]]",[],yes,0.689,yes,NOT_OBSERVED,2.433,yes,oblique,/Users/tarpanmishra/Desktop/Squat More/Labeled_Dataset/processed_videos/frames/46782_3,/Users/tarpanmishra/Desktop/Squat More/Labeled_Dataset/videos/46782_3.mp4
46787_1,train,posture_fault,"[[2.94, 3.86]]",[],yes,0.621,yes,NOT_OBSERVED,1.967,no,side,/Users/tarpanmishra/Desktop/Squat More/Labeled_Dataset/processed_videos/frames/46787_1,/Users/tarpanmishra/Desktop/Squat More/Labeled_Dataset/videos/46787_1.mp4
46839_1,train,posture_fault,"[[2.77, 6.09]]",[],yes,0.904,yes,UNCERTAIN,1.533,no,oblique,/Users/tarpanmishra/Desktop/Squat More/Labeled_Dataset/processed_videos/frames/46839_1,/Users/tarpanmishra/Desktop/Squat More/Labeled_Dataset/videos/46839_1.mp4
46850_1,train,good_form,[],[],no,0.765,yes,OBSERVED,1.5,,oblique,/Users/tarpanmishra/Desktop/Squat More/Labeled_Dataset/processed_videos/frames/46850_1,/Users/tarpanmishra/Desktop/Squat More/Labeled_Dataset/videos/46850_1.mp4
46856_1,train,posture_fault,"[[2.33, 4.27]]",[],yes,0.741,yes,UNCERTAIN,1.3,no,oblique,/Users/tarpanmishra/Desktop/Squat More/Labeled_Dataset/processed_videos/frames/46856_1,/Users/tarpanmishra/Desktop/Squat More/Labeled_Dataset/videos/46856_1.mp4
46869_2,train,good_form,[],[],no,0.619,yes,UNCERTAIN,,,oblique,/Users/tarpanmishra/Desktop/Squat More/Labeled_Dataset/processed_videos/frames/46869_2,/Users/tarpanmishra/Desktop/Squat More/Labeled_Dataset/videos/46869_2.mp4
46877_1,train,good_form,[],[],no,0.504,no,OBSERVED,2.833,,oblique,/Users/tarpanmishra/Desktop/Squat More/Labeled_Dataset/processed_videos/frames/46877_1,/Users/tarpanmishra/Desktop/Squat More/Labeled_Dataset/videos/46877_1.mp4
46889_5,train,good_form,[],[],no,0.258,no,OBSERVED,1.933,,oblique,/Users/tarpanmishra/Desktop/Squat More/Labeled_Dataset/processed_videos/frames/46889_5,/Users/tarpanmishra/Desktop/Squat More/Labeled_Dataset/videos/46889_5.mp4
46916_1,train,posture_fault,"[[0.73, 1.84]]",[],yes,0.370,no,OBSERVED,1.2,yes,oblique,/Users/tarpanmishra/Desktop/Squat More/Labeled_Dataset/processed_videos/frames/46916_1,/Users/tarpanmishra/Desktop/Squat More/Labeled_Dataset/videos/46916_1.mp4
46920_16,train,good_form,[],[],no,0.227,no,OBSERVED,0.767,,oblique,/Users/tarpanmishra/Desktop/Squat More/Labeled_Dataset/processed_videos/frames/46920_16,/Users/tarpanmishra/Desktop/Squat More/Labeled_Dataset/videos/46920_16.mp4
46923_2,train,good_form,[],[],no,0.050,no,OBSERVED,1.167,,oblique,/Users/tarpanmishra/Desktop/Squat More/Labeled_Dataset/processed_videos/frames/46923_2,/Users/tarpanmishra/Desktop/Squat More/Labeled_Dataset/videos/46923_2.mp4
46939_1,train,good_form,[],[],no,0.225,no,NOT_OBSERVED,1.133,,oblique,/Users/tarpanmishra/Desktop/Squat More/Labeled_Dataset/processed_videos/frames/46939_1,/Users/tarpanmishra/Desktop/Squat More/Labeled_Dataset/videos/46939_1.mp4
46984_2,train,posture_fault,"[[7.07, 11.23]]",[],yes,0.893,yes,NOT_OBSERVED,6.1,no,oblique,/Users/tarpanmishra/Desktop/Squat More/Labeled_Dataset/processed_videos/frames/46984_2,/Users/tarpanmishra/Desktop/Squat More/Labeled_Dataset/videos/46984_2.mp4
47004_1,train,posture_fault,"[[6.76, 7.88]]",[],yes,0.329,no,UNCERTAIN,3.133,no,side,/Users/tarpanmishra/Desktop/Squat More/Labeled_Dataset/processed_videos/frames/47004_1,/Users/tarpanmishra/Desktop/Squat More/Labeled_Dataset/videos/47004_1.mp4
47017_1,train,posture_fault,"[[0.96, 2.29]]",[],yes,0.678,yes,NOT_OBSERVED,1.933,yes,side,/Users/tarpanmishra/Desktop/Squat More/Labeled_Dataset/processed_videos/frames/47017_1,/Users/tarpanmishra/Desktop/Squat More/Labeled_Dataset/videos/47017_1.mp4
47018_1,train,posture_fault,"[[1.92, 3.53]]",[],yes,0.226,no,NOT_OBSERVED,2.1,yes,oblique,/Users/tarpanmishra/Desktop/Squat More/Labeled_Dataset/processed_videos/frames/47018_1,/Users/tarpanmishra/Desktop/Squat More/Labeled_Dataset/videos/47018_1.mp4
47020_1,train,posture_fault,"[[3.06, 3.78]]",[],yes,0.667,yes,OBSERVED,1.933,no,oblique,/Users/tarpanmishra/Desktop/Squat More/Labeled_Dataset/processed_videos/frames/47020_1,/Users/tarpanmishra/Desktop/Squat More/Labeled_Dataset/videos/47020_1.mp4
47021_2,train,posture_fault,"[[2.3, 3.65]]","[[1.84, 3.49]]",yes,0.774,yes,UNCERTAIN,2.367,yes,side,/Users/tarpanmishra/Desktop/Squat More/Labeled_Dataset/processed_videos/frames/47021_2,/Users/tarpanmishra/Desktop/Squat More/Labeled_Dataset/videos/47021_2.mp4
47049_2,train,good_form,[],[],no,0.346,no,UNCERTAIN,0.767,,oblique,/Users/tarpanmishra/Desktop/Squat More/Labeled_Dataset/processed_videos/frames/47049_2,/Users/tarpanmishra/Desktop/Squat More/Labeled_Dataset/videos/47049_2.mp4
47050_2,train,good_form,[],[],no,0.008,no,UNCERTAIN,,,unknown,/Users/tarpanmishra/Desktop/Squat More/Labeled_Dataset/processed_videos/frames/47050_2,/Users/tarpanmishra/Desktop/Squat More/Labeled_Dataset/videos/47050_2.mp4
47054_1,train,posture_fault,"[[1.14, 4.41]]","[[2.19, 3.53]]",yes,0.843,yes,OBSERVED,1.733,yes,side,/Users/tarpanmishra/Desktop/Squat More/Labeled_Dataset/processed_videos/frames/47054_1,/Users/tarpanmishra/Desktop/Squat More/Labeled_Dataset/videos/47054_1.mp4
47057_1,train,posture_fault,"[[1.1, 4.34]]","[[2.16, 4.06]]",yes,0.535,yes,OBSERVED,1.3,yes,oblique,/Users/tarpanmishra/Desktop/Squat More/Labeled_Dataset/processed_videos/frames/47057_1,/Users/tarpanmishra/Desktop/Squat More/Labeled_Dataset/videos/47057_1.mp4
47107_1,train,posture_fault,"[[3.48, 7.07]]",[],yes,0.627,yes,NOT_OBSERVED,3.9,yes,side,/Users/tarpanmishra/Desktop/Squat More/Labeled_Dataset/processed_videos/frames/47107_1,/Users/tarpanmishra/Desktop/Squat More/Labeled_Dataset/videos/47107_1.mp4
47117_1,train,good_form,[],[],no,0.377,no,NOT_OBSERVED,1.733,,oblique,/Users/tarpanmishra/Desktop/Squat More/Labeled_Dataset/processed_videos/frames/47117_1,/Users/tarpanmishra/Desktop/Squat More/Labeled_Dataset/videos/47117_1.mp4
47130_1,train,good_form,[],[],no,0.291,no,UNCERTAIN,,,oblique,/Users/tarpanmishra/Desktop/Squat More/Labeled_Dataset/processed_videos/frames/47130_1,/Users/tarpanmishra/Desktop/Squat More/Labeled_Dataset/videos/47130_1.mp4
47134_8,train,posture_fault,"[[0.93, 2.92]]",[],yes,0.575,yes,UNCERTAIN,,,oblique,/Users/tarpanmishra/Desktop/Squat More/Labeled_Dataset/processed_videos/frames/47134_8,/Users/tarpanmishra/Desktop/Squat More/Labeled_Dataset/videos/47134_8.mp4
47140_1,train,posture_fault,"[[4.29, 5.03]]",[],yes,0.908,yes,NOT_OBSERVED,3.533,no,oblique,/Users/tarpanmishra/Desktop/Squat More/Labeled_Dataset/processed_videos/frames/47140_1,/Users/tarpanmishra/Desktop/Squat More/Labeled_Dataset/videos/47140_1.mp4
47145_1,train,posture_fault,"[[2.38, 3.88]]","[[1.96, 3.37]]",yes,0.915,yes,OBSERVED,1.433,no,oblique,/Users/tarpanmishra/Desktop/Squat More/Labeled_Dataset/processed_videos/frames/47145_1,/Users/tarpanmishra/Desktop/Squat More/Labeled_Dataset/videos/47145_1.mp4
47153_3,train,posture_fault,"[[2.18, 4.54]]",[],yes,0.881,yes,OBSERVED,1.133,no,oblique,/Users/tarpanmishra/Desktop/Squat More/Labeled_Dataset/processed_videos/frames/47153_3,/Users/tarpanmishra/Desktop/Squat More/Labeled_Dataset/videos/47153_3.mp4
47186_5,train,good_form,[],[],no,0.122,no,OBSERVED,1.1,,oblique,/Users/tarpanmishra/Desktop/Squat More/Labeled_Dataset/processed_videos/frames/47186_5,/Users/tarpanmishra/Desktop/Squat More/Labeled_Dataset/videos/47186_5.mp4
47194_1,train,posture_fault,"[[1.38, 3.31]]","[[1.52, 3.02]]",yes,0.873,yes,OBSERVED,1.4,yes,oblique,/Users/tarpanmishra/Desktop/Squat More/Labeled_Dataset/processed_videos/frames/47194_1,/Users/tarpanmishra/Desktop/Squat More/Labeled_Dataset/videos/47194_1.mp4
47209_2,train,posture_fault,"[[1.88, 3.04]]",[],yes,0.914,yes,OBSERVED,0.967,no,oblique,/Users/tarpanmishra/Desktop/Squat More/Labeled_Dataset/processed_videos/frames/47209_2,/Users/tarpanmishra/Desktop/Squat More/Labeled_Dataset/videos/47209_2.mp4
47224_2,train,posture_fault,"[[1.59, 3.16]]",[],yes,0.599,yes,UNCERTAIN,1.733,yes,oblique,/Users/tarpanmishra/Desktop/Squat More/Labeled_Dataset/processed_videos/frames/47224_2,/Users/tarpanmishra/Desktop/Squat More/Labeled_Dataset/videos/47224_2.mp4
47227_5,train,good_form,[],[],no,0.346,no,OBSERVED,1.833,,oblique,/Users/tarpanmishra/Desktop/Squat More/Labeled_Dataset/processed_videos/frames/47227_5,/Users/tarpanmishra/Desktop/Squat More/Labeled_Dataset/videos/47227_5.mp4
47243_15,train,good_form,[],[],no,0.137,no,NOT_OBSERVED,1.067,,oblique,/Users/tarpanmishra/Desktop/Squat More/Labeled_Dataset/processed_videos/frames/47243_15,/Users/tarpanmishra/Desktop/Squat More/Labeled_Dataset/videos/47243_15.mp4
47248_1,train,good_form,[],[],no,0.854,yes,OBSERVED,2.667,,oblique,/Users/tarpanmishra/Desktop/Squat More/Labeled_Dataset/processed_videos/frames/47248_1,/Users/tarpanmishra/Desktop/Squat More/Labeled_Dataset/videos/47248_1.mp4
47258_4,train,good_form,[],[],no,0.123,no,OBSERVED,0.633,,side,/Users/tarpanmishra/Desktop/Squat More/Labeled_Dataset/processed_videos/frames/47258_4,/Users/tarpanmishra/Desktop/Squat More/Labeled_Dataset/videos/47258_4.mp4
47272_4,train,good_form,[],[],no,0.286,no,NOT_OBSERVED,2.4,,side,/Users/tarpanmishra/Desktop/Squat More/Labeled_Dataset/processed_videos/frames/47272_4,/Users/tarpanmishra/Desktop/Squat More/Labeled_Dataset/videos/47272_4.mp4
47274_1,train,posture_fault,"[[1.17, 4.49]]",[],yes,0.515,no,OBSERVED,1.733,yes,oblique,/Users/tarpanmishra/Desktop/Squat More/Labeled_Dataset/processed_videos/frames/47274_1,/Users/tarpanmishra/Desktop/Squat More/Labeled_Dataset/videos/47274_1.mp4
47276_4,train,good_form,[],[],no,0.912,yes,OBSERVED,4.6,,oblique,/Users/tarpanmishra/Desktop/Squat More/Labeled_Dataset/processed_videos/frames/47276_4,/Users/tarpanmishra/Desktop/Squat More/Labeled_Dataset/videos/47276_4.mp4
47279_1,train,posture_fault,"[[2.22, 4.16]]",[],yes,0.473,no,UNCERTAIN,,,side,/Users/tarpanmishra/Desktop/Squat More/Labeled_Dataset/processed_videos/frames/47279_1,/Users/tarpanmishra/Desktop/Squat More/Labeled_Dataset/videos/47279_1.mp4
47295_5,train,good_form,[],[],no,0.309,no,NOT_OBSERVED,1.033,,oblique,/Users/tarpanmishra/Desktop/Squat More/Labeled_Dataset/processed_videos/frames/47295_5,/Users/tarpanmishra/Desktop/Squat More/Labeled_Dataset/videos/47295_5.mp4
47315_4,train,posture_fault,"[[3.71, 4.71]]",[],yes,0.286,no,OBSERVED,3.1,no,side,/Users/tarpanmishra/Desktop/Squat More/Labeled_Dataset/processed_videos/frames/47315_4,/Users/tarpanmishra/Desktop/Squat More/Labeled_Dataset/videos/47315_4.mp4
47321_4,train,good_form,[],[],no,0.300,no,OBSERVED,1.267,,oblique,/Users/tarpanmishra/Desktop/Squat More/Labeled_Dataset/processed_videos/frames/47321_4,/Users/tarpanmishra/Desktop/Squat More/Labeled_Dataset/videos/47321_4.mp4
47327_1,train,good_form,[],[],no,0.256,no,NOT_OBSERVED,0.933,,oblique,/Users/tarpanmishra/Desktop/Squat More/Labeled_Dataset/processed_videos/frames/47327_1,/Users/tarpanmishra/Desktop/Squat More/Labeled_Dataset/videos/47327_1.mp4
47341_1,train,posture_fault,"[[0.85, 2.73]]",[],yes,0.874,yes,NOT_OBSERVED,1.867,yes,side,/Users/tarpanmishra/Desktop/Squat More/Labeled_Dataset/processed_videos/frames/47341_1,/Users/tarpanmishra/Desktop/Squat More/Labeled_Dataset/videos/47341_1.mp4
47347_3,train,good_form,[],[],no,0.491,no,UNCERTAIN,2.767,,oblique,/Users/tarpanmishra/Desktop/Squat More/Labeled_Dataset/processed_videos/frames/47347_3,/Users/tarpanmishra/Desktop/Squat More/Labeled_Dataset/videos/47347_3.mp4
47351_5,train,good_form,[],[],no,0.429,no,UNCERTAIN,1.233,,side,/Users/tarpanmishra/Desktop/Squat More/Labeled_Dataset/processed_videos/frames/47351_5,/Users/tarpanmishra/Desktop/Squat More/Labeled_Dataset/videos/47351_5.mp4
47372_7,train,posture_fault,"[[2.16, 3.38]]",[],yes,0.857,yes,OBSERVED,1.233,no,oblique,/Users/tarpanmishra/Desktop/Squat More/Labeled_Dataset/processed_videos/frames/47372_7,/Users/tarpanmishra/Desktop/Squat More/Labeled_Dataset/videos/47372_7.mp4
47396_1,train,posture_fault,"[[2.45, 3.22]]","[[1.82, 3.04]]",yes,0.840,yes,OBSERVED,1.233,no,oblique,/Users/tarpanmishra/Desktop/Squat More/Labeled_Dataset/processed_videos/frames/47396_1,/Users/tarpanmishra/Desktop/Squat More/Labeled_Dataset/videos/47396_1.mp4
47403_2,train,posture_fault,"[[3.28, 3.72]]",[],yes,0.603,yes,UNCERTAIN,2.433,no,front,/Users/tarpanmishra/Desktop/Squat More/Labeled_Dataset/processed_videos/frames/47403_2,/Users/tarpanmishra/Desktop/Squat More/Labeled_Dataset/videos/47403_2.mp4
47415_3,train,posture_fault,"[[2.74, 3.53]]",[],yes,0.818,yes,OBSERVED,1.567,no,oblique,/Users/tarpanmishra/Desktop/Squat More/Labeled_Dataset/processed_videos/frames/47415_3,/Users/tarpanmishra/Desktop/Squat More/Labeled_Dataset/videos/47415_3.mp4
47419_1,train,posture_fault,"[[2.22, 4.02]]","[[1.67, 3.65]]",yes,0.879,yes,NOT_OBSERVED,1.5,no,oblique,/Users/tarpanmishra/Desktop/Squat More/Labeled_Dataset/processed_videos/frames/47419_1,/Users/tarpanmishra/Desktop/Squat More/Labeled_Dataset/videos/47419_1.mp4
47423_1,train,posture_fault,"[[0.69, 3.82]]","[[1.55, 3.41]]",yes,0.639,yes,UNCERTAIN,0.8,yes,oblique,/Users/tarpanmishra/Desktop/Squat More/Labeled_Dataset/processed_videos/frames/47423_1,/Users/tarpanmishra/Desktop/Squat More/Labeled_Dataset/videos/47423_1.mp4
47427_1,train,posture_fault,"[[1.1, 2.84]]",[],yes,0.743,yes,OBSERVED,1.3,yes,oblique,/Users/tarpanmishra/Desktop/Squat More/Labeled_Dataset/processed_videos/frames/47427_1,/Users/tarpanmishra/Desktop/Squat More/Labeled_Dataset/videos/47427_1.mp4
47437_4,train,good_form,[],[],no,0.773,yes,OBSERVED,0.967,,oblique,/Users/tarpanmishra/Desktop/Squat More/Labeled_Dataset/processed_videos/frames/47437_4,/Users/tarpanmishra/Desktop/Squat More/Labeled_Dataset/videos/47437_4.mp4
47458_9,train,good_form,[],[],no,0.348,no,OBSERVED,0.967,,oblique,/Users/tarpanmishra/Desktop/Squat More/Labeled_Dataset/processed_videos/frames/47458_9,/Users/tarpanmishra/Desktop/Squat More/Labeled_Dataset/videos/47458_9.mp4
47476_4,train,posture_fault,"[[0.64, 2.91]]",[],yes,0.590,yes,UNCERTAIN,0.867,yes,oblique,/Users/tarpanmishra/Desktop/Squat More/Labeled_Dataset/processed_videos/frames/47476_4,/Users/tarpanmishra/Desktop/Squat More/Labeled_Dataset/videos/47476_4.mp4
47483_1,train,good_form,[],[],no,0.780,yes,UNCERTAIN,,,oblique,/Users/tarpanmishra/Desktop/Squat More/Labeled_Dataset/processed_videos/frames/47483_1,/Users/tarpanmishra/Desktop/Squat More/Labeled_Dataset/videos/47483_1.mp4
47485_5,train,good_form,[],[],no,0.626,yes,NOT_OBSERVED,1.733,,oblique,/Users/tarpanmishra/Desktop/Squat More/Labeled_Dataset/processed_videos/frames/47485_5,/Users/tarpanmishra/Desktop/Squat More/Labeled_Dataset/videos/47485_5.mp4
47501_2,train,good_form,[],[],no,0.385,no,OBSERVED,1.167,,oblique,/Users/tarpanmishra/Desktop/Squat More/Labeled_Dataset/processed_videos/frames/47501_2,/Users/tarpanmishra/Desktop/Squat More/Labeled_Dataset/videos/47501_2.mp4
47514_5,train,posture_fault,"[[0.51, 1.41], [1.97, 4.4]]","[[1.57, 4.1]]",yes,0.678,yes,OBSERVED,0.8,yes,side,/Users/tarpanmishra/Desktop/Squat More/Labeled_Dataset/processed_videos/frames/47514_5,/Users/tarpanmishra/Desktop/Squat More/Labeled_Dataset/videos/47514_5.mp4
47519_1,train,posture_fault,"[[2.47, 4.04]]",[],yes,0.850,yes,UNCERTAIN,1.4,no,side,/Users/tarpanmishra/Desktop/Squat More/Labeled_Dataset/processed_videos/frames/47519_1,/Users/tarpanmishra/Desktop/Squat More/Labeled_Dataset/videos/47519_1.mp4
47531_5,train,posture_fault,"[[1.16, 3.27]]",[],yes,0.592,yes,NOT_OBSERVED,1.033,yes,side,/Users/tarpanmishra/Desktop/Squat More/Labeled_Dataset/processed_videos/frames/47531_5,/Users/tarpanmishra/Desktop/Squat More/Labeled_Dataset/videos/47531_5.mp4
47544_2,train,posture_fault,"[[1.56, 3.12]]",[],yes,0.571,yes,OBSERVED,1.767,yes,oblique,/Users/tarpanmishra/Desktop/Squat More/Labeled_Dataset/processed_videos/frames/47544_2,/Users/tarpanmishra/Desktop/Squat More/Labeled_Dataset/videos/47544_2.mp4
47548_1,train,good_form,[],[],no,0.679,yes,OBSERVED,1.167,,oblique,/Users/tarpanmishra/Desktop/Squat More/Labeled_Dataset/processed_videos/frames/47548_1,/Users/tarpanmishra/Desktop/Squat More/Labeled_Dataset/videos/47548_1.mp4
47559_3,train,good_form,[],[],no,0.673,yes,UNCERTAIN,,,oblique,/Users/tarpanmishra/Desktop/Squat More/Labeled_Dataset/processed_videos/frames/47559_3,/Users/tarpanmishra/Desktop/Squat More/Labeled_Dataset/videos/47559_3.mp4
47569_11,train,good_form,[],[],no,0.533,yes,OBSERVED,1.067,,oblique,/Users/tarpanmishra/Desktop/Squat More/Labeled_Dataset/processed_videos/frames/47569_11,/Users/tarpanmishra/Desktop/Squat More/Labeled_Dataset/videos/47569_11.mp4
47570_1,train,posture_fault,"[[2.68, 4.98]]","[[2.03, 4.38]]",yes,0.923,yes,OBSERVED,1.533,no,oblique,/Users/tarpanmishra/Desktop/Squat More/Labeled_Dataset/processed_videos/frames/47570_1,/Users/tarpanmishra/Desktop/Squat More/Labeled_Dataset/videos/47570_1.mp4
47591_2,train,posture_fault,"[[2.84, 3.5]]",[],yes,0.830,yes,NOT_OBSERVED,1.7,no,oblique,/Users/tarpanmishra/Desktop/Squat More/Labeled_Dataset/processed_videos/frames/47591_2,/Users/tarpanmishra/Desktop/Squat More/Labeled_Dataset/videos/47591_2.mp4
47594_1,train,good_form,[],[],no,0.419,no,NOT_OBSERVED,1.933,,oblique,/Users/tarpanmishra/Desktop/Squat More/Labeled_Dataset/processed_videos/frames/47594_1,/Users/tarpanmishra/Desktop/Squat More/Labeled_Dataset/videos/47594_1.mp4
47619_1,train,good_form,[],[],no,0.567,yes,OBSERVED,1.567,,oblique,/Users/tarpanmishra/Desktop/Squat More/Labeled_Dataset/processed_videos/frames/47619_1,/Users/tarpanmishra/Desktop/Squat More/Labeled_Dataset/videos/47619_1.mp4
47631_4,train,good_form,[],[],no,0.354,no,OBSERVED,1.133,,oblique,/Users/tarpanmishra/Desktop/Squat More/Labeled_Dataset/processed_videos/frames/47631_4,/Users/tarpanmishra/Desktop/Squat More/Labeled_Dataset/videos/47631_4.mp4
47636_1,train,posture_fault,"[[0.58, 4.61]]","[[1.48, 3.4]]",yes,0.887,yes,UNCERTAIN,0.8,yes,oblique,/Users/tarpanmishra/Desktop/Squat More/Labeled_Dataset/processed_videos/frames/47636_1,/Users/tarpanmishra/Desktop/Squat More/Labeled_Dataset/videos/47636_1.mp4
47646_1,train,good_form,[],[],no,0.446,no,OBSERVED,1.3,,oblique,/Users/tarpanmishra/Desktop/Squat More/Labeled_Dataset/processed_videos/frames/47646_1,/Users/tarpanmishra/Desktop/Squat More/Labeled_Dataset/videos/47646_1.mp4
47649_1,train,good_form,[],[],no,0.426,no,UNCERTAIN,3.367,,side,/Users/tarpanmishra/Desktop/Squat More/Labeled_Dataset/processed_videos/frames/47649_1,/Users/tarpanmishra/Desktop/Squat More/Labeled_Dataset/videos/47649_1.mp4
47650_1,train,posture_fault,"[[5.9, 6.72]]",[],yes,0.360,no,UNCERTAIN,4.4,no,side,/Users/tarpanmishra/Desktop/Squat More/Labeled_Dataset/processed_videos/frames/47650_1,/Users/tarpanmishra/Desktop/Squat More/Labeled_Dataset/videos/47650_1.mp4
47666_2,train,posture_fault,"[[1.06, 2.05], [2.46, 3.28]]",[],yes,0.848,yes,OBSERVED,1.567,yes,oblique,/Users/tarpanmishra/Desktop/Squat More/Labeled_Dataset/processed_videos/frames/47666_2,/Users/tarpanmishra/Desktop/Squat More/Labeled_Dataset/videos/47666_2.mp4
47679_3,train,good_form,[],[],no,0.357,no,OBSERVED,0.767,,side,/Users/tarpanmishra/Desktop/Squat More/Labeled_Dataset/processed_videos/frames/47679_3,/Users/tarpanmishra/Desktop/Squat More/Labeled_Dataset/videos/47679_3.mp4
47681_1,train,posture_fault,"[[3.55, 4.96]]",[],yes,0.806,yes,NOT_OBSERVED,2.367,no,oblique,/Users/tarpanmishra/Desktop/Squat More/Labeled_Dataset/processed_videos/frames/47681_1,/Users/tarpanmishra/Desktop/Squat More/Labeled_Dataset/videos/47681_1.mp4
47703_2,train,good_form,[],[],no,0.520,no,NOT_OBSERVED,1.4,,oblique,/Users/tarpanmishra/Desktop/Squat More/Labeled_Dataset/processed_videos/frames/47703_2,/Users/tarpanmishra/Desktop/Squat More/Labeled_Dataset/videos/47703_2.mp4
47716_1,train,posture_fault,"[[2.44, 4.43]]",[],yes,0.923,yes,NOT_OBSERVED,1.833,no,side,/Users/tarpanmishra/Desktop/Squat More/Labeled_Dataset/processed_videos/frames/47716_1,/Users/tarpanmishra/Desktop/Squat More/Labeled_Dataset/videos/47716_1.mp4
47717_1,train,posture_fault,"[[1.3, 3.99]]",[],yes,0.850,yes,OBSERVED,1.633,yes,oblique,/Users/tarpanmishra/Desktop/Squat More/Labeled_Dataset/processed_videos/frames/47717_1,/Users/tarpanmishra/Desktop/Squat More/Labeled_Dataset/videos/47717_1.mp4
47735_2,train,posture_fault,"[[0.69, 1.83]]","[[1.38, 2.26]]",yes,0.889,yes,NOT_OBSERVED,0.967,yes,side,/Users/tarpanmishra/Desktop/Squat More/Labeled_Dataset/processed_videos/frames/47735_2,/Users/tarpanmishra/Desktop/Squat More/Labeled_Dataset/videos/47735_2.mp4
47742_2,train,good_form,[],[],no,0.136,no,UNCERTAIN,,,oblique,/Users/tarpanmishra/Desktop/Squat More/Labeled_Dataset/processed_videos/frames/47742_2,/Users/tarpanmishra/Desktop/Squat More/Labeled_Dataset/videos/47742_2.mp4
47760_1,train,posture_fault,"[[2.33, 4.82]]",[],yes,0.880,yes,OBSERVED,1.4,no,oblique,/Users/tarpanmishra/Desktop/Squat More/Labeled_Dataset/processed_videos/frames/47760_1,/Users/tarpanmishra/Desktop/Squat More/Labeled_Dataset/videos/47760_1.mp4
47779_3,train,posture_fault,"[[1.09, 3.25]]",[],yes,0.572,yes,NOT_OBSERVED,1.633,yes,oblique,/Users/tarpanmishra/Desktop/Squat More/Labeled_Dataset/processed_videos/frames/47779_3,/Users/tarpanmishra/Desktop/Squat More/Labeled_Dataset/videos/47779_3.mp4
47795_3,train,posture_fault,"[[6.21, 6.9]]",[],yes,0.789,yes,UNCERTAIN,5.0,no,oblique,/Users/tarpanmishra/Desktop/Squat More/Labeled_Dataset/processed_videos/frames/47795_3,/Users/tarpanmishra/Desktop/Squat More/Labeled_Dataset/videos/47795_3.mp4
47827_2,train,good_form,[],[],no,0.546,yes,NOT_OBSERVED,1.267,,oblique,/Users/tarpanmishra/Desktop/Squat More/Labeled_Dataset/processed_videos/frames/47827_2,/Users/tarpanmishra/Desktop/Squat More/Labeled_Dataset/videos/47827_2.mp4
47833_1,train,posture_fault,"[[1.16, 3.23]]",[],yes,0.500,no,UNCERTAIN,,,unknown,/Users/tarpanmishra/Desktop/Squat More/Labeled_Dataset/processed_videos/frames/47833_1,/Users/tarpanmishra/Desktop/Squat More/Labeled_Dataset/videos/47833_1.mp4
47871_1,train,posture_fault,"[[1.83, 3.38]]",[],yes,0.159,no,UNCERTAIN,,,side,/Users/tarpanmishra/Desktop/Squat More/Labeled_Dataset/processed_videos/frames/47871_1,/Users/tarpanmishra/Desktop/Squat More/Labeled_Dataset/videos/47871_1.mp4
47877_2,train,good_form,[],[],no,0.734,yes,OBSERVED,1.733,,oblique,/Users/tarpanmishra/Desktop/Squat More/Labeled_Dataset/processed_videos/frames/47877_2,/Users/tarpanmishra/Desktop/Squat More/Labeled_Dataset/videos/47877_2.mp4
47909_3,train,good_form,[],[],no,0.558,yes,UNCERTAIN,1.167,,oblique,/Users/tarpanmishra/Desktop/Squat More/Labeled_Dataset/processed_videos/frames/47909_3,/Users/tarpanmishra/Desktop/Squat More/Labeled_Dataset/videos/47909_3.mp4
47960_1,train,good_form,[],[],no,0.634,yes,UNCERTAIN,1.867,,front,/Users/tarpanmishra/Desktop/Squat More/Labeled_Dataset/processed_videos/frames/47960_1,/Users/tarpanmishra/Desktop/Squat More/Labeled_Dataset/videos/47960_1.mp4
47977_1,train,posture_fault,"[[4.14, 5.78]]",[],yes,0.863,yes,OBSERVED,3.067,no,oblique,/Users/tarpanmishra/Desktop/Squat More/Labeled_Dataset/processed_videos/frames/47977_1,/Users/tarpanmishra/Desktop/Squat More/Labeled_Dataset/videos/47977_1.mp4
48054_13,train,posture_fault,"[[0.93, 2.41]]","[[1.68, 2.62]]",yes,0.349,no,OBSERVED,1.333,yes,side,/Users/tarpanmishra/Desktop/Squat More/Labeled_Dataset/processed_videos/frames/48054_13,/Users/tarpanmishra/Desktop/Squat More/Labeled_Dataset/videos/48054_13.mp4
48141_1,train,posture_fault,"[[3.32, 5.4]]",[],yes,0.871,yes,NOT_OBSERVED,2.167,no,oblique,/Users/tarpanmishra/Desktop/Squat More/Labeled_Dataset/processed_videos/frames/48141_1,/Users/tarpanmishra/Desktop/Squat More/Labeled_Dataset/videos/48141_1.mp4
48144_3,train,good_form,[],[],no,0.302,no,OBSERVED,1.167,,oblique,/Users/tarpanmishra/Desktop/Squat More/Labeled_Dataset/processed_videos/frames/48144_3,/Users/tarpanmishra/Desktop/Squat More/Labeled_Dataset/videos/48144_3.mp4
48148_1,train,posture_fault,"[[0.47, 2.09]]","[[1.36, 2.36]]",yes,0.718,yes,NOT_OBSERVED,0.867,yes,oblique,/Users/tarpanmishra/Desktop/Squat More/Labeled_Dataset/processed_videos/frames/48148_1,/Users/tarpanmishra/Desktop/Squat More/Labeled_Dataset/videos/48148_1.mp4
48154_2,train,posture_fault,"[[0.91, 3.42]]",[],yes,0.841,yes,OBSERVED,1.2,yes,oblique,/Users/tarpanmishra/Desktop/Squat More/Labeled_Dataset/processed_videos/frames/48154_2,/Users/tarpanmishra/Desktop/Squat More/Labeled_Dataset/videos/48154_2.mp4
48175_2,train,posture_fault,"[[0.71, 2.29]]","[[1.43, 2.68]]",yes,0.794,yes,OBSERVED,1.133,yes,oblique,/Users/tarpanmishra/Desktop/Squat More/Labeled_Dataset/processed_videos/frames/48175_2,/Users/tarpanmishra/Desktop/Squat More/Labeled_Dataset/videos/48175_2.mp4
48176_1,train,posture_fault,"[[2.16, 5.61]]",[],yes,0.924,yes,OBSERVED,2.933,yes,oblique,/Users/tarpanmishra/Desktop/Squat More/Labeled_Dataset/processed_videos/frames/48176_1,/Users/tarpanmishra/Desktop/Squat More/Labeled_Dataset/videos/48176_1.mp4
48183_1,train,good_form,[],[],no,0.301,no,UNCERTAIN,1.6,,oblique,/Users/tarpanmishra/Desktop/Squat More/Labeled_Dataset/processed_videos/frames/48183_1,/Users/tarpanmishra/Desktop/Squat More/Labeled_Dataset/videos/48183_1.mp4
48208_3,train,posture_fault,"[[2.67, 4.12]]",[],yes,0.712,yes,OBSERVED,1.767,no,oblique,/Users/tarpanmishra/Desktop/Squat More/Labeled_Dataset/processed_videos/frames/48208_3,/Users/tarpanmishra/Desktop/Squat More/Labeled_Dataset/videos/48208_3.mp4
48233_1,train,good_form,[],[],no,0.016,no,OBSERVED,0.933,,oblique,/Users/tarpanmishra/Desktop/Squat More/Labeled_Dataset/processed_videos/frames/48233_1,/Users/tarpanmishra/Desktop/Squat More/Labeled_Dataset/videos/48233_1.mp4
48248_1,train,posture_fault,"[[1.81, 2.83]]",[],yes,0.051,no,UNCERTAIN,,,oblique,/Users/tarpanmishra/Desktop/Squat More/Labeled_Dataset/processed_videos/frames/48248_1,/Users/tarpanmishra/Desktop/Squat More/Labeled_Dataset/videos/48248_1.mp4
48250_2,train,good_form,[],[],no,0.623,yes,UNCERTAIN,,,oblique,/Users/tarpanmishra/Desktop/Squat More/Labeled_Dataset/processed_videos/frames/48250_2,/Users/tarpanmishra/Desktop/Squat More/Labeled_Dataset/videos/48250_2.mp4
48253_2,train,good_form,[],[],no,0.058,no,UNCERTAIN,1.8,,front,/Users/tarpanmishra/Desktop/Squat More/Labeled_Dataset/processed_videos/frames/48253_2,/Users/tarpanmishra/Desktop/Squat More/Labeled_Dataset/videos/48253_2.mp4
48260_1,train,posture_fault,"[[1.03, 2.13]]",[],yes,0.473,no,NOT_OBSERVED,1.6,yes,oblique,/Users/tarpanmishra/Desktop/Squat More/Labeled_Dataset/processed_videos/frames/48260_1,/Users/tarpanmishra/Desktop/Squat More/Labeled_Dataset/videos/48260_1.mp4
48261_1,train,good_form,[],[],no,0.002,no,UNCERTAIN,1.433,,side,/Users/tarpanmishra/Desktop/Squat More/Labeled_Dataset/processed_videos/frames/48261_1,/Users/tarpanmishra/Desktop/Squat More/Labeled_Dataset/videos/48261_1.mp4
48263_10,train,posture_fault,"[[2.4, 3.68]]",[],yes,0.692,yes,OBSERVED,2.967,yes,oblique,/Users/tarpanmishra/Desktop/Squat More/Labeled_Dataset/processed_videos/frames/48263_10,/Users/tarpanmishra/Desktop/Squat More/Labeled_Dataset/videos/48263_10.mp4
48293_2,train,posture_fault,"[[2.38, 4.08]]",[],yes,0.785,yes,OBSERVED,1.6,no,oblique,/Users/tarpanmishra/Desktop/Squat More/Labeled_Dataset/processed_videos/frames/48293_2,/Users/tarpanmishra/Desktop/Squat More/Labeled_Dataset/videos/48293_2.mp4
48297_3,train,good_form,[],[],no,0.293,no,UNCERTAIN,,,unknown,/Users/tarpanmishra/Desktop/Squat More/Labeled_Dataset/processed_videos/frames/48297_3,/Users/tarpanmishra/Desktop/Squat More/Labeled_Dataset/videos/48297_3.mp4
48301_1,train,good_form,[],[],no,0.372,no,UNCERTAIN,,,unknown,/Users/tarpanmishra/Desktop/Squat More/Labeled_Dataset/processed_videos/frames/48301_1,/Users/tarpanmishra/Desktop/Squat More/Labeled_Dataset/videos/48301_1.mp4
48302_2,train,posture_fault,"[[2.63, 3.51]]",[],yes,0.346,no,UNCERTAIN,,,oblique,/Users/tarpanmishra/Desktop/Squat More/Labeled_Dataset/processed_videos/frames/48302_2,/Users/tarpanmishra/Desktop/Squat More/Labeled_Dataset/videos/48302_2.mp4
48311_1,train,good_form,[],[],no,0.588,yes,UNCERTAIN,2.767,,side,/Users/tarpanmishra/Desktop/Squat More/Labeled_Dataset/processed_videos/frames/48311_1,/Users/tarpanmishra/Desktop/Squat More/Labeled_Dataset/videos/48311_1.mp4
48312_2,train,posture_fault,"[[1.06, 1.95], [3.2, 4.15]]",[],yes,0.920,yes,OBSERVED,1.3,yes,oblique,/Users/tarpanmishra/Desktop/Squat More/Labeled_Dataset/processed_videos/frames/48312_2,/Users/tarpanmishra/Desktop/Squat More/Labeled_Dataset/videos/48312_2.mp4
48343_4,train,good_form,[],[],no,0.764,yes,UNCERTAIN,,,oblique,/Users/tarpanmishra/Desktop/Squat More/Labeled_Dataset/processed_videos/frames/48343_4,/Users/tarpanmishra/Desktop/Squat More/Labeled_Dataset/videos/48343_4.mp4
48347_1,train,posture_fault,"[[3.97, 4.87]]",[],yes,0.734,yes,OBSERVED,3.4,no,oblique,/Users/tarpanmishra/Desktop/Squat More/Labeled_Dataset/processed_videos/frames/48347_1,/Users/tarpanmishra/Desktop/Squat More/Labeled_Dataset/videos/48347_1.mp4
48360_2,train,good_form,[],[],no,0.112,no,UNCERTAIN,,,unknown,/Users/tarpanmishra/Desktop/Squat More/Labeled_Dataset/processed_videos/frames/48360_2,/Users/tarpanmishra/Desktop/Squat More/Labeled_Dataset/videos/48360_2.mp4
48367_1,train,good_form,[],[],no,0.738,yes,OBSERVED,8.667,,oblique,/Users/tarpanmishra/Desktop/Squat More/Labeled_Dataset/processed_videos/frames/48367_1,/Users/tarpanmishra/Desktop/Squat More/Labeled_Dataset/videos/48367_1.mp4
48372_1,train,good_form,[],[],no,0.216,no,UNCERTAIN,,,oblique,/Users/tarpanmishra/Desktop/Squat More/Labeled_Dataset/processed_videos/frames/48372_1,/Users/tarpanmishra/Desktop/Squat More/Labeled_Dataset/videos/48372_1.mp4
48379_1,train,posture_fault,"[[1.15, 2.36]]","[[1.63, 2.68]]",yes,0.757,yes,UNCERTAIN,1.233,yes,oblique,/Users/tarpanmishra/Desktop/Squat More/Labeled_Dataset/processed_videos/frames/48379_1,/Users/tarpanmishra/Desktop/Squat More/Labeled_Dataset/videos/48379_1.mp4
48410_4,train,good_form,[],[],no,0.605,yes,NOT_OBSERVED,2.3,,side,/Users/tarpanmishra/Desktop/Squat More/Labeled_Dataset/processed_videos/frames/48410_4,/Users/tarpanmishra/Desktop/Squat More/Labeled_Dataset/videos/48410_4.mp4
48414_1,train,posture_fault,"[[1.39, 3.02]]",[],yes,0.564,yes,NOT_OBSERVED,1.467,yes,oblique,/Users/tarpanmishra/Desktop/Squat More/Labeled_Dataset/processed_videos/frames/48414_1,/Users/tarpanmishra/Desktop/Squat More/Labeled_Dataset/videos/48414_1.mp4
48433_1,train,posture_fault,"[[1.94, 2.89]]",[],yes,0.805,yes,NOT_OBSERVED,1.367,no,oblique,/Users/tarpanmishra/Desktop/Squat More/Labeled_Dataset/processed_videos/frames/48433_1,/Users/tarpanmishra/Desktop/Squat More/Labeled_Dataset/videos/48433_1.mp4
48459_1,train,posture_fault,"[[2.58, 4.38]]",[],yes,0.660,yes,OBSERVED,1.7,no,oblique,/Users/tarpanmishra/Desktop/Squat More/Labeled_Dataset/processed_videos/frames/48459_1,/Users/tarpanmishra/Desktop/Squat More/Labeled_Dataset/videos/48459_1.mp4
48469_2,train,good_form,[],[],no,0.769,yes,OBSERVED,1.3,,oblique,/Users/tarpanmishra/Desktop/Squat More/Labeled_Dataset/processed_videos/frames/48469_2,/Users/tarpanmishra/Desktop/Squat More/Labeled_Dataset/videos/48469_2.mp4
48483_2,train,posture_fault,"[[3.39, 11.62]]",[],yes,0.828,yes,OBSERVED,9.333,yes,oblique,/Users/tarpanmishra/Desktop/Squat More/Labeled_Dataset/processed_videos/frames/48483_2,/Users/tarpanmishra/Desktop/Squat More/Labeled_Dataset/videos/48483_2.mp4
48484_7,train,posture_fault,"[[2.18, 2.84]]",[],yes,0.544,yes,UNCERTAIN,1.267,no,side,/Users/tarpanmishra/Desktop/Squat More/Labeled_Dataset/processed_videos/frames/48484_7,/Users/tarpanmishra/Desktop/Squat More/Labeled_Dataset/videos/48484_7.mp4
48493_2,train,good_form,[],[],no,0.163,no,UNCERTAIN,,,unknown,/Users/tarpanmishra/Desktop/Squat More/Labeled_Dataset/processed_videos/frames/48493_2,/Users/tarpanmishra/Desktop/Squat More/Labeled_Dataset/videos/48493_2.mp4
48503_2,train,posture_fault,"[[5.97, 7.36]]","[[5.55, 7.43]]",yes,0.756,yes,NOT_OBSERVED,5.267,no,side,/Users/tarpanmishra/Desktop/Squat More/Labeled_Dataset/processed_videos/frames/48503_2,/Users/tarpanmishra/Desktop/Squat More/Labeled_Dataset/videos/48503_2.mp4
48514_2,train,good_form,[],[],no,0.540,yes,OBSERVED,2.4,,side,/Users/tarpanmishra/Desktop/Squat More/Labeled_Dataset/processed_videos/frames/48514_2,/Users/tarpanmishra/Desktop/Squat More/Labeled_Dataset/videos/48514_2.mp4
48517_1,train,posture_fault,"[[2.66, 3.46]]",[],yes,0.769,yes,NOT_OBSERVED,1.5,no,oblique,/Users/tarpanmishra/Desktop/Squat More/Labeled_Dataset/processed_videos/frames/48517_1,/Users/tarpanmishra/Desktop/Squat More/Labeled_Dataset/videos/48517_1.mp4
48524_7,train,good_form,[],[],no,0.701,yes,UNCERTAIN,,,front,/Users/tarpanmishra/Desktop/Squat More/Labeled_Dataset/processed_videos/frames/48524_7,/Users/tarpanmishra/Desktop/Squat More/Labeled_Dataset/videos/48524_7.mp4
48547_6,train,good_form,[],[],no,0.353,no,UNCERTAIN,0.967,,front,/Users/tarpanmishra/Desktop/Squat More/Labeled_Dataset/processed_videos/frames/48547_6,/Users/tarpanmishra/Desktop/Squat More/Labeled_Dataset/videos/48547_6.mp4
48548_2,train,good_form,[],[],no,0.253,no,UNCERTAIN,1.033,,front,/Users/tarpanmishra/Desktop/Squat More/Labeled_Dataset/processed_videos/frames/48548_2,/Users/tarpanmishra/Desktop/Squat More/Labeled_Dataset/videos/48548_2.mp4
48573_1,train,posture_fault,"[[5.67, 7.83]]",[],yes,0.717,yes,OBSERVED,6.967,yes,oblique,/Users/tarpanmishra/Desktop/Squat More/Labeled_Dataset/processed_videos/frames/48573_1,/Users/tarpanmishra/Desktop/Squat More/Labeled_Dataset/videos/48573_1.mp4
48593_4,train,good_form,[],[],no,0.375,no,UNCERTAIN,1.3,,oblique,/Users/tarpanmishra/Desktop/Squat More/Labeled_Dataset/processed_videos/frames/48593_4,/Users/tarpanmishra/Desktop/Squat More/Labeled_Dataset/videos/48593_4.mp4
48601_3,train,posture_fault,"[[3.19, 5.25]]",[],yes,0.767,yes,UNCERTAIN,1.833,no,oblique,/Users/tarpanmishra/Desktop/Squat More/Labeled_Dataset/processed_videos/frames/48601_3,/Users/tarpanmishra/Desktop/Squat More/Labeled_Dataset/videos/48601_3.mp4
48624_1,train,posture_fault,"[[3.28, 4.36]]",[],yes,0.606,yes,NOT_OBSERVED,3.2,yes,oblique,/Users/tarpanmishra/Desktop/Squat More/Labeled_Dataset/processed_videos/frames/48624_1,/Users/tarpanmishra/Desktop/Squat More/Labeled_Dataset/videos/48624_1.mp4
48635_1,train,good_form,[],[],no,0.101,no,OBSERVED,1.2,,oblique,/Users/tarpanmishra/Desktop/Squat More/Labeled_Dataset/processed_videos/frames/48635_1,/Users/tarpanmishra/Desktop/Squat More/Labeled_Dataset/videos/48635_1.mp4
48639_2,train,posture_fault,"[[4.53, 5.47]]",[],yes,0.851,yes,OBSERVED,3.567,no,oblique,/Users/tarpanmishra/Desktop/Squat More/Labeled_Dataset/processed_videos/frames/48639_2,/Users/tarpanmishra/Desktop/Squat More/Labeled_Dataset/videos/48639_2.mp4
48646_1,train,posture_fault,"[[5.44, 6.12]]",[],yes,0.701,yes,UNCERTAIN,4.267,no,front,/Users/tarpanmishra/Desktop/Squat More/Labeled_Dataset/processed_videos/frames/48646_1,/Users/tarpanmishra/Desktop/Squat More/Labeled_Dataset/videos/48646_1.mp4
48654_1,train,posture_fault,"[[1.2, 2.89]]",[],yes,0.474,no,OBSERVED,2.2,yes,oblique,/Users/tarpanmishra/Desktop/Squat More/Labeled_Dataset/processed_videos/frames/48654_1,/Users/tarpanmishra/Desktop/Squat More/Labeled_Dataset/videos/48654_1.mp4
48658_1,train,good_form,[],[],no,0.477,no,OBSERVED,1.433,,side,/Users/tarpanmishra/Desktop/Squat More/Labeled_Dataset/processed_videos/frames/48658_1,/Users/tarpanmishra/Desktop/Squat More/Labeled_Dataset/videos/48658_1.mp4
48659_2,train,good_form,[],[],no,0.003,no,NOT_OBSERVED,1.367,,oblique,/Users/tarpanmishra/Desktop/Squat More/Labeled_Dataset/processed_videos/frames/48659_2,/Users/tarpanmishra/Desktop/Squat More/Labeled_Dataset/videos/48659_2.mp4
48676_4,train,good_form,[],[],no,0.142,no,UNCERTAIN,,,oblique,/Users/tarpanmishra/Desktop/Squat More/Labeled_Dataset/processed_videos/frames/48676_4,/Users/tarpanmishra/Desktop/Squat More/Labeled_Dataset/videos/48676_4.mp4
48681_7,train,good_form,[],[],no,0.211,no,UNCERTAIN,,,unknown,/Users/tarpanmishra/Desktop/Squat More/Labeled_Dataset/processed_videos/frames/48681_7,/Users/tarpanmishra/Desktop/Squat More/Labeled_Dataset/videos/48681_7.mp4
48683_1,train,posture_fault,"[[2.17, 3.21]]",[],yes,0.901,yes,OBSERVED,1.267,no,oblique,/Users/tarpanmishra/Desktop/Squat More/Labeled_Dataset/processed_videos/frames/48683_1,/Users/tarpanmishra/Desktop/Squat More/Labeled_Dataset/videos/48683_1.mp4
48687_3,train,posture_fault,"[[1.49, 3.53]]",[],yes,0.635,yes,NOT_OBSERVED,2.1,yes,oblique,/Users/tarpanmishra/Desktop/Squat More/Labeled_Dataset/processed_videos/frames/48687_3,/Users/tarpanmishra/Desktop/Squat More/Labeled_Dataset/videos/48687_3.mp4
48713_1,train,good_form,[],[],no,0.126,no,UNCERTAIN,2.167,,side,/Users/tarpanmishra/Desktop/Squat More/Labeled_Dataset/processed_videos/frames/48713_1,/Users/tarpanmishra/Desktop/Squat More/Labeled_Dataset/videos/48713_1.mp4
48718_4,train,posture_fault,"[[3.63, 4.96]]",[],yes,0.749,yes,NOT_OBSERVED,2.2,no,side,/Users/tarpanmishra/Desktop/Squat More/Labeled_Dataset/processed_videos/frames/48718_4,/Users/tarpanmishra/Desktop/Squat More/Labeled_Dataset/videos/48718_4.mp4
48728_4,train,good_form,[],[],no,0.801,yes,UNCERTAIN,,,oblique,/Users/tarpanmishra/Desktop/Squat More/Labeled_Dataset/processed_videos/frames/48728_4,/Users/tarpanmishra/Desktop/Squat More/Labeled_Dataset/videos/48728_4.mp4
48744_1,train,good_form,[],[],no,0.391,no,NOT_OBSERVED,1.533,,oblique,/Users/tarpanmishra/Desktop/Squat More/Labeled_Dataset/processed_videos/frames/48744_1,/Users/tarpanmishra/Desktop/Squat More/Labeled_Dataset/videos/48744_1.mp4
48762_1,train,posture_fault,"[[2.52, 3.94]]",[],yes,0.880,yes,OBSERVED,1.633,no,oblique,/Users/tarpanmishra/Desktop/Squat More/Labeled_Dataset/processed_videos/frames/48762_1,/Users/tarpanmishra/Desktop/Squat More/Labeled_Dataset/videos/48762_1.mp4
48763_3,train,posture_fault,"[[0.92, 1.77]]","[[1.36, 2.09]]",yes,0.506,no,NOT_OBSERVED,1.267,yes,oblique,/Users/tarpanmishra/Desktop/Squat More/Labeled_Dataset/processed_videos/frames/48763_3,/Users/tarpanmishra/Desktop/Squat More/Labeled_Dataset/videos/48763_3.mp4
48769_2,train,posture_fault,"[[2.12, 2.9]]",[],yes,0.459,no,NOT_OBSERVED,1.2,no,oblique,/Users/tarpanmishra/Desktop/Squat More/Labeled_Dataset/processed_videos/frames/48769_2,/Users/tarpanmishra/Desktop/Squat More/Labeled_Dataset/videos/48769_2.mp4
48783_3,train,good_form,[],[],no,0.518,no,UNCERTAIN,1.267,,oblique,/Users/tarpanmishra/Desktop/Squat More/Labeled_Dataset/processed_videos/frames/48783_3,/Users/tarpanmishra/Desktop/Squat More/Labeled_Dataset/videos/48783_3.mp4
48786_3,train,posture_fault,"[[1.47, 3.56]]","[[2.25, 3.26]]",yes,0.054,no,UNCERTAIN,1.633,yes,oblique,/Users/tarpanmishra/Desktop/Squat More/Labeled_Dataset/processed_videos/frames/48786_3,/Users/tarpanmishra/Desktop/Squat More/Labeled_Dataset/videos/48786_3.mp4
48802_1,train,posture_fault,"[[2.32, 3.29]]",[],yes,0.776,yes,OBSERVED,1.5,no,oblique,/Users/tarpanmishra/Desktop/Squat More/Labeled_Dataset/processed_videos/frames/48802_1,/Users/tarpanmishra/Desktop/Squat More/Labeled_Dataset/videos/48802_1.mp4
48817_5,train,good_form,[],[],no,0.724,yes,OBSERVED,0.9,,oblique,/Users/tarpanmishra/Desktop/Squat More/Labeled_Dataset/processed_videos/frames/48817_5,/Users/tarpanmishra/Desktop/Squat More/Labeled_Dataset/videos/48817_5.mp4
48826_1,train,posture_fault,"[[1.78, 3.56]]","[[3.07, 4.85]]",yes,0.778,yes,NOT_OBSERVED,2.733,yes,side,/Users/tarpanmishra/Desktop/Squat More/Labeled_Dataset/processed_videos/frames/48826_1,/Users/tarpanmishra/Desktop/Squat More/Labeled_Dataset/videos/48826_1.mp4
48840_5,train,good_form,[],[],no,0.289,no,OBSERVED,1.3,,oblique,/Users/tarpanmishra/Desktop/Squat More/Labeled_Dataset/processed_videos/frames/48840_5,/Users/tarpanmishra/Desktop/Squat More/Labeled_Dataset/videos/48840_5.mp4
48842_6,train,posture_fault,"[[3.78, 4.55]]",[],yes,0.477,no,OBSERVED,2.633,no,oblique,/Users/tarpanmishra/Desktop/Squat More/Labeled_Dataset/processed_videos/frames/48842_6,/Users/tarpanmishra/Desktop/Squat More/Labeled_Dataset/videos/48842_6.mp4
48844_1,train,posture_fault,"[[4.91, 6.59]]",[],yes,0.898,yes,OBSERVED,3.533,no,oblique,/Users/tarpanmishra/Desktop/Squat More/Labeled_Dataset/processed_videos/frames/48844_1,/Users/tarpanmishra/Desktop/Squat More/Labeled_Dataset/videos/48844_1.mp4
48851_1,train,posture_fault,"[[1.28, 3.63]]",[],yes,0.863,yes,NOT_OBSERVED,1.733,yes,side,/Users/tarpanmishra/Desktop/Squat More/Labeled_Dataset/processed_videos/frames/48851_1,/Users/tarpanmishra/Desktop/Squat More/Labeled_Dataset/videos/48851_1.mp4
48852_1,train,good_form,[],[],no,0.779,yes,OBSERVED,0.9,,oblique,/Users/tarpanmishra/Desktop/Squat More/Labeled_Dataset/processed_videos/frames/48852_1,/Users/tarpanmishra/Desktop/Squat More/Labeled_Dataset/videos/48852_1.mp4
48859_3,train,posture_fault,"[[10.08, 11.23]]",[],yes,0.474,no,OBSERVED,9.433,no,side,/Users/tarpanmishra/Desktop/Squat More/Labeled_Dataset/processed_videos/frames/48859_3,/Users/tarpanmishra/Desktop/Squat More/Labeled_Dataset/videos/48859_3.mp4
48867_2,train,good_form,[],[],no,0.057,no,OBSERVED,1.867,,side,/Users/tarpanmishra/Desktop/Squat More/Labeled_Dataset/processed_videos/frames/48867_2,/Users/tarpanmishra/Desktop/Squat More/Labeled_Dataset/videos/48867_2.mp4
48890_1,train,posture_fault,"[[2.21, 3.73]]",[],yes,0.827,yes,UNCERTAIN,1.1,no,oblique,/Users/tarpanmishra/Desktop/Squat More/Labeled_Dataset/processed_videos/frames/48890_1,/Users/tarpanmishra/Desktop/Squat More/Labeled_Dataset/videos/48890_1.mp4
48952_2,train,good_form,[],[],no,0.208,no,NOT_OBSERVED,1.367,,oblique,/Users/tarpanmishra/Desktop/Squat More/Labeled_Dataset/processed_videos/frames/48952_2,/Users/tarpanmishra/Desktop/Squat More/Labeled_Dataset/videos/48952_2.mp4
48986_4,train,posture_fault,"[[2.09, 3.01]]",[],yes,0.276,no,NOT_OBSERVED,1.7,no,oblique,/Users/tarpanmishra/Desktop/Squat More/Labeled_Dataset/processed_videos/frames/48986_4,/Users/tarpanmishra/Desktop/Squat More/Labeled_Dataset/videos/48986_4.mp4
48992_1,train,good_form,[],[],no,0.527,yes,UNCERTAIN,1.2,,side,/Users/tarpanmishra/Desktop/Squat More/Labeled_Dataset/processed_videos/frames/48992_1,/Users/tarpanmishra/Desktop/Squat More/Labeled_Dataset/videos/48992_1.mp4
48993_1,train,posture_fault,"[[1.49, 2.86]]",[],yes,0.417,no,OBSERVED,1.8,yes,oblique,/Users/tarpanmishra/Desktop/Squat More/Labeled_Dataset/processed_videos/frames/48993_1,/Users/tarpanmishra/Desktop/Squat More/Labeled_Dataset/videos/48993_1.mp4
49001_5,train,good_form,[],[],no,0.505,no,OBSERVED,0.967,,oblique,/Users/tarpanmishra/Desktop/Squat More/Labeled_Dataset/processed_videos/frames/49001_5,/Users/tarpanmishra/Desktop/Squat More/Labeled_Dataset/videos/49001_5.mp4
49006_2,train,posture_fault,"[[2.18, 2.96]]",[],yes,0.728,yes,OBSERVED,1.133,no,oblique,/Users/tarpanmishra/Desktop/Squat More/Labeled_Dataset/processed_videos/frames/49006_2,/Users/tarpanmishra/Desktop/Squat More/Labeled_Dataset/videos/49006_2.mp4
49045_2,train,posture_fault,"[[1.74, 3.84]]","[[1.22, 2.76]]",yes,0.879,yes,OBSERVED,0.967,no,oblique,/Users/tarpanmishra/Desktop/Squat More/Labeled_Dataset/processed_videos/frames/49045_2,/Users/tarpanmishra/Desktop/Squat More/Labeled_Dataset/videos/49045_2.mp4
49067_9,train,good_form,[],[],no,0.184,no,UNCERTAIN,0.767,,front,/Users/tarpanmishra/Desktop/Squat More/Labeled_Dataset/processed_videos/frames/49067_9,/Users/tarpanmishra/Desktop/Squat More/Labeled_Dataset/videos/49067_9.mp4
49070_2,train,posture_fault,"[[1.62, 3.8]]",[],yes,0.771,yes,OBSERVED,1.667,yes,oblique,/Users/tarpanmishra/Desktop/Squat More/Labeled_Dataset/processed_videos/frames/49070_2,/Users/tarpanmishra/Desktop/Squat More/Labeled_Dataset/videos/49070_2.mp4
49073_1,train,posture_fault,"[[1.66, 3.03]]",[],yes,0.760,yes,OBSERVED,1.733,yes,side,/Users/tarpanmishra/Desktop/Squat More/Labeled_Dataset/processed_videos/frames/49073_1,/Users/tarpanmishra/Desktop/Squat More/Labeled_Dataset/videos/49073_1.mp4
49091_1,train,posture_fault,"[[1.57, 2.56]]",[],yes,0.331,no,UNCERTAIN,1.533,yes,oblique,/Users/tarpanmishra/Desktop/Squat More/Labeled_Dataset/processed_videos/frames/49091_1,/Users/tarpanmishra/Desktop/Squat More/Labeled_Dataset/videos/49091_1.mp4
49123_5,train,posture_fault,"[[2.05, 3.22]]",[],yes,0.795,yes,OBSERVED,1.133,no,oblique,/Users/tarpanmishra/Desktop/Squat More/Labeled_Dataset/processed_videos/frames/49123_5,/Users/tarpanmishra/Desktop/Squat More/Labeled_Dataset/videos/49123_5.mp4
49126_3,train,good_form,[],[],no,0.448,no,OBSERVED,1.233,,oblique,/Users/tarpanmishra/Desktop/Squat More/Labeled_Dataset/processed_videos/frames/49126_3,/Users/tarpanmishra/Desktop/Squat More/Labeled_Dataset/videos/49126_3.mp4
49132_1,train,posture_fault,"[[1.06, 2.54]]",[],yes,0.495,no,OBSERVED,1.833,yes,oblique,/Users/tarpanmishra/Desktop/Squat More/Labeled_Dataset/processed_videos/frames/49132_1,/Users/tarpanmishra/Desktop/Squat More/Labeled_Dataset/videos/49132_1.mp4
49133_2,train,posture_fault,"[[2.87, 4.18]]",[],yes,0.885,yes,OBSERVED,1.8,no,oblique,/Users/tarpanmishra/Desktop/Squat More/Labeled_Dataset/processed_videos/frames/49133_2,/Users/tarpanmishra/Desktop/Squat More/Labeled_Dataset/videos/49133_2.mp4
49143_1,train,good_form,[],[],no,0.557,yes,OBSERVED,3.0,,oblique,/Users/tarpanmishra/Desktop/Squat More/Labeled_Dataset/processed_videos/frames/49143_1,/Users/tarpanmishra/Desktop/Squat More/Labeled_Dataset/videos/49143_1.mp4
49147_3,train,posture_fault,"[[1.1, 3.71]]",[],yes,0.320,no,OBSERVED,2.667,yes,oblique,/Users/tarpanmishra/Desktop/Squat More/Labeled_Dataset/processed_videos/frames/49147_3,/Users/tarpanmishra/Desktop/Squat More/Labeled_Dataset/videos/49147_3.mp4
49155_2,train,posture_fault,"[[2.29, 3.21]]",[],yes,0.211,no,UNCERTAIN,1.033,no,oblique,/Users/tarpanmishra/Desktop/Squat More/Labeled_Dataset/processed_videos/frames/49155_2,/Users/tarpanmishra/Desktop/Squat More/Labeled_Dataset/videos/49155_2.mp4
49161_1,train,posture_fault,"[[0.65, 3.11]]",[],yes,0.306,no,OBSERVED,1.9,yes,side,/Users/tarpanmishra/Desktop/Squat More/Labeled_Dataset/processed_videos/frames/49161_1,/Users/tarpanmishra/Desktop/Squat More/Labeled_Dataset/videos/49161_1.mp4
49175_1,train,posture_fault,"[[2.83, 5.33]]",[],yes,0.606,yes,OBSERVED,3.167,yes,side,/Users/tarpanmishra/Desktop/Squat More/Labeled_Dataset/processed_videos/frames/49175_1,/Users/tarpanmishra/Desktop/Squat More/Labeled_Dataset/videos/49175_1.mp4
49176_5,train,good_form,[],[],no,0.214,no,UNCERTAIN,0.867,,front,/Users/tarpanmishra/Desktop/Squat More/Labeled_Dataset/processed_videos/frames/49176_5,/Users/tarpanmishra/Desktop/Squat More/Labeled_Dataset/videos/49176_5.mp4
49178_11,train,good_form,[],[],no,0.288,no,UNCERTAIN,,,oblique,/Users/tarpanmishra/Desktop/Squat More/Labeled_Dataset/processed_videos/frames/49178_11,/Users/tarpanmishra/Desktop/Squat More/Labeled_Dataset/videos/49178_11.mp4
49182_4,train,posture_fault,"[[1.2, 3.45]]","[[1.93, 3.43]]",yes,0.798,yes,OBSERVED,1.567,yes,oblique,/Users/tarpanmishra/Desktop/Squat More/Labeled_Dataset/processed_videos/frames/49182_4,/Users/tarpanmishra/Desktop/Squat More/Labeled_Dataset/videos/49182_4.mp4
49195_1,train,good_form,[],[],no,0.502,no,UNCERTAIN,1.267,,oblique,/Users/tarpanmishra/Desktop/Squat More/Labeled_Dataset/processed_videos/frames/49195_1,/Users/tarpanmishra/Desktop/Squat More/Labeled_Dataset/videos/49195_1.mp4
49203_1,train,posture_fault,"[[3.53, 4.56]]","[[3.03, 4.23]]",yes,0.777,yes,OBSERVED,2.3,no,oblique,/Users/tarpanmishra/Desktop/Squat More/Labeled_Dataset/processed_videos/frames/49203_1,/Users/tarpanmishra/Desktop/Squat More/Labeled_Dataset/videos/49203_1.mp4
49205_1,train,posture_fault,"[[1.56, 3.08]]",[],yes,0.484,no,OBSERVED,2.267,yes,oblique,/Users/tarpanmishra/Desktop/Squat More/Labeled_Dataset/processed_videos/frames/49205_1,/Users/tarpanmishra/Desktop/Squat More/Labeled_Dataset/videos/49205_1.mp4
49211_6,train,good_form,[],[],no,0.329,no,UNCERTAIN,1.633,,side,/Users/tarpanmishra/Desktop/Squat More/Labeled_Dataset/processed_videos/frames/49211_6,/Users/tarpanmishra/Desktop/Squat More/Labeled_Dataset/videos/49211_6.mp4
49224_5,train,posture_fault,"[[2.37, 3.18]]","[[1.78, 2.66]]",yes,0.825,yes,OBSERVED,1.2,no,oblique,/Users/tarpanmishra/Desktop/Squat More/Labeled_Dataset/processed_videos/frames/49224_5,/Users/tarpanmishra/Desktop/Squat More/Labeled_Dataset/videos/49224_5.mp4
49229_2,train,good_form,[],[],no,0.666,yes,NOT_OBSERVED,2.067,,oblique,/Users/tarpanmishra/Desktop/Squat More/Labeled_Dataset/processed_videos/frames/49229_2,/Users/tarpanmishra/Desktop/Squat More/Labeled_Dataset/videos/49229_2.mp4
49236_1,train,posture_fault,"[[1.11, 3.76]]",[],yes,0.215,no,NOT_OBSERVED,3.267,yes,side,/Users/tarpanmishra/Desktop/Squat More/Labeled_Dataset/processed_videos/frames/49236_1,/Users/tarpanmishra/Desktop/Squat More/Labeled_Dataset/videos/49236_1.mp4
49240_14,train,good_form,[],[],no,0.432,no,NOT_OBSERVED,0.733,,oblique,/Users/tarpanmishra/Desktop/Squat More/Labeled_Dataset/processed_videos/frames/49240_14,/Users/tarpanmishra/Desktop/Squat More/Labeled_Dataset/videos/49240_14.mp4
49250_4,train,posture_fault,"[[3.1, 4.44], [5.04, 6.17]]","[[3.72, 5.12]]",yes,0.882,yes,NOT_OBSERVED,3.5,yes,oblique,/Users/tarpanmishra/Desktop/Squat More/Labeled_Dataset/processed_videos/frames/49250_4,/Users/tarpanmishra/Desktop/Squat More/Labeled_Dataset/videos/49250_4.mp4
49268_1,train,posture_fault,"[[2.94, 4.06]]",[],yes,0.787,yes,NOT_OBSERVED,1.7,no,oblique,/Users/tarpanmishra/Desktop/Squat More/Labeled_Dataset/processed_videos/frames/49268_1,/Users/tarpanmishra/Desktop/Squat More/Labeled_Dataset/videos/49268_1.mp4
49269_2,train,posture_fault,"[[2.48, 3.57]]",[],yes,0.669,yes,NOT_OBSERVED,2.6,yes,oblique,/Users/tarpanmishra/Desktop/Squat More/Labeled_Dataset/processed_videos/frames/49269_2,/Users/tarpanmishra/Desktop/Squat More/Labeled_Dataset/videos/49269_2.mp4
49286_1,train,posture_fault,"[[0.79, 1.68], [1.88, 3.03]]",[],yes,0.347,no,UNCERTAIN,1.133,yes,side,/Users/tarpanmishra/Desktop/Squat More/Labeled_Dataset/processed_videos/frames/49286_1,/Users/tarpanmishra/Desktop/Squat More/Labeled_Dataset/videos/49286_1.mp4
49289_3,train,posture_fault,"[[1.84, 3.09], [3.62, 4.08]]","[[2.54, 3.91]]",yes,0.132,no,OBSERVED,2.267,yes,oblique,/Users/tarpanmishra/Desktop/Squat More/Labeled_Dataset/processed_videos/frames/49289_3,/Users/tarpanmishra/Desktop/Squat More/Labeled_Dataset/videos/49289_3.mp4
49294_3,train,posture_fault,"[[1.79, 2.69]]",[],yes,0.602,yes,UNCERTAIN,1.733,yes,oblique,/Users/tarpanmishra/Desktop/Squat More/Labeled_Dataset/processed_videos/frames/49294_3,/Users/tarpanmishra/Desktop/Squat More/Labeled_Dataset/videos/49294_3.mp4
49309_1,train,posture_fault,"[[2.74, 3.87]]",[],yes,0.885,yes,NOT_OBSERVED,1.1,no,oblique,/Users/tarpanmishra/Desktop/Squat More/Labeled_Dataset/processed_videos/frames/49309_1,/Users/tarpanmishra/Desktop/Squat More/Labeled_Dataset/videos/49309_1.mp4
49318_4,train,good_form,[],[],no,0.365,no,UNCERTAIN,,,oblique,/Users/tarpanmishra/Desktop/Squat More/Labeled_Dataset/processed_videos/frames/49318_4,/Users/tarpanmishra/Desktop/Squat More/Labeled_Dataset/videos/49318_4.mp4
49321_5,train,good_form,[],[],no,0.337,no,NOT_OBSERVED,1.0,,oblique,/Users/tarpanmishra/Desktop/Squat More/Labeled_Dataset/processed_videos/frames/49321_5,/Users/tarpanmishra/Desktop/Squat More/Labeled_Dataset/videos/49321_5.mp4
49325_1,train,posture_fault,"[[0.64, 1.97], [2.76, 3.42]]",[],yes,0.808,yes,OBSERVED,1.0,yes,oblique,/Users/tarpanmishra/Desktop/Squat More/Labeled_Dataset/processed_videos/frames/49325_1,/Users/tarpanmishra/Desktop/Squat More/Labeled_Dataset/videos/49325_1.mp4
49355_1,train,posture_fault,"[[1.28, 4.01]]",[],yes,0.812,yes,OBSERVED,1.5,yes,oblique,/Users/tarpanmishra/Desktop/Squat More/Labeled_Dataset/processed_videos/frames/49355_1,/Users/tarpanmishra/Desktop/Squat More/Labeled_Dataset/videos/49355_1.mp4
49359_3,train,posture_fault,"[[2.45, 3.17]]",[],yes,0.500,no,UNCERTAIN,,,unknown,/Users/tarpanmishra/Desktop/Squat More/Labeled_Dataset/processed_videos/frames/49359_3,/Users/tarpanmishra/Desktop/Squat More/Labeled_Dataset/videos/49359_3.mp4
49363_1,train,good_form,[],[],no,0.482,no,OBSERVED,1.4,,oblique,/Users/tarpanmishra/Desktop/Squat More/Labeled_Dataset/processed_videos/frames/49363_1,/Users/tarpanmishra/Desktop/Squat More/Labeled_Dataset/videos/49363_1.mp4
49377_2,train,good_form,[],[],no,0.371,no,NOT_OBSERVED,0.967,,oblique,/Users/tarpanmishra/Desktop/Squat More/Labeled_Dataset/processed_videos/frames/49377_2,/Users/tarpanmishra/Desktop/Squat More/Labeled_Dataset/videos/49377_2.mp4
49385_1,train,posture_fault,"[[1.91, 3.13]]",[],yes,0.765,yes,OBSERVED,1.167,no,oblique,/Users/tarpanmishra/Desktop/Squat More/Labeled_Dataset/processed_videos/frames/49385_1,/Users/tarpanmishra/Desktop/Squat More/Labeled_Dataset/videos/49385_1.mp4
49399_1,train,posture_fault,"[[0.61, 1.8]]","[[1.44, 2.24]]",yes,0.727,yes,UNCERTAIN,,,oblique,/Users/tarpanmishra/Desktop/Squat More/Labeled_Dataset/processed_videos/frames/49399_1,/Users/tarpanmishra/Desktop/Squat More/Labeled_Dataset/videos/49399_1.mp4
49406_2,train,posture_fault,"[[1.09, 3.15]]",[],yes,0.500,no,UNCERTAIN,,,unknown,/Users/tarpanmishra/Desktop/Squat More/Labeled_Dataset/processed_videos/frames/49406_2,/Users/tarpanmishra/Desktop/Squat More/Labeled_Dataset/videos/49406_2.mp4
49431_1,train,good_form,[],[],no,0.496,no,OBSERVED,1.1,,side,/Users/tarpanmishra/Desktop/Squat More/Labeled_Dataset/processed_videos/frames/49431_1,/Users/tarpanmishra/Desktop/Squat More/Labeled_Dataset/videos/49431_1.mp4
49435_4,train,posture_fault,"[[2.34, 3.19]]",[],yes,0.627,yes,NOT_OBSERVED,1.667,no,side,/Users/tarpanmishra/Desktop/Squat More/Labeled_Dataset/processed_videos/frames/49435_4,/Users/tarpanmishra/Desktop/Squat More/Labeled_Dataset/videos/49435_4.mp4
49474_1,train,posture_fault,"[[1.33, 3.25]]",[],yes,0.886,yes,NOT_OBSERVED,1.367,yes,oblique,/Users/tarpanmishra/Desktop/Squat More/Labeled_Dataset/processed_videos/frames/49474_1,/Users/tarpanmishra/Desktop/Squat More/Labeled_Dataset/videos/49474_1.mp4
49490_5,train,posture_fault,"[[0.79, 2.85]]",[],yes,0.754,yes,UNCERTAIN,1.1,yes,oblique,/Users/tarpanmishra/Desktop/Squat More/Labeled_Dataset/processed_videos/frames/49490_5,/Users/tarpanmishra/Desktop/Squat More/Labeled_Dataset/videos/49490_5.mp4
49536_6,train,good_form,[],[],no,0.566,yes,OBSERVED,1.967,,oblique,/Users/tarpanmishra/Desktop/Squat More/Labeled_Dataset/processed_videos/frames/49536_6,/Users/tarpanmishra/Desktop/Squat More/Labeled_Dataset/videos/49536_6.mp4
49543_1,train,posture_fault,"[[2.62, 3.65]]",[],yes,0.464,no,NOT_OBSERVED,2.067,no,side,/Users/tarpanmishra/Desktop/Squat More/Labeled_Dataset/processed_videos/frames/49543_1,/Users/tarpanmishra/Desktop/Squat More/Labeled_Dataset/videos/49543_1.mp4
49577_3,train,good_form,[],[],no,0.163,no,OBSERVED,1.033,,side,/Users/tarpanmishra/Desktop/Squat More/Labeled_Dataset/processed_videos/frames/49577_3,/Users/tarpanmishra/Desktop/Squat More/Labeled_Dataset/videos/49577_3.mp4
49705_2,train,posture_fault,"[[2.23, 4.0]]",[],yes,0.830,yes,OBSERVED,1.5,no,side,/Users/tarpanmishra/Desktop/Squat More/Labeled_Dataset/processed_videos/frames/49705_2,/Users/tarpanmishra/Desktop/Squat More/Labeled_Dataset/videos/49705_2.mp4
49708_1,train,posture_fault,"[[1.39, 2.37], [2.86, 4.34]]","[[1.93, 3.78]]",yes,0.828,yes,OBSERVED,1.433,yes,oblique,/Users/tarpanmishra/Desktop/Squat More/Labeled_Dataset/processed_videos/frames/49708_1,/Users/tarpanmishra/Desktop/Squat More/Labeled_Dataset/videos/49708_1.mp4
49712_1,train,good_form,[],[],no,0.266,no,UNCERTAIN,,,side,/Users/tarpanmishra/Desktop/Squat More/Labeled_Dataset/processed_videos/frames/49712_1,/Users/tarpanmishra/Desktop/Squat More/Labeled_Dataset/videos/49712_1.mp4
49716_1,train,good_form,[],[],no,0.248,no,UNCERTAIN,1.233,,front,/Users/tarpanmishra/Desktop/Squat More/Labeled_Dataset/processed_videos/frames/49716_1,/Users/tarpanmishra/Desktop/Squat More/Labeled_Dataset/videos/49716_1.mp4
49724_2,train,posture_fault,"[[0.98, 3.88]]",[],yes,0.716,yes,UNCERTAIN,1.667,yes,front,/Users/tarpanmishra/Desktop/Squat More/Labeled_Dataset/processed_videos/frames/49724_2,/Users/tarpanmishra/Desktop/Squat More/Labeled_Dataset/videos/49724_2.mp4
49736_1,train,posture_fault,"[[4.04, 5.71]]",[],yes,0.383,no,UNCERTAIN,,,side,/Users/tarpanmishra/Desktop/Squat More/Labeled_Dataset/processed_videos/frames/49736_1,/Users/tarpanmishra/Desktop/Squat More/Labeled_Dataset/videos/49736_1.mp4
49746_5,train,posture_fault,"[[2.06, 3.31]]","[[1.64, 3.01]]",yes,0.851,yes,OBSERVED,1.2,no,oblique,/Users/tarpanmishra/Desktop/Squat More/Labeled_Dataset/processed_videos/frames/49746_5,/Users/tarpanmishra/Desktop/Squat More/Labeled_Dataset/videos/49746_5.mp4
49769_1,train,posture_fault,"[[2.72, 3.89]]",[],yes,0.941,yes,NOT_OBSERVED,1.0,no,oblique,/Users/tarpanmishra/Desktop/Squat More/Labeled_Dataset/processed_videos/frames/49769_1,/Users/tarpanmishra/Desktop/Squat More/Labeled_Dataset/videos/49769_1.mp4
49770_1,train,posture_fault,"[[1.38, 4.31]]",[],yes,0.277,no,UNCERTAIN,1.767,yes,oblique,/Users/tarpanmishra/Desktop/Squat More/Labeled_Dataset/processed_videos/frames/49770_1,/Users/tarpanmishra/Desktop/Squat More/Labeled_Dataset/videos/49770_1.mp4
49789_8,train,good_form,[],[],no,0.295,no,NOT_OBSERVED,1.133,,side,/Users/tarpanmishra/Desktop/Squat More/Labeled_Dataset/processed_videos/frames/49789_8,/Users/tarpanmishra/Desktop/Squat More/Labeled_Dataset/videos/49789_8.mp4
49802_1,train,posture_fault,"[[3.82, 5.65]]",[],yes,0.853,yes,OBSERVED,3.3,no,oblique,/Users/tarpanmishra/Desktop/Squat More/Labeled_Dataset/processed_videos/frames/49802_1,/Users/tarpanmishra/Desktop/Squat More/Labeled_Dataset/videos/49802_1.mp4
49807_1,train,posture_fault,"[[4.77, 5.6]]",[],yes,0.853,yes,NOT_OBSERVED,3.833,no,oblique,/Users/tarpanmishra/Desktop/Squat More/Labeled_Dataset/processed_videos/frames/49807_1,/Users/tarpanmishra/Desktop/Squat More/Labeled_Dataset/videos/49807_1.mp4
49817_1,train,posture_fault,"[[3.96, 4.96]]",[],yes,0.762,yes,UNCERTAIN,,,oblique,/Users/tarpanmishra/Desktop/Squat More/Labeled_Dataset/processed_videos/frames/49817_1,/Users/tarpanmishra/Desktop/Squat More/Labeled_Dataset/videos/49817_1.mp4
49837_1,train,good_form,[],[],no,0.869,yes,NOT_OBSERVED,5.9,,oblique,/Users/tarpanmishra/Desktop/Squat More/Labeled_Dataset/processed_videos/frames/49837_1,/Users/tarpanmishra/Desktop/Squat More/Labeled_Dataset/videos/49837_1.mp4
49859_1,train,posture_fault,"[[0.79, 2.67]]",[],yes,0.827,yes,OBSERVED,1.167,yes,oblique,/Users/tarpanmishra/Desktop/Squat More/Labeled_Dataset/processed_videos/frames/49859_1,/Users/tarpanmishra/Desktop/Squat More/Labeled_Dataset/videos/49859_1.mp4
49863_1,train,posture_fault,"[[2.47, 3.18]]",[],yes,0.652,yes,NOT_OBSERVED,1.4,no,oblique,/Users/tarpanmishra/Desktop/Squat More/Labeled_Dataset/processed_videos/frames/49863_1,/Users/tarpanmishra/Desktop/Squat More/Labeled_Dataset/videos/49863_1.mp4
49864_2,train,good_form,[],[],no,0.576,yes,NOT_OBSERVED,1.133,,oblique,/Users/tarpanmishra/Desktop/Squat More/Labeled_Dataset/processed_videos/frames/49864_2,/Users/tarpanmishra/Desktop/Squat More/Labeled_Dataset/videos/49864_2.mp4
49868_1,train,posture_fault,"[[1.6, 2.73]]",[],yes,0.792,yes,UNCERTAIN,1.933,yes,oblique,/Users/tarpanmishra/Desktop/Squat More/Labeled_Dataset/processed_videos/frames/49868_1,/Users/tarpanmishra/Desktop/Squat More/Labeled_Dataset/videos/49868_1.mp4
49881_2,train,good_form,[],[],no,0.463,no,OBSERVED,1.5,,oblique,/Users/tarpanmishra/Desktop/Squat More/Labeled_Dataset/processed_videos/frames/49881_2,/Users/tarpanmishra/Desktop/Squat More/Labeled_Dataset/videos/49881_2.mp4
49892_1,train,posture_fault,"[[4.33, 6.44]]","[[3.48, 5.73]]",yes,0.542,yes,UNCERTAIN,,,oblique,/Users/tarpanmishra/Desktop/Squat More/Labeled_Dataset/processed_videos/frames/49892_1,/Users/tarpanmishra/Desktop/Squat More/Labeled_Dataset/videos/49892_1.mp4
49900_2,train,good_form,[],[],no,0.681,yes,OBSERVED,4.133,,side,/Users/tarpanmishra/Desktop/Squat More/Labeled_Dataset/processed_videos/frames/49900_2,/Users/tarpanmishra/Desktop/Squat More/Labeled_Dataset/videos/49900_2.mp4
49908_1,train,posture_fault,"[[0.87, 4.01]]","[[2.95, 4.06]]",yes,0.799,yes,NOT_OBSERVED,2.533,yes,oblique,/Users/tarpanmishra/Desktop/Squat More/Labeled_Dataset/processed_videos/frames/49908_1,/Users/tarpanmishra/Desktop/Squat More/Labeled_Dataset/videos/49908_1.mp4
49918_1,train,posture_fault,"[[3.72, 4.98]]",[],yes,0.617,yes,NOT_OBSERVED,3.0,no,oblique,/Users/tarpanmishra/Desktop/Squat More/Labeled_Dataset/processed_videos/frames/49918_1,/Users/tarpanmishra/Desktop/Squat More/Labeled_Dataset/videos/49918_1.mp4
49945_1,train,posture_fault,"[[2.55, 4.93]]","[[2.95, 4.49]]",yes,0.748,yes,OBSERVED,2.067,no,oblique,/Users/tarpanmishra/Desktop/Squat More/Labeled_Dataset/processed_videos/frames/49945_1,/Users/tarpanmishra/Desktop/Squat More/Labeled_Dataset/videos/49945_1.mp4
49947_1,train,posture_fault,"[[3.17, 5.74]]","[[2.39, 4.72]]",yes,0.604,yes,NOT_OBSERVED,1.667,no,side,/Users/tarpanmishra/Desktop/Squat More/Labeled_Dataset/processed_videos/frames/49947_1,/Users/tarpanmishra/Desktop/Squat More/Labeled_Dataset/videos/49947_1.mp4
49951_5,train,posture_fault,"[[1.47, 5.14]]","[[2.84, 4.69]]",yes,0.546,yes,UNCERTAIN,2.6,yes,oblique,/Users/tarpanmishra/Desktop/Squat More/Labeled_Dataset/processed_videos/frames/49951_5,/Users/tarpanmishra/Desktop/Squat More/Labeled_Dataset/videos/49951_5.mp4
49954_1,train,posture_fault,"[[4.36, 4.65]]",[],yes,0.545,yes,NOT_OBSERVED,3.833,no,oblique,/Users/tarpanmishra/Desktop/Squat More/Labeled_Dataset/processed_videos/frames/49954_1,/Users/tarpanmishra/Desktop/Squat More/Labeled_Dataset/videos/49954_1.mp4
49956_1,train,good_form,[],[],no,0.440,no,OBSERVED,2.233,,oblique,/Users/tarpanmishra/Desktop/Squat More/Labeled_Dataset/processed_videos/frames/49956_1,/Users/tarpanmishra/Desktop/Squat More/Labeled_Dataset/videos/49956_1.mp4
49957_1,train,posture_fault,"[[2.37, 2.88], [3.49, 4.68]]","[[3.05, 4.42]]",yes,0.719,yes,UNCERTAIN,2.6,yes,oblique,/Users/tarpanmishra/Desktop/Squat More/Labeled_Dataset/processed_videos/frames/49957_1,/Users/tarpanmishra/Desktop/Squat More/Labeled_Dataset/videos/49957_1.mp4
49968_1,train,posture_fault,"[[3.34, 4.26]]",[],yes,0.807,yes,NOT_OBSERVED,2.8,no,side,/Users/tarpanmishra/Desktop/Squat More/Labeled_Dataset/processed_videos/frames/49968_1,/Users/tarpanmishra/Desktop/Squat More/Labeled_Dataset/videos/49968_1.mp4
49975_2,train,posture_fault,"[[5.76, 8.97]]","[[5.02, 6.82]]",yes,0.853,yes,OBSERVED,4.633,no,oblique,/Users/tarpanmishra/Desktop/Squat More/Labeled_Dataset/processed_videos/frames/49975_2,/Users/tarpanmishra/Desktop/Squat More/Labeled_Dataset/videos/49975_2.mp4
49977_1,train,good_form,[],[],no,0.514,no,UNCERTAIN,,,side,/Users/tarpanmishra/Desktop/Squat More/Labeled_Dataset/processed_videos/frames/49977_1,/Users/tarpanmishra/Desktop/Squat More/Labeled_Dataset/videos/49977_1.mp4
49980_1,train,posture_fault,"[[4.24, 5.34]]",[],yes,0.833,yes,NOT_OBSERVED,3.533,no,oblique,/Users/tarpanmishra/Desktop/Squat More/Labeled_Dataset/processed_videos/frames/49980_1,/Users/tarpanmishra/Desktop/Squat More/Labeled_Dataset/videos/49980_1.mp4
49986_4,train,good_form,[],[],no,0.853,yes,UNCERTAIN,,,side,/Users/tarpanmishra/Desktop/Squat More/Labeled_Dataset/processed_videos/frames/49986_4,/Users/tarpanmishra/Desktop/Squat More/Labeled_Dataset/videos/49986_4.mp4
50001_7,train,good_form,[],[],no,0.338,no,UNCERTAIN,1.033,,oblique,/Users/tarpanmishra/Desktop/Squat More/Labeled_Dataset/processed_videos/frames/50001_7,/Users/tarpanmishra/Desktop/Squat More/Labeled_Dataset/videos/50001_7.mp4
50004_4,train,good_form,[],[],no,0.294,no,OBSERVED,1.1,,oblique,/Users/tarpanmishra/Desktop/Squat More/Labeled_Dataset/processed_videos/frames/50004_4,/Users/tarpanmishra/Desktop/Squat More/Labeled_Dataset/videos/50004_4.mp4
50008_1,train,good_form,[],[],no,0.461,no,OBSERVED,1.767,,oblique,/Users/tarpanmishra/Desktop/Squat More/Labeled_Dataset/processed_videos/frames/50008_1,/Users/tarpanmishra/Desktop/Squat More/Labeled_Dataset/videos/50008_1.mp4
50024_2,train,posture_fault,"[[2.04, 2.76]]",[],yes,0.692,yes,UNCERTAIN,,,unknown,/Users/tarpanmishra/Desktop/Squat More/Labeled_Dataset/processed_videos/frames/50024_2,/Users/tarpanmishra/Desktop/Squat More/Labeled_Dataset/videos/50024_2.mp4
50026_6,train,good_form,[],[],no,0.055,no,NOT_OBSERVED,1.0,,oblique,/Users/tarpanmishra/Desktop/Squat More/Labeled_Dataset/processed_videos/frames/50026_6,/Users/tarpanmishra/Desktop/Squat More/Labeled_Dataset/videos/50026_6.mp4
50027_5,train,posture_fault,"[[0.89, 3.52]]",[],yes,0.892,yes,OBSERVED,1.633,yes,oblique,/Users/tarpanmishra/Desktop/Squat More/Labeled_Dataset/processed_videos/frames/50027_5,/Users/tarpanmishra/Desktop/Squat More/Labeled_Dataset/videos/50027_5.mp4
50032_1,train,posture_fault,"[[0.72, 1.82]]","[[1.55, 2.78]]",yes,0.744,yes,OBSERVED,1.067,yes,oblique,/Users/tarpanmishra/Desktop/Squat More/Labeled_Dataset/processed_videos/frames/50032_1,/Users/tarpanmishra/Desktop/Squat More/Labeled_Dataset/videos/50032_1.mp4
50033_2,train,posture_fault,"[[2.52, 3.32]]",[],yes,0.730,yes,UNCERTAIN,,,oblique,/Users/tarpanmishra/Desktop/Squat More/Labeled_Dataset/processed_videos/frames/50033_2,/Users/tarpanmishra/Desktop/Squat More/Labeled_Dataset/videos/50033_2.mp4
50035_2,train,good_form,[],[],no,0.134,no,UNCERTAIN,,,side,/Users/tarpanmishra/Desktop/Squat More/Labeled_Dataset/processed_videos/frames/50035_2,/Users/tarpanmishra/Desktop/Squat More/Labeled_Dataset/videos/50035_2.mp4
50037_3,train,posture_fault,"[[2.16, 4.07]]",[],yes,0.710,yes,UNCERTAIN,2.367,yes,oblique,/Users/tarpanmishra/Desktop/Squat More/Labeled_Dataset/processed_videos/frames/50037_3,/Users/tarpanmishra/Desktop/Squat More/Labeled_Dataset/videos/50037_3.mp4
50041_3,train,good_form,[],[],no,0.066,no,UNCERTAIN,3.233,,front,/Users/tarpanmishra/Desktop/Squat More/Labeled_Dataset/processed_videos/frames/50041_3,/Users/tarpanmishra/Desktop/Squat More/Labeled_Dataset/videos/50041_3.mp4
50049_1,train,good_form,[],[],no,0.001,no,UNCERTAIN,,,unknown,/Users/tarpanmishra/Desktop/Squat More/Labeled_Dataset/processed_videos/frames/50049_1,/Users/tarpanmishra/Desktop/Squat More/Labeled_Dataset/videos/50049_1.mp4
50051_4,train,posture_fault,"[[3.06, 3.62]]","[[2.45, 3.42]]",yes,0.420,no,NOT_OBSERVED,1.867,no,oblique,/Users/tarpanmishra/Desktop/Squat More/Labeled_Dataset/processed_videos/frames/50051_4,/Users/tarpanmishra/Desktop/Squat More/Labeled_Dataset/videos/50051_4.mp4
50063_2,train,good_form,[],[],no,0.654,yes,NOT_OBSERVED,1.033,,oblique,/Users/tarpanmishra/Desktop/Squat More/Labeled_Dataset/processed_videos/frames/50063_2,/Users/tarpanmishra/Desktop/Squat More/Labeled_Dataset/videos/50063_2.mp4
50071_2,train,good_form,[],[],no,0.689,yes,OBSERVED,1.867,,oblique,/Users/tarpanmishra/Desktop/Squat More/Labeled_Dataset/processed_videos/frames/50071_2,/Users/tarpanmishra/Desktop/Squat More/Labeled_Dataset/videos/50071_2.mp4
50114_6,train,good_form,[],[],no,0.182,no,OBSERVED,1.0,,oblique,/Users/tarpanmishra/Desktop/Squat More/Labeled_Dataset/processed_videos/frames/50114_6,/Users/tarpanmishra/Desktop/Squat More/Labeled_Dataset/videos/50114_6.mp4
50115_5,train,good_form,[],[],no,0.613,yes,NOT_OBSERVED,1.667,,oblique,/Users/tarpanmishra/Desktop/Squat More/Labeled_Dataset/processed_videos/frames/50115_5,/Users/tarpanmishra/Desktop/Squat More/Labeled_Dataset/videos/50115_5.mp4
50121_1,train,posture_fault,"[[1.23, 3.78]]","[[2.14, 3.52]]",yes,0.615,yes,OBSERVED,1.633,yes,oblique,/Users/tarpanmishra/Desktop/Squat More/Labeled_Dataset/processed_videos/frames/50121_1,/Users/tarpanmishra/Desktop/Squat More/Labeled_Dataset/videos/50121_1.mp4
50131_2,train,posture_fault,"[[2.15, 3.06]]","[[1.6, 2.76]]",yes,0.548,yes,UNCERTAIN,,,oblique,/Users/tarpanmishra/Desktop/Squat More/Labeled_Dataset/processed_videos/frames/50131_2,/Users/tarpanmishra/Desktop/Squat More/Labeled_Dataset/videos/50131_2.mp4
50137_1,train,posture_fault,"[[1.68, 3.16]]",[],yes,0.759,yes,OBSERVED,1.3,no,oblique,/Users/tarpanmishra/Desktop/Squat More/Labeled_Dataset/processed_videos/frames/50137_1,/Users/tarpanmishra/Desktop/Squat More/Labeled_Dataset/videos/50137_1.mp4
50198_1,train,posture_fault,"[[2.65, 3.63]]",[],yes,0.927,yes,OBSERVED,1.667,no,oblique,/Users/tarpanmishra/Desktop/Squat More/Labeled_Dataset/processed_videos/frames/50198_1,/Users/tarpanmishra/Desktop/Squat More/Labeled_Dataset/videos/50198_1.mp4
50202_1,train,posture_fault,"[[2.21, 3.51]]",[],yes,0.340,no,OBSERVED,1.7,no,oblique,/Users/tarpanmishra/Desktop/Squat More/Labeled_Dataset/processed_videos/frames/50202_1,/Users/tarpanmishra/Desktop/Squat More/Labeled_Dataset/videos/50202_1.mp4
50204_1,train,posture_fault,"[[2.95, 3.7]]",[],yes,0.391,no,UNCERTAIN,1.967,no,oblique,/Users/tarpanmishra/Desktop/Squat More/Labeled_Dataset/processed_videos/frames/50204_1,/Users/tarpanmishra/Desktop/Squat More/Labeled_Dataset/videos/50204_1.mp4
50210_1,train,posture_fault,"[[2.11, 3.85]]","[[1.54, 2.71]]",yes,0.829,yes,OBSERVED,1.133,no,oblique,/Users/tarpanmishra/Desktop/Squat More/Labeled_Dataset/processed_videos/frames/50210_1,/Users/tarpanmishra/Desktop/Squat More/Labeled_Dataset/videos/50210_1.mp4
50218_1,train,posture_fault,"[[5.58, 7.14]]","[[4.97, 6.56]]",yes,0.743,yes,OBSERVED,4.567,no,side,/Users/tarpanmishra/Desktop/Squat More/Labeled_Dataset/processed_videos/frames/50218_1,/Users/tarpanmishra/Desktop/Squat More/Labeled_Dataset/videos/50218_1.mp4
50224_1,train,posture_fault,"[[4.16, 5.85]]","[[3.69, 5.31]]",yes,0.923,yes,OBSERVED,3.033,no,oblique,/Users/tarpanmishra/Desktop/Squat More/Labeled_Dataset/processed_videos/frames/50224_1,/Users/tarpanmishra/Desktop/Squat More/Labeled_Dataset/videos/50224_1.mp4
50280_3,train,posture_fault,"[[2.03, 2.88]]",[],yes,0.841,yes,NOT_OBSERVED,1.067,no,oblique,/Users/tarpanmishra/Desktop/Squat More/Labeled_Dataset/processed_videos/frames/50280_3,/Users/tarpanmishra/Desktop/Squat More/Labeled_Dataset/videos/50280_3.mp4
50326_1,train,posture_fault,"[[2.75, 4.03]]",[],yes,0.329,no,UNCERTAIN,,,front,/Users/tarpanmishra/Desktop/Squat More/Labeled_Dataset/processed_videos/frames/50326_1,/Users/tarpanmishra/Desktop/Squat More/Labeled_Dataset/videos/50326_1.mp4
50331_4,train,posture_fault,"[[4.22, 4.95]]","[[2.51, 4.86]]",yes,0.833,yes,OBSERVED,2.033,no,oblique,/Users/tarpanmishra/Desktop/Squat More/Labeled_Dataset/processed_videos/frames/50331_4,/Users/tarpanmishra/Desktop/Squat More/Labeled_Dataset/videos/50331_4.mp4
50544_3,train,posture_fault,"[[2.06, 2.97]]","[[1.43, 2.7]]",yes,0.112,no,OBSERVED,0.9,no,oblique,/Users/tarpanmishra/Desktop/Squat More/Labeled_Dataset/processed_videos/frames/50544_3,/Users/tarpanmishra/Desktop/Squat More/Labeled_Dataset/videos/50544_3.mp4
50559_2,train,good_form,[],[],no,0.631,yes,UNCERTAIN,,,unknown,/Users/tarpanmishra/Desktop/Squat More/Labeled_Dataset/processed_videos/frames/50559_2,/Users/tarpanmishra/Desktop/Squat More/Labeled_Dataset/videos/50559_2.mp4
50579_2,train,good_form,[],[],no,0.340,no,OBSERVED,0.867,,oblique,/Users/tarpanmishra/Desktop/Squat More/Labeled_Dataset/processed_videos/frames/50579_2,/Users/tarpanmishra/Desktop/Squat More/Labeled_Dataset/videos/50579_2.mp4
50581_2,train,good_form,[],[],no,0.183,no,NOT_OBSERVED,1.9,,oblique,/Users/tarpanmishra/Desktop/Squat More/Labeled_Dataset/processed_videos/frames/50581_2,/Users/tarpanmishra/Desktop/Squat More/Labeled_Dataset/videos/50581_2.mp4
50599_3,train,posture_fault,"[[2.08, 3.44]]","[[1.86, 3.11]]",yes,0.829,yes,OBSERVED,1.233,no,oblique,/Users/tarpanmishra/Desktop/Squat More/Labeled_Dataset/processed_videos/frames/50599_3,/Users/tarpanmishra/Desktop/Squat More/Labeled_Dataset/videos/50599_3.mp4
50655_5,train,good_form,[],[],no,0.560,yes,OBSERVED,1.1,,oblique,/Users/tarpanmishra/Desktop/Squat More/Labeled_Dataset/processed_videos/frames/50655_5,/Users/tarpanmishra/Desktop/Squat More/Labeled_Dataset/videos/50655_5.mp4
50745_1,train,posture_fault,"[[0.89, 3.42]]",[],yes,0.268,no,NOT_OBSERVED,1.467,yes,oblique,/Users/tarpanmishra/Desktop/Squat More/Labeled_Dataset/processed_videos/frames/50745_1,/Users/tarpanmishra/Desktop/Squat More/Labeled_Dataset/videos/50745_1.mp4
32907_3,validation,depth_fault,"[[3.07, 4.67]]","[[2.24, 4.16]]",yes,0.867,yes,UNCERTAIN,1.667,no,oblique,/Users/tarpanmishra/Desktop/Squat More/Labeled_Dataset/processed_videos/frames/32907_3,/Users/tarpanmishra/Desktop/Squat More/Labeled_Dataset/videos/32907_3.mp4
33018_1,validation,depth_fault,"[[0.79, 2.73]]","[[1.37, 2.62], [1.43, 2.36]]",yes,0.624,yes,OBSERVED,1.0,yes,side,/Users/tarpanmishra/Desktop/Squat More/Labeled_Dataset/processed_videos/frames/33018_1,/Users/tarpanmishra/Desktop/Squat More/Labeled_Dataset/videos/33018_1.mp4
33025_2,validation,depth_fault,"[[0.44, 2.39]]",[],yes,0.500,no,UNCERTAIN,,,unknown,/Users/tarpanmishra/Desktop/Squat More/Labeled_Dataset/processed_videos/frames/33025_2,/Users/tarpanmishra/Desktop/Squat More/Labeled_Dataset/videos/33025_2.mp4
33053_1,validation,depth_fault,"[[3.09, 5.63]]","[[3.38, 5.34]]",yes,0.835,yes,NOT_OBSERVED,2.7,no,oblique,/Users/tarpanmishra/Desktop/Squat More/Labeled_Dataset/processed_videos/frames/33053_1,/Users/tarpanmishra/Desktop/Squat More/Labeled_Dataset/videos/33053_1.mp4
33073_2,validation,depth_fault,"[[0.6, 3.45]]",[],yes,0.669,yes,OBSERVED,1.567,yes,side,/Users/tarpanmishra/Desktop/Squat More/Labeled_Dataset/processed_videos/frames/33073_2,/Users/tarpanmishra/Desktop/Squat More/Labeled_Dataset/videos/33073_2.mp4
33090_7,validation,depth_fault,[],[],no,0.134,no,OBSERVED,1.033,,oblique,/Users/tarpanmishra/Desktop/Squat More/Labeled_Dataset/processed_videos/frames/33090_7,/Users/tarpanmishra/Desktop/Squat More/Labeled_Dataset/videos/33090_7.mp4
33127_2,validation,posture_fault,"[[0.85, 2.58]]",[],yes,0.709,yes,NOT_OBSERVED,1.8,yes,oblique,/Users/tarpanmishra/Desktop/Squat More/Labeled_Dataset/processed_videos/frames/33127_2,/Users/tarpanmishra/Desktop/Squat More/Labeled_Dataset/videos/33127_2.mp4
33154_1,validation,depth_fault,[],[],no,0.034,no,UNCERTAIN,,,unknown,/Users/tarpanmishra/Desktop/Squat More/Labeled_Dataset/processed_videos/frames/33154_1,/Users/tarpanmishra/Desktop/Squat More/Labeled_Dataset/videos/33154_1.mp4
33170_1,validation,depth_fault,"[[0.76, 2.23]]","[[1.34, 2.22]]",yes,0.758,yes,UNCERTAIN,1.067,yes,oblique,/Users/tarpanmishra/Desktop/Squat More/Labeled_Dataset/processed_videos/frames/33170_1,/Users/tarpanmishra/Desktop/Squat More/Labeled_Dataset/videos/33170_1.mp4
33172_4,validation,depth_fault,[],[],no,0.713,yes,UNCERTAIN,,,oblique,/Users/tarpanmishra/Desktop/Squat More/Labeled_Dataset/processed_videos/frames/33172_4,/Users/tarpanmishra/Desktop/Squat More/Labeled_Dataset/videos/33172_4.mp4
33205_1,validation,depth_fault,"[[5.21, 6.8]]",[],yes,0.325,no,UNCERTAIN,3.867,no,oblique,/Users/tarpanmishra/Desktop/Squat More/Labeled_Dataset/processed_videos/frames/33205_1,/Users/tarpanmishra/Desktop/Squat More/Labeled_Dataset/videos/33205_1.mp4
33233_1,validation,depth_fault,"[[2.47, 3.58], [4.53, 6.18]]",[],yes,0.910,yes,NOT_OBSERVED,2.767,yes,oblique,/Users/tarpanmishra/Desktop/Squat More/Labeled_Dataset/processed_videos/frames/33233_1,/Users/tarpanmishra/Desktop/Squat More/Labeled_Dataset/videos/33233_1.mp4
33273_1,validation,depth_fault,"[[0.8, 2.1]]",[],yes,0.444,no,OBSERVED,1.433,yes,oblique,/Users/tarpanmishra/Desktop/Squat More/Labeled_Dataset/processed_videos/frames/33273_1,/Users/tarpanmishra/Desktop/Squat More/Labeled_Dataset/videos/33273_1.mp4
33300_1,validation,depth_fault,"[[0.67, 1.67], [0.81, 3.03]]",[],yes,0.549,yes,NOT_OBSERVED,1.267,yes,side,/Users/tarpanmishra/Desktop/Squat More/Labeled_Dataset/processed_videos/frames/33300_1,/Users/tarpanmishra/Desktop/Squat More/Labeled_Dataset/videos/33300_1.mp4
33373_5,validation,depth_fault,"[[0.83, 1.9]]","[[1.41, 2.46]]",yes,0.246,no,NOT_OBSERVED,1.067,yes,side,/Users/tarpanmishra/Desktop/Squat More/Labeled_Dataset/processed_videos/frames/33373_5,/Users/tarpanmishra/Desktop/Squat More/Labeled_Dataset/videos/33373_5.mp4
33419_4,validation,depth_fault,"[[1.74, 2.65]]",[],yes,0.131,no,UNCERTAIN,,,oblique,/Users/tarpanmishra/Desktop/Squat More/Labeled_Dataset/processed_videos/frames/33419_4,/Users/tarpanmishra/Desktop/Squat More/Labeled_Dataset/videos/33419_4.mp4
33466_5,validation,depth_fault,"[[0.6, 2.55]]",[],yes,0.512,no,OBSERVED,1.533,yes,oblique,/Users/tarpanmishra/Desktop/Squat More/Labeled_Dataset/processed_videos/frames/33466_5,/Users/tarpanmishra/Desktop/Squat More/Labeled_Dataset/videos/33466_5.mp4
33500_3,validation,posture_fault,"[[0.52, 2.54]]",[],yes,0.411,no,UNCERTAIN,1.8,yes,front,/Users/tarpanmishra/Desktop/Squat More/Labeled_Dataset/processed_videos/frames/33500_3,/Users/tarpanmishra/Desktop/Squat More/Labeled_Dataset/videos/33500_3.mp4
33577_1,validation,depth_fault,[],[],no,0.624,yes,UNCERTAIN,,,oblique,/Users/tarpanmishra/Desktop/Squat More/Labeled_Dataset/processed_videos/frames/33577_1,/Users/tarpanmishra/Desktop/Squat More/Labeled_Dataset/videos/33577_1.mp4
33584_1,validation,depth_fault,[],[],no,0.369,no,OBSERVED,1.133,,oblique,/Users/tarpanmishra/Desktop/Squat More/Labeled_Dataset/processed_videos/frames/33584_1,/Users/tarpanmishra/Desktop/Squat More/Labeled_Dataset/videos/33584_1.mp4
33596_1,validation,depth_fault,"[[2.67, 6.73]]",[],yes,0.767,yes,OBSERVED,3.633,yes,oblique,/Users/tarpanmishra/Desktop/Squat More/Labeled_Dataset/processed_videos/frames/33596_1,/Users/tarpanmishra/Desktop/Squat More/Labeled_Dataset/videos/33596_1.mp4
33603_1,validation,depth_fault,"[[0.63, 2.95]]",[],yes,0.293,no,OBSERVED,2.267,yes,side,/Users/tarpanmishra/Desktop/Squat More/Labeled_Dataset/processed_videos/frames/33603_1,/Users/tarpanmishra/Desktop/Squat More/Labeled_Dataset/videos/33603_1.mp4
33628_4,validation,depth_fault,"[[1.96, 2.49]]",[],yes,0.476,no,OBSERVED,1.033,no,side,/Users/tarpanmishra/Desktop/Squat More/Labeled_Dataset/processed_videos/frames/33628_4,/Users/tarpanmishra/Desktop/Squat More/Labeled_Dataset/videos/33628_4.mp4
33671_1,validation,depth_fault,"[[2.16, 3.36]]",[],yes,0.475,no,NOT_OBSERVED,2.767,yes,side,/Users/tarpanmishra/Desktop/Squat More/Labeled_Dataset/processed_videos/frames/33671_1,/Users/tarpanmishra/Desktop/Squat More/Labeled_Dataset/videos/33671_1.mp4
33675_1,validation,depth_fault,"[[0.66, 3.09]]",[],yes,0.603,yes,OBSERVED,1.1,yes,oblique,/Users/tarpanmishra/Desktop/Squat More/Labeled_Dataset/processed_videos/frames/33675_1,/Users/tarpanmishra/Desktop/Squat More/Labeled_Dataset/videos/33675_1.mp4
33791_3,validation,depth_fault,"[[0.56, 2.43]]",[],yes,0.623,yes,OBSERVED,0.933,yes,oblique,/Users/tarpanmishra/Desktop/Squat More/Labeled_Dataset/processed_videos/frames/33791_3,/Users/tarpanmishra/Desktop/Squat More/Labeled_Dataset/videos/33791_3.mp4
33845_1,validation,depth_fault,"[[0.49, 1.73]]",[],yes,0.688,yes,OBSERVED,0.833,yes,oblique,/Users/tarpanmishra/Desktop/Squat More/Labeled_Dataset/processed_videos/frames/33845_1,/Users/tarpanmishra/Desktop/Squat More/Labeled_Dataset/videos/33845_1.mp4
33868_1,validation,depth_fault,"[[0.74, 2.27]]",[],yes,0.418,no,OBSERVED,1.633,yes,side,/Users/tarpanmishra/Desktop/Squat More/Labeled_Dataset/processed_videos/frames/33868_1,/Users/tarpanmishra/Desktop/Squat More/Labeled_Dataset/videos/33868_1.mp4
33876_9,validation,depth_fault,[],[],no,0.001,no,UNCERTAIN,,,unknown,/Users/tarpanmishra/Desktop/Squat More/Labeled_Dataset/processed_videos/frames/33876_9,/Users/tarpanmishra/Desktop/Squat More/Labeled_Dataset/videos/33876_9.mp4
36041_6,validation,depth_fault,"[[0.89, 1.87], [0.63, 1.83]]",[],yes,0.320,no,OBSERVED,0.9,yes,oblique,/Users/tarpanmishra/Desktop/Squat More/Labeled_Dataset/processed_videos/frames/36041_6,/Users/tarpanmishra/Desktop/Squat More/Labeled_Dataset/videos/36041_6.mp4
36058_3,validation,depth_fault,[],[],no,0.816,yes,UNCERTAIN,,,oblique,/Users/tarpanmishra/Desktop/Squat More/Labeled_Dataset/processed_videos/frames/36058_3,/Users/tarpanmishra/Desktop/Squat More/Labeled_Dataset/videos/36058_3.mp4
36091_2,validation,depth_fault,"[[1.08, 2.93]]",[],yes,0.210,no,UNCERTAIN,,,unknown,/Users/tarpanmishra/Desktop/Squat More/Labeled_Dataset/processed_videos/frames/36091_2,/Users/tarpanmishra/Desktop/Squat More/Labeled_Dataset/videos/36091_2.mp4
36158_2,validation,depth_fault,"[[0.56, 2.65]]",[],yes,0.504,no,NOT_OBSERVED,1.167,yes,oblique,/Users/tarpanmishra/Desktop/Squat More/Labeled_Dataset/processed_videos/frames/36158_2,/Users/tarpanmishra/Desktop/Squat More/Labeled_Dataset/videos/36158_2.mp4
36190_2,validation,depth_fault,"[[1.14, 2.56]]",[],yes,0.471,no,UNCERTAIN,,,unknown,/Users/tarpanmishra/Desktop/Squat More/Labeled_Dataset/processed_videos/frames/36190_2,/Users/tarpanmishra/Desktop/Squat More/Labeled_Dataset/videos/36190_2.mp4
36240_1,validation,depth_fault,"[[3.89, 5.58]]","[[3.54, 5.18]]",yes,0.306,no,UNCERTAIN,,,oblique,/Users/tarpanmishra/Desktop/Squat More/Labeled_Dataset/processed_videos/frames/36240_1,/Users/tarpanmishra/Desktop/Squat More/Labeled_Dataset/videos/36240_1.mp4
36258_1,validation,depth_fault,"[[0.77, 2.34]]",[],yes,0.743,yes,OBSERVED,1.7,yes,oblique,/Users/tarpanmishra/Desktop/Squat More/Labeled_Dataset/processed_videos/frames/36258_1,/Users/tarpanmishra/Desktop/Squat More/Labeled_Dataset/videos/36258_1.mp4
36267_1,validation,posture_fault,"[[2.4, 3.61]]",[],yes,0.274,no,OBSERVED,1.5,no,oblique,/Users/tarpanmishra/Desktop/Squat More/Labeled_Dataset/processed_videos/frames/36267_1,/Users/tarpanmishra/Desktop/Squat More/Labeled_Dataset/videos/36267_1.mp4
36295_1,validation,depth_fault,[],[],no,0.545,yes,OBSERVED,1.433,,side,/Users/tarpanmishra/Desktop/Squat More/Labeled_Dataset/processed_videos/frames/36295_1,/Users/tarpanmishra/Desktop/Squat More/Labeled_Dataset/videos/36295_1.mp4
36318_5,validation,good_form,[],[],no,0.009,no,NOT_OBSERVED,0.567,,side,/Users/tarpanmishra/Desktop/Squat More/Labeled_Dataset/processed_videos/frames/36318_5,/Users/tarpanmishra/Desktop/Squat More/Labeled_Dataset/videos/36318_5.mp4
36359_3,validation,good_form,[],[],no,0.275,no,UNCERTAIN,,,side,/Users/tarpanmishra/Desktop/Squat More/Labeled_Dataset/processed_videos/frames/36359_3,/Users/tarpanmishra/Desktop/Squat More/Labeled_Dataset/videos/36359_3.mp4
36373_1,validation,depth_fault,"[[1.39, 3.02]]",[],yes,0.819,yes,UNCERTAIN,2.233,yes,oblique,/Users/tarpanmishra/Desktop/Squat More/Labeled_Dataset/processed_videos/frames/36373_1,/Users/tarpanmishra/Desktop/Squat More/Labeled_Dataset/videos/36373_1.mp4
36431_1,validation,depth_fault,"[[5.96, 10.43]]",[],yes,0.940,yes,NOT_OBSERVED,6.467,yes,oblique,/Users/tarpanmishra/Desktop/Squat More/Labeled_Dataset/processed_videos/frames/36431_1,/Users/tarpanmishra/Desktop/Squat More/Labeled_Dataset/videos/36431_1.mp4
36471_2,validation,depth_fault,"[[0.9, 3.45]]",[],yes,0.659,yes,OBSERVED,1.3,yes,oblique,/Users/tarpanmishra/Desktop/Squat More/Labeled_Dataset/processed_videos/frames/36471_2,/Users/tarpanmishra/Desktop/Squat More/Labeled_Dataset/videos/36471_2.mp4
36474_2,validation,depth_fault,"[[1.1, 2.77]]",[],yes,0.310,no,NOT_OBSERVED,1.767,yes,oblique,/Users/tarpanmishra/Desktop/Squat More/Labeled_Dataset/processed_videos/frames/36474_2,/Users/tarpanmishra/Desktop/Squat More/Labeled_Dataset/videos/36474_2.mp4
36499_1,validation,depth_fault,"[[2.94, 3.74]]",[],yes,0.553,yes,OBSERVED,2.267,no,oblique,/Users/tarpanmishra/Desktop/Squat More/Labeled_Dataset/processed_videos/frames/36499_1,/Users/tarpanmishra/Desktop/Squat More/Labeled_Dataset/videos/36499_1.mp4
36548_3,validation,depth_fault,"[[0.82, 2.52]]","[[1.79, 2.56]]",yes,0.566,yes,OBSERVED,1.2,yes,oblique,/Users/tarpanmishra/Desktop/Squat More/Labeled_Dataset/processed_videos/frames/36548_3,/Users/tarpanmishra/Desktop/Squat More/Labeled_Dataset/videos/36548_3.mp4
36613_2,validation,depth_fault,"[[0.76, 2.38]]",[],yes,0.367,no,OBSERVED,1.267,yes,oblique,/Users/tarpanmishra/Desktop/Squat More/Labeled_Dataset/processed_videos/frames/36613_2,/Users/tarpanmishra/Desktop/Squat More/Labeled_Dataset/videos/36613_2.mp4
36627_3,validation,depth_fault,[],[],no,0.373,no,OBSERVED,1.133,,oblique,/Users/tarpanmishra/Desktop/Squat More/Labeled_Dataset/processed_videos/frames/36627_3,/Users/tarpanmishra/Desktop/Squat More/Labeled_Dataset/videos/36627_3.mp4
36644_6,validation,depth_fault,"[[0.35, 1.37]]",[],yes,0.517,no,OBSERVED,0.733,yes,oblique,/Users/tarpanmishra/Desktop/Squat More/Labeled_Dataset/processed_videos/frames/36644_6,/Users/tarpanmishra/Desktop/Squat More/Labeled_Dataset/videos/36644_6.mp4
36663_1,validation,depth_fault,"[[2.83, 7.11]]","[[5.15, 7.0], [5.35, 7.12]]",yes,0.572,yes,NOT_OBSERVED,3.867,yes,oblique,/Users/tarpanmishra/Desktop/Squat More/Labeled_Dataset/processed_videos/frames/36663_1,/Users/tarpanmishra/Desktop/Squat More/Labeled_Dataset/videos/36663_1.mp4
36669_2,validation,depth_fault,[],[],no,0.542,yes,NOT_OBSERVED,1.667,,oblique,/Users/tarpanmishra/Desktop/Squat More/Labeled_Dataset/processed_videos/frames/36669_2,/Users/tarpanmishra/Desktop/Squat More/Labeled_Dataset/videos/36669_2.mp4
36759_3,validation,depth_fault,"[[1.06, 3.81]]","[[1.61, 3.17], [1.59, 2.99]]",yes,0.910,yes,OBSERVED,1.233,yes,oblique,/Users/tarpanmishra/Desktop/Squat More/Labeled_Dataset/processed_videos/frames/36759_3,/Users/tarpanmishra/Desktop/Squat More/Labeled_Dataset/videos/36759_3.mp4
36777_4,validation,depth_fault,"[[1.13, 3.2]]",[],yes,0.579,yes,OBSERVED,1.733,yes,oblique,/Users/tarpanmishra/Desktop/Squat More/Labeled_Dataset/processed_videos/frames/36777_4,/Users/tarpanmishra/Desktop/Squat More/Labeled_Dataset/videos/36777_4.mp4
36873_2,validation,depth_fault,"[[0.95, 2.59]]",[],yes,0.616,yes,OBSERVED,1.133,yes,oblique,/Users/tarpanmishra/Desktop/Squat More/Labeled_Dataset/processed_videos/frames/36873_2,/Users/tarpanmishra/Desktop/Squat More/Labeled_Dataset/videos/36873_2.mp4
36964_1,validation,good_form,[],[],no,0.869,yes,OBSERVED,3.767,,oblique,/Users/tarpanmishra/Desktop/Squat More/Labeled_Dataset/processed_videos/frames/36964_1,/Users/tarpanmishra/Desktop/Squat More/Labeled_Dataset/videos/36964_1.mp4
36971_9,validation,depth_fault,"[[0.9, 2.21]]",[],yes,0.313,no,NOT_OBSERVED,1.633,yes,oblique,/Users/tarpanmishra/Desktop/Squat More/Labeled_Dataset/processed_videos/frames/36971_9,/Users/tarpanmishra/Desktop/Squat More/Labeled_Dataset/videos/36971_9.mp4
36979_1,validation,posture_fault,"[[0.88, 4.37]]",[],yes,0.945,yes,OBSERVED,1.1,yes,oblique,/Users/tarpanmishra/Desktop/Squat More/Labeled_Dataset/processed_videos/frames/36979_1,/Users/tarpanmishra/Desktop/Squat More/Labeled_Dataset/videos/36979_1.mp4
37076_1,validation,depth_fault,"[[1.15, 2.07]]",[],yes,0.629,yes,OBSERVED,1.4,yes,oblique,/Users/tarpanmishra/Desktop/Squat More/Labeled_Dataset/processed_videos/frames/37076_1,/Users/tarpanmishra/Desktop/Squat More/Labeled_Dataset/videos/37076_1.mp4
37117_1,validation,posture_fault,"[[3.3, 5.24]]",[],yes,0.709,yes,NOT_OBSERVED,3.9,yes,oblique,/Users/tarpanmishra/Desktop/Squat More/Labeled_Dataset/processed_videos/frames/37117_1,/Users/tarpanmishra/Desktop/Squat More/Labeled_Dataset/videos/37117_1.mp4
37173_1,validation,depth_fault,"[[1.19, 2.36]]",[],yes,0.224,no,NOT_OBSERVED,1.6,yes,oblique,/Users/tarpanmishra/Desktop/Squat More/Labeled_Dataset/processed_videos/frames/37173_1,/Users/tarpanmishra/Desktop/Squat More/Labeled_Dataset/videos/37173_1.mp4
37351_3,validation,depth_fault,"[[0.67, 2.3]]",[],yes,0.687,yes,OBSERVED,1.133,yes,oblique,/Users/tarpanmishra/Desktop/Squat More/Labeled_Dataset/processed_videos/frames/37351_3,/Users/tarpanmishra/Desktop/Squat More/Labeled_Dataset/videos/37351_3.mp4
37367_2,validation,depth_fault,"[[1.82, 3.69]]",[],yes,0.451,no,OBSERVED,2.3,yes,oblique,/Users/tarpanmishra/Desktop/Squat More/Labeled_Dataset/processed_videos/frames/37367_2,/Users/tarpanmishra/Desktop/Squat More/Labeled_Dataset/videos/37367_2.mp4
37394_4,validation,posture_fault,"[[1.39, 2.46]]",[],yes,0.065,no,UNCERTAIN,0.833,no,oblique,/Users/tarpanmishra/Desktop/Squat More/Labeled_Dataset/processed_videos/frames/37394_4,/Users/tarpanmishra/Desktop/Squat More/Labeled_Dataset/videos/37394_4.mp4
37410_1,validation,depth_fault,[],[],no,0.215,no,OBSERVED,2.133,,oblique,/Users/tarpanmishra/Desktop/Squat More/Labeled_Dataset/processed_videos/frames/37410_1,/Users/tarpanmishra/Desktop/Squat More/Labeled_Dataset/videos/37410_1.mp4
37421_2,validation,depth_fault,[],[],no,0.500,no,UNCERTAIN,,,unknown,/Users/tarpanmishra/Desktop/Squat More/Labeled_Dataset/processed_videos/frames/37421_2,/Users/tarpanmishra/Desktop/Squat More/Labeled_Dataset/videos/37421_2.mp4
37432_2,validation,posture_fault,"[[0.87, 4.17]]",[],yes,0.939,yes,NOT_OBSERVED,1.467,yes,oblique,/Users/tarpanmishra/Desktop/Squat More/Labeled_Dataset/processed_videos/frames/37432_2,/Users/tarpanmishra/Desktop/Squat More/Labeled_Dataset/videos/37432_2.mp4
37474_3,validation,posture_fault,"[[1.66, 2.81]]",[],yes,0.306,no,OBSERVED,2.2,yes,oblique,/Users/tarpanmishra/Desktop/Squat More/Labeled_Dataset/processed_videos/frames/37474_3,/Users/tarpanmishra/Desktop/Squat More/Labeled_Dataset/videos/37474_3.mp4
37490_4,validation,depth_fault,[],[],no,0.482,no,OBSERVED,0.7,,oblique,/Users/tarpanmishra/Desktop/Squat More/Labeled_Dataset/processed_videos/frames/37490_4,/Users/tarpanmishra/Desktop/Squat More/Labeled_Dataset/videos/37490_4.mp4
37499_1,validation,depth_fault,[],[],no,0.326,no,OBSERVED,1.167,,oblique,/Users/tarpanmishra/Desktop/Squat More/Labeled_Dataset/processed_videos/frames/37499_1,/Users/tarpanmishra/Desktop/Squat More/Labeled_Dataset/videos/37499_1.mp4
37500_6,validation,depth_fault,"[[1.02, 2.11]]",[],yes,0.363,no,OBSERVED,1.7,yes,oblique,/Users/tarpanmishra/Desktop/Squat More/Labeled_Dataset/processed_videos/frames/37500_6,/Users/tarpanmishra/Desktop/Squat More/Labeled_Dataset/videos/37500_6.mp4
37531_7,validation,depth_fault,[],[],no,0.647,yes,OBSERVED,1.567,,oblique,/Users/tarpanmishra/Desktop/Squat More/Labeled_Dataset/processed_videos/frames/37531_7,/Users/tarpanmishra/Desktop/Squat More/Labeled_Dataset/videos/37531_7.mp4
37547_1,validation,depth_fault,[],[],no,0.520,no,UNCERTAIN,1.233,,oblique,/Users/tarpanmishra/Desktop/Squat More/Labeled_Dataset/processed_videos/frames/37547_1,/Users/tarpanmishra/Desktop/Squat More/Labeled_Dataset/videos/37547_1.mp4
37576_1,validation,depth_fault,"[[0.76, 1.94]]","[[1.42, 2.4], [1.47, 2.34]]",yes,0.831,yes,OBSERVED,1.233,yes,oblique,/Users/tarpanmishra/Desktop/Squat More/Labeled_Dataset/processed_videos/frames/37576_1,/Users/tarpanmishra/Desktop/Squat More/Labeled_Dataset/videos/37576_1.mp4
37586_1,validation,good_form,[],[],no,0.906,yes,NOT_OBSERVED,1.4,,oblique,/Users/tarpanmishra/Desktop/Squat More/Labeled_Dataset/processed_videos/frames/37586_1,/Users/tarpanmishra/Desktop/Squat More/Labeled_Dataset/videos/37586_1.mp4
37611_1,validation,depth_fault,"[[1.29, 3.16]]",[],yes,0.593,yes,UNCERTAIN,1.5,yes,front,/Users/tarpanmishra/Desktop/Squat More/Labeled_Dataset/processed_videos/frames/37611_1,/Users/tarpanmishra/Desktop/Squat More/Labeled_Dataset/videos/37611_1.mp4
37772_2,validation,good_form,[],[],no,0.698,yes,UNCERTAIN,,,unknown,/Users/tarpanmishra/Desktop/Squat More/Labeled_Dataset/processed_videos/frames/37772_2,/Users/tarpanmishra/Desktop/Squat More/Labeled_Dataset/videos/37772_2.mp4
37803_2,validation,depth_fault,"[[0.69, 3.63]]",[],yes,0.667,yes,OBSERVED,1.7,yes,oblique,/Users/tarpanmishra/Desktop/Squat More/Labeled_Dataset/processed_videos/frames/37803_2,/Users/tarpanmishra/Desktop/Squat More/Labeled_Dataset/videos/37803_2.mp4
37819_8,validation,depth_fault,"[[0.78, 1.54]]",[],yes,0.169,no,OBSERVED,1.1,yes,side,/Users/tarpanmishra/Desktop/Squat More/Labeled_Dataset/processed_videos/frames/37819_8,/Users/tarpanmishra/Desktop/Squat More/Labeled_Dataset/videos/37819_8.mp4
37994_1,validation,depth_fault,"[[3.22, 4.64]]",[],yes,0.838,yes,OBSERVED,2.533,no,oblique,/Users/tarpanmishra/Desktop/Squat More/Labeled_Dataset/processed_videos/frames/37994_1,/Users/tarpanmishra/Desktop/Squat More/Labeled_Dataset/videos/37994_1.mp4
37997_4,validation,depth_fault,"[[0.52, 2.51]]",[],yes,0.618,yes,OBSERVED,0.967,yes,oblique,/Users/tarpanmishra/Desktop/Squat More/Labeled_Dataset/processed_videos/frames/37997_4,/Users/tarpanmishra/Desktop/Squat More/Labeled_Dataset/videos/37997_4.mp4
38018_2,validation,good_form,[],[],no,0.643,yes,NOT_OBSERVED,1.167,,oblique,/Users/tarpanmishra/Desktop/Squat More/Labeled_Dataset/processed_videos/frames/38018_2,/Users/tarpanmishra/Desktop/Squat More/Labeled_Dataset/videos/38018_2.mp4
38040_1,validation,depth_fault,"[[4.0, 6.61]]","[[4.55, 6.46], [4.59, 6.19]]",yes,0.941,yes,OBSERVED,4.367,yes,oblique,/Users/tarpanmishra/Desktop/Squat More/Labeled_Dataset/processed_videos/frames/38040_1,/Users/tarpanmishra/Desktop/Squat More/Labeled_Dataset/videos/38040_1.mp4
45879_2,validation,posture_fault,"[[2.1, 3.15]]",[],yes,0.691,yes,NOT_OBSERVED,1.2,no,side,/Users/tarpanmishra/Desktop/Squat More/Labeled_Dataset/processed_videos/frames/45879_2,/Users/tarpanmishra/Desktop/Squat More/Labeled_Dataset/videos/45879_2.mp4
45919_1,validation,posture_fault,"[[2.57, 3.74]]",[],yes,0.413,no,NOT_OBSERVED,2.733,yes,side,/Users/tarpanmishra/Desktop/Squat More/Labeled_Dataset/processed_videos/frames/45919_1,/Users/tarpanmishra/Desktop/Squat More/Labeled_Dataset/videos/45919_1.mp4
45945_2,validation,good_form,[],[],no,0.043,no,UNCERTAIN,,,oblique,/Users/tarpanmishra/Desktop/Squat More/Labeled_Dataset/processed_videos/frames/45945_2,/Users/tarpanmishra/Desktop/Squat More/Labeled_Dataset/videos/45945_2.mp4
45946_1,validation,posture_fault,"[[2.51, 6.56]]","[[2.36, 6.23]]",yes,0.967,yes,OBSERVED,1.767,no,oblique,/Users/tarpanmishra/Desktop/Squat More/Labeled_Dataset/processed_videos/frames/45946_1,/Users/tarpanmishra/Desktop/Squat More/Labeled_Dataset/videos/45946_1.mp4
46039_1,validation,posture_fault,"[[1.62, 3.8]]",[],yes,0.889,yes,UNCERTAIN,1.667,yes,oblique,/Users/tarpanmishra/Desktop/Squat More/Labeled_Dataset/processed_videos/frames/46039_1,/Users/tarpanmishra/Desktop/Squat More/Labeled_Dataset/videos/46039_1.mp4
46087_1,validation,posture_fault,"[[0.43, 2.35]]",[],yes,0.837,yes,NOT_OBSERVED,1.4,yes,oblique,/Users/tarpanmishra/Desktop/Squat More/Labeled_Dataset/processed_videos/frames/46087_1,/Users/tarpanmishra/Desktop/Squat More/Labeled_Dataset/videos/46087_1.mp4
46129_9,validation,good_form,[],[],no,0.012,no,UNCERTAIN,,,unknown,/Users/tarpanmishra/Desktop/Squat More/Labeled_Dataset/processed_videos/frames/46129_9,/Users/tarpanmishra/Desktop/Squat More/Labeled_Dataset/videos/46129_9.mp4
46133_1,validation,posture_fault,"[[2.08, 2.87]]",[],yes,0.565,yes,UNCERTAIN,,,unknown,/Users/tarpanmishra/Desktop/Squat More/Labeled_Dataset/processed_videos/frames/46133_1,/Users/tarpanmishra/Desktop/Squat More/Labeled_Dataset/videos/46133_1.mp4
46207_2,validation,posture_fault,"[[3.26, 5.12]]",[],yes,0.868,yes,OBSERVED,1.933,no,oblique,/Users/tarpanmishra/Desktop/Squat More/Labeled_Dataset/processed_videos/frames/46207_2,/Users/tarpanmishra/Desktop/Squat More/Labeled_Dataset/videos/46207_2.mp4
46284_1,validation,posture_fault,"[[0.92, 4.99]]",[],yes,0.818,yes,OBSERVED,1.7,yes,oblique,/Users/tarpanmishra/Desktop/Squat More/Labeled_Dataset/processed_videos/frames/46284_1,/Users/tarpanmishra/Desktop/Squat More/Labeled_Dataset/videos/46284_1.mp4
46311_1,validation,posture_fault,"[[1.56, 3.22]]",[],yes,0.565,yes,OBSERVED,1.9,yes,oblique,/Users/tarpanmishra/Desktop/Squat More/Labeled_Dataset/processed_videos/frames/46311_1,/Users/tarpanmishra/Desktop/Squat More/Labeled_Dataset/videos/46311_1.mp4
46319_1,validation,posture_fault,"[[1.89, 3.83]]",[],yes,0.894,yes,NOT_OBSERVED,1.133,no,oblique,/Users/tarpanmishra/Desktop/Squat More/Labeled_Dataset/processed_videos/frames/46319_1,/Users/tarpanmishra/Desktop/Squat More/Labeled_Dataset/videos/46319_1.mp4
46348_1,validation,posture_fault,"[[1.76, 3.66]]",[],yes,0.916,yes,OBSERVED,1.133,no,oblique,/Users/tarpanmishra/Desktop/Squat More/Labeled_Dataset/processed_videos/frames/46348_1,/Users/tarpanmishra/Desktop/Squat More/Labeled_Dataset/videos/46348_1.mp4
46365_5,validation,posture_fault,"[[1.2, 3.36]]","[[1.75, 3.29]]",yes,0.879,yes,OBSERVED,1.367,yes,oblique,/Users/tarpanmishra/Desktop/Squat More/Labeled_Dataset/processed_videos/frames/46365_5,/Users/tarpanmishra/Desktop/Squat More/Labeled_Dataset/videos/46365_5.mp4
46372_1,validation,good_form,[],[],no,0.443,no,OBSERVED,2.0,,side,/Users/tarpanmishra/Desktop/Squat More/Labeled_Dataset/processed_videos/frames/46372_1,/Users/tarpanmishra/Desktop/Squat More/Labeled_Dataset/videos/46372_1.mp4
46407_1,validation,posture_fault,"[[2.94, 4.13]]","[[4.5, 6.71]]",yes,0.514,no,OBSERVED,3.833,yes,oblique,/Users/tarpanmishra/Desktop/Squat More/Labeled_Dataset/processed_videos/frames/46407_1,/Users/tarpanmishra/Desktop/Squat More/Labeled_Dataset/videos/46407_1.mp4
46448_1,validation,posture_fault,"[[4.16, 5.22]]",[],yes,0.500,no,UNCERTAIN,,,unknown,/Users/tarpanmishra/Desktop/Squat More/Labeled_Dataset/processed_videos/frames/46448_1,/Users/tarpanmishra/Desktop/Squat More/Labeled_Dataset/videos/46448_1.mp4
46449_3,validation,good_form,[],[],no,0.519,no,UNCERTAIN,,,side,/Users/tarpanmishra/Desktop/Squat More/Labeled_Dataset/processed_videos/frames/46449_3,/Users/tarpanmishra/Desktop/Squat More/Labeled_Dataset/videos/46449_3.mp4
46462_4,validation,posture_fault,"[[2.57, 4.78]]","[[2.23, 4.27]]",yes,0.846,yes,OBSERVED,1.6,no,oblique,/Users/tarpanmishra/Desktop/Squat More/Labeled_Dataset/processed_videos/frames/46462_4,/Users/tarpanmishra/Desktop/Squat More/Labeled_Dataset/videos/46462_4.mp4
46470_8,validation,good_form,[],[],no,0.269,no,NOT_OBSERVED,0.933,,oblique,/Users/tarpanmishra/Desktop/Squat More/Labeled_Dataset/processed_videos/frames/46470_8,/Users/tarpanmishra/Desktop/Squat More/Labeled_Dataset/videos/46470_8.mp4
46494_1,validation,posture_fault,"[[0.86, 3.12]]",[],yes,0.860,yes,UNCERTAIN,1.3,yes,oblique,/Users/tarpanmishra/Desktop/Squat More/Labeled_Dataset/processed_videos/frames/46494_1,/Users/tarpanmishra/Desktop/Squat More/Labeled_Dataset/videos/46494_1.mp4
46550_1,validation,posture_fault,"[[2.36, 3.49]]",[],yes,0.759,yes,NOT_OBSERVED,1.067,no,oblique,/Users/tarpanmishra/Desktop/Squat More/Labeled_Dataset/processed_videos/frames/46550_1,/Users/tarpanmishra/Desktop/Squat More/Labeled_Dataset/videos/46550_1.mp4
46619_1,validation,posture_fault,"[[2.21, 4.98]]","[[3.21, 4.65]]",yes,0.924,yes,UNCERTAIN,2.833,yes,oblique,/Users/tarpanmishra/Desktop/Squat More/Labeled_Dataset/processed_videos/frames/46619_1,/Users/tarpanmishra/Desktop/Squat More/Labeled_Dataset/videos/46619_1.mp4
46652_2,validation,good_form,[],[],no,0.108,no,UNCERTAIN,0.733,,side,/Users/tarpanmishra/Desktop/Squat More/Labeled_Dataset/processed_videos/frames/46652_2,/Users/tarpanmishra/Desktop/Squat More/Labeled_Dataset/videos/46652_2.mp4
46709_1,validation,posture_fault,"[[2.81, 3.55]]",[],yes,0.777,yes,NOT_OBSERVED,1.9,no,oblique,/Users/tarpanmishra/Desktop/Squat More/Labeled_Dataset/processed_videos/frames/46709_1,/Users/tarpanmishra/Desktop/Squat More/Labeled_Dataset/videos/46709_1.mp4
46714_1,validation,good_form,[],[],no,0.380,no,OBSERVED,1.433,,oblique,/Users/tarpanmishra/Desktop/Squat More/Labeled_Dataset/processed_videos/frames/46714_1,/Users/tarpanmishra/Desktop/Squat More/Labeled_Dataset/videos/46714_1.mp4
46723_2,validation,good_form,[],[],no,0.870,yes,UNCERTAIN,,,oblique,/Users/tarpanmishra/Desktop/Squat More/Labeled_Dataset/processed_videos/frames/46723_2,/Users/tarpanmishra/Desktop/Squat More/Labeled_Dataset/videos/46723_2.mp4
46734_1,validation,posture_fault,"[[2.15, 2.98]]",[],yes,0.819,yes,OBSERVED,1.1,no,oblique,/Users/tarpanmishra/Desktop/Squat More/Labeled_Dataset/processed_videos/frames/46734_1,/Users/tarpanmishra/Desktop/Squat More/Labeled_Dataset/videos/46734_1.mp4
46772_1,validation,posture_fault,"[[2.78, 6.78]]",[],yes,0.641,yes,UNCERTAIN,,,unknown,/Users/tarpanmishra/Desktop/Squat More/Labeled_Dataset/processed_videos/frames/46772_1,/Users/tarpanmishra/Desktop/Squat More/Labeled_Dataset/videos/46772_1.mp4
46904_6,validation,posture_fault,"[[2.35, 4.14]]",[],yes,0.603,yes,OBSERVED,2.7,yes,oblique,/Users/tarpanmishra/Desktop/Squat More/Labeled_Dataset/processed_videos/frames/46904_6,/Users/tarpanmishra/Desktop/Squat More/Labeled_Dataset/videos/46904_6.mp4
46946_5,validation,posture_fault,"[[1.36, 2.76]]",[],yes,0.760,yes,OBSERVED,2.033,yes,oblique,/Users/tarpanmishra/Desktop/Squat More/Labeled_Dataset/processed_videos/frames/46946_5,/Users/tarpanmishra/Desktop/Squat More/Labeled_Dataset/videos/46946_5.mp4
46986_2,validation,posture_fault,"[[2.92, 4.14]]","[[2.26, 3.82]]",yes,0.459,no,OBSERVED,1.5,no,side,/Users/tarpanmishra/Desktop/Squat More/Labeled_Dataset/processed_videos/frames/46986_2,/Users/tarpanmishra/Desktop/Squat More/Labeled_Dataset/videos/46986_2.mp4
47003_5,validation,posture_fault,"[[0.82, 1.83]]",[],yes,0.897,yes,NOT_OBSERVED,1.1,yes,side,/Users/tarpanmishra/Desktop/Squat More/Labeled_Dataset/processed_videos/frames/47003_5,/Users/tarpanmishra/Desktop/Squat More/Labeled_Dataset/videos/47003_5.mp4
47124_2,validation,good_form,[],[],no,0.299,no,OBSERVED,1.433,,oblique,/Users/tarpanmishra/Desktop/Squat More/Labeled_Dataset/processed_videos/frames/47124_2,/Users/tarpanmishra/Desktop/Squat More/Labeled_Dataset/videos/47124_2.mp4
47193_2,validation,good_form,[],[],no,0.487,no,NOT_OBSERVED,1.833,,oblique,/Users/tarpanmishra/Desktop/Squat More/Labeled_Dataset/processed_videos/frames/47193_2,/Users/tarpanmishra/Desktop/Squat More/Labeled_Dataset/videos/47193_2.mp4
47234_2,validation,posture_fault,"[[6.93, 9.18]]",[],yes,0.851,yes,UNCERTAIN,5.767,no,side,/Users/tarpanmishra/Desktop/Squat More/Labeled_Dataset/processed_videos/frames/47234_2,/Users/tarpanmishra/Desktop/Squat More/Labeled_Dataset/videos/47234_2.mp4
47251_1,validation,posture_fault,"[[2.34, 3.04]]",[],yes,0.438,no,OBSERVED,1.2,no,side,/Users/tarpanmishra/Desktop/Squat More/Labeled_Dataset/processed_videos/frames/47251_1,/Users/tarpanmishra/Desktop/Squat More/Labeled_Dataset/videos/47251_1.mp4
47287_3,validation,posture_fault,"[[2.29, 4.68]]",[],yes,0.865,yes,UNCERTAIN,2.533,yes,side,/Users/tarpanmishra/Desktop/Squat More/Labeled_Dataset/processed_videos/frames/47287_3,/Users/tarpanmishra/Desktop/Squat More/Labeled_Dataset/videos/47287_3.mp4
47326_5,validation,good_form,[],[],no,0.713,yes,OBSERVED,1.167,,oblique,/Users/tarpanmishra/Desktop/Squat More/Labeled_Dataset/processed_videos/frames/47326_5,/Users/tarpanmishra/Desktop/Squat More/Labeled_Dataset/videos/47326_5.mp4
47346_1,validation,posture_fault,"[[2.21, 4.74]]",[],yes,0.795,yes,OBSERVED,2.433,yes,side,/Users/tarpanmishra/Desktop/Squat More/Labeled_Dataset/processed_videos/frames/47346_1,/Users/tarpanmishra/Desktop/Squat More/Labeled_Dataset/videos/47346_1.mp4
47352_1,validation,posture_fault,"[[2.12, 4.04]]",[],yes,0.527,yes,UNCERTAIN,,,unknown,/Users/tarpanmishra/Desktop/Squat More/Labeled_Dataset/processed_videos/frames/47352_1,/Users/tarpanmishra/Desktop/Squat More/Labeled_Dataset/videos/47352_1.mp4
47453_1,validation,good_form,[],[],no,0.672,yes,NOT_OBSERVED,2.7,,side,/Users/tarpanmishra/Desktop/Squat More/Labeled_Dataset/processed_videos/frames/47453_1,/Users/tarpanmishra/Desktop/Squat More/Labeled_Dataset/videos/47453_1.mp4
47466_1,validation,posture_fault,"[[0.77, 1.56], [2.14, 2.73]]",[],yes,0.735,yes,NOT_OBSERVED,1.033,yes,side,/Users/tarpanmishra/Desktop/Squat More/Labeled_Dataset/processed_videos/frames/47466_1,/Users/tarpanmishra/Desktop/Squat More/Labeled_Dataset/videos/47466_1.mp4
47478_7,validation,good_form,[],[],no,0.384,no,OBSERVED,0.967,,oblique,/Users/tarpanmishra/Desktop/Squat More/Labeled_Dataset/processed_videos/frames/47478_7,/Users/tarpanmishra/Desktop/Squat More/Labeled_Dataset/videos/47478_7.mp4
47578_1,validation,good_form,[],[],no,0.154,no,UNCERTAIN,3.433,,side,/Users/tarpanmishra/Desktop/Squat More/Labeled_Dataset/processed_videos/frames/47578_1,/Users/tarpanmishra/Desktop/Squat More/Labeled_Dataset/videos/47578_1.mp4
47642_2,validation,good_form,[],[],no,0.356,no,UNCERTAIN,,,oblique,/Users/tarpanmishra/Desktop/Squat More/Labeled_Dataset/processed_videos/frames/47642_2,/Users/tarpanmishra/Desktop/Squat More/Labeled_Dataset/videos/47642_2.mp4
47732_1,validation,posture_fault,"[[0.74, 1.81], [3.07, 3.76]]","[[1.89, 3.4]]",yes,0.728,yes,NOT_OBSERVED,0.967,yes,oblique,/Users/tarpanmishra/Desktop/Squat More/Labeled_Dataset/processed_videos/frames/47732_1,/Users/tarpanmishra/Desktop/Squat More/Labeled_Dataset/videos/47732_1.mp4
47744_1,validation,posture_fault,"[[4.32, 7.15]]",[],yes,0.706,yes,NOT_OBSERVED,4.833,yes,oblique,/Users/tarpanmishra/Desktop/Squat More/Labeled_Dataset/processed_videos/frames/47744_1,/Users/tarpanmishra/Desktop/Squat More/Labeled_Dataset/videos/47744_1.mp4
47935_1,validation,good_form,[],[],no,0.740,yes,NOT_OBSERVED,1.267,,oblique,/Users/tarpanmishra/Desktop/Squat More/Labeled_Dataset/processed_videos/frames/47935_1,/Users/tarpanmishra/Desktop/Squat More/Labeled_Dataset/videos/47935_1.mp4
48106_2,validation,posture_fault,"[[1.02, 4.12]]","[[2.19, 4.01]]",yes,0.846,yes,NOT_OBSERVED,1.967,yes,oblique,/Users/tarpanmishra/Desktop/Squat More/Labeled_Dataset/processed_videos/frames/48106_2,/Users/tarpanmishra/Desktop/Squat More/Labeled_Dataset/videos/48106_2.mp4
48163_1,validation,posture_fault,"[[3.35, 4.55]]","[[3.1, 4.06]]",yes,0.745,yes,OBSERVED,2.7,no,oblique,/Users/tarpanmishra/Desktop/Squat More/Labeled_Dataset/processed_videos/frames/48163_1,/Users/tarpanmishra/Desktop/Squat More/Labeled_Dataset/videos/48163_1.mp4
48265_1,validation,good_form,[],[],no,0.500,no,OBSERVED,1.133,,oblique,/Users/tarpanmishra/Desktop/Squat More/Labeled_Dataset/processed_videos/frames/48265_1,/Users/tarpanmishra/Desktop/Squat More/Labeled_Dataset/videos/48265_1.mp4
48294_3,validation,good_form,[],[],no,0.202,no,OBSERVED,0.933,,oblique,/Users/tarpanmishra/Desktop/Squat More/Labeled_Dataset/processed_videos/frames/48294_3,/Users/tarpanmishra/Desktop/Squat More/Labeled_Dataset/videos/48294_3.mp4
48314_5,validation,good_form,[],[],no,0.164,no,OBSERVED,1.0,,side,/Users/tarpanmishra/Desktop/Squat More/Labeled_Dataset/processed_videos/frames/48314_5,/Users/tarpanmishra/Desktop/Squat More/Labeled_Dataset/videos/48314_5.mp4
48331_1,validation,posture_fault,"[[0.59, 1.84], [2.65, 4.75]]",[],yes,0.847,yes,NOT_OBSERVED,0.733,yes,oblique,/Users/tarpanmishra/Desktop/Squat More/Labeled_Dataset/processed_videos/frames/48331_1,/Users/tarpanmishra/Desktop/Squat More/Labeled_Dataset/videos/48331_1.mp4
48361_1,validation,posture_fault,"[[1.61, 3.06]]",[],yes,0.540,yes,UNCERTAIN,2.4,yes,oblique,/Users/tarpanmishra/Desktop/Squat More/Labeled_Dataset/processed_videos/frames/48361_1,/Users/tarpanmishra/Desktop/Squat More/Labeled_Dataset/videos/48361_1.mp4
48371_2,validation,good_form,[],[],no,0.125,no,UNCERTAIN,1.633,,oblique,/Users/tarpanmishra/Desktop/Squat More/Labeled_Dataset/processed_videos/frames/48371_2,/Users/tarpanmishra/Desktop/Squat More/Labeled_Dataset/videos/48371_2.mp4
48380_1,validation,posture_fault,"[[1.13, 2.48]]","[[1.91, 4.0]]",yes,0.921,yes,OBSERVED,1.4,yes,oblique,/Users/tarpanmishra/Desktop/Squat More/Labeled_Dataset/processed_videos/frames/48380_1,/Users/tarpanmishra/Desktop/Squat More/Labeled_Dataset/videos/48380_1.mp4
48382_4,validation,good_form,[],[],no,0.362,no,UNCERTAIN,,,oblique,/Users/tarpanmishra/Desktop/Squat More/Labeled_Dataset/processed_videos/frames/48382_4,/Users/tarpanmishra/Desktop/Squat More/Labeled_Dataset/videos/48382_4.mp4
48397_1,validation,posture_fault,"[[0.98, 3.29]]",[],yes,0.727,yes,OBSERVED,1.233,yes,oblique,/Users/tarpanmishra/Desktop/Squat More/Labeled_Dataset/processed_videos/frames/48397_1,/Users/tarpanmishra/Desktop/Squat More/Labeled_Dataset/videos/48397_1.mp4
48510_5,validation,good_form,[],[],no,0.404,no,OBSERVED,3.267,,oblique,/Users/tarpanmishra/Desktop/Squat More/Labeled_Dataset/processed_videos/frames/48510_5,/Users/tarpanmishra/Desktop/Squat More/Labeled_Dataset/videos/48510_5.mp4
48537_1,validation,posture_fault,"[[2.62, 4.58]]",[],yes,0.653,yes,UNCERTAIN,1.333,no,side,/Users/tarpanmishra/Desktop/Squat More/Labeled_Dataset/processed_videos/frames/48537_1,/Users/tarpanmishra/Desktop/Squat More/Labeled_Dataset/videos/48537_1.mp4
48697_2,validation,posture_fault,"[[0.81, 4.17]]",[],yes,0.908,yes,OBSERVED,1.2,yes,oblique,/Users/tarpanmishra/Desktop/Squat More/Labeled_Dataset/processed_videos/frames/48697_2,/Users/tarpanmishra/Desktop/Squat More/Labeled_Dataset/videos/48697_2.mp4
48705_3,validation,posture_fault,"[[1.7, 3.06]]",[],yes,0.721,yes,NOT_OBSERVED,1.833,yes,oblique,/Users/tarpanmishra/Desktop/Squat More/Labeled_Dataset/processed_videos/frames/48705_3,/Users/tarpanmishra/Desktop/Squat More/Labeled_Dataset/videos/48705_3.mp4
48725_10,validation,good_form,[],[],no,0.353,no,UNCERTAIN,,,unknown,/Users/tarpanmishra/Desktop/Squat More/Labeled_Dataset/processed_videos/frames/48725_10,/Users/tarpanmishra/Desktop/Squat More/Labeled_Dataset/videos/48725_10.mp4
48771_2,validation,posture_fault,"[[1.62, 3.87]]",[],yes,0.647,yes,OBSERVED,2.0,yes,oblique,/Users/tarpanmishra/Desktop/Squat More/Labeled_Dataset/processed_videos/frames/48771_2,/Users/tarpanmishra/Desktop/Squat More/Labeled_Dataset/videos/48771_2.mp4
48787_1,validation,posture_fault,"[[3.76, 5.46]]",[],yes,0.750,yes,NOT_OBSERVED,2.0,no,oblique,/Users/tarpanmishra/Desktop/Squat More/Labeled_Dataset/processed_videos/frames/48787_1,/Users/tarpanmishra/Desktop/Squat More/Labeled_Dataset/videos/48787_1.mp4
48809_3,validation,posture_fault,"[[0.95, 2.98]]",[],yes,0.873,yes,OBSERVED,1.167,yes,side,/Users/tarpanmishra/Desktop/Squat More/Labeled_Dataset/processed_videos/frames/48809_3,/Users/tarpanmishra/Desktop/Squat More/Labeled_Dataset/videos/48809_3.mp4
48821_5,validation,good_form,[],[],no,0.453,no,UNCERTAIN,,,oblique,/Users/tarpanmishra/Desktop/Squat More/Labeled_Dataset/processed_videos/frames/48821_5,/Users/tarpanmishra/Desktop/Squat More/Labeled_Dataset/videos/48821_5.mp4
48835_5,validation,good_form,[],[],no,0.500,no,UNCERTAIN,,,unknown,/Users/tarpanmishra/Desktop/Squat More/Labeled_Dataset/processed_videos/frames/48835_5,/Users/tarpanmishra/Desktop/Squat More/Labeled_Dataset/videos/48835_5.mp4
48853_1,validation,posture_fault,"[[5.67, 6.85]]","[[5.12, 6.56]]",yes,0.698,yes,NOT_OBSERVED,4.633,no,side,/Users/tarpanmishra/Desktop/Squat More/Labeled_Dataset/processed_videos/frames/48853_1,/Users/tarpanmishra/Desktop/Squat More/Labeled_Dataset/videos/48853_1.mp4
48858_1,validation,posture_fault,"[[2.47, 3.16]]",[],yes,0.474,no,OBSERVED,2.7,yes,side,/Users/tarpanmishra/Desktop/Squat More/Labeled_Dataset/processed_videos/frames/48858_1,/Users/tarpanmishra/Desktop/Squat More/Labeled_Dataset/videos/48858_1.mp4
48917_4,validation,posture_fault,"[[4.19, 5.27]]",[],yes,0.811,yes,OBSERVED,2.667,no,oblique,/Users/tarpanmishra/Desktop/Squat More/Labeled_Dataset/processed_videos/frames/48917_4,/Users/tarpanmishra/Desktop/Squat More/Labeled_Dataset/videos/48917_4.mp4
48973_5,validation,good_form,[],[],no,0.694,yes,OBSERVED,4.233,,oblique,/Users/tarpanmishra/Desktop/Squat More/Labeled_Dataset/processed_videos/frames/48973_5,/Users/tarpanmishra/Desktop/Squat More/Labeled_Dataset/videos/48973_5.mp4
49042_1,validation,posture_fault,"[[3.48, 4.93]]","[[2.17, 4.41]]",yes,0.904,yes,OBSERVED,1.567,no,oblique,/Users/tarpanmishra/Desktop/Squat More/Labeled_Dataset/processed_videos/frames/49042_1,/Users/tarpanmishra/Desktop/Squat More/Labeled_Dataset/videos/49042_1.mp4
49052_1,validation,posture_fault,"[[3.96, 6.57]]",[],yes,0.842,yes,NOT_OBSERVED,4.267,yes,oblique,/Users/tarpanmishra/Desktop/Squat More/Labeled_Dataset/processed_videos/frames/49052_1,/Users/tarpanmishra/Desktop/Squat More/Labeled_Dataset/videos/49052_1.mp4
49055_4,validation,good_form,[],[],no,0.441,no,UNCERTAIN,4.2,,front,/Users/tarpanmishra/Desktop/Squat More/Labeled_Dataset/processed_videos/frames/49055_4,/Users/tarpanmishra/Desktop/Squat More/Labeled_Dataset/videos/49055_4.mp4
49066_5,validation,good_form,[],[],no,0.564,yes,NOT_OBSERVED,1.2,,side,/Users/tarpanmishra/Desktop/Squat More/Labeled_Dataset/processed_videos/frames/49066_5,/Users/tarpanmishra/Desktop/Squat More/Labeled_Dataset/videos/49066_5.mp4
49085_1,validation,posture_fault,"[[3.3, 4.62]]",[],yes,0.866,yes,UNCERTAIN,1.267,no,oblique,/Users/tarpanmishra/Desktop/Squat More/Labeled_Dataset/processed_videos/frames/49085_1,/Users/tarpanmishra/Desktop/Squat More/Labeled_Dataset/videos/49085_1.mp4
49106_6,validation,good_form,[],[],no,0.664,yes,UNCERTAIN,0.933,,front,/Users/tarpanmishra/Desktop/Squat More/Labeled_Dataset/processed_videos/frames/49106_6,/Users/tarpanmishra/Desktop/Squat More/Labeled_Dataset/videos/49106_6.mp4
49127_2,validation,good_form,[],[],no,0.418,no,UNCERTAIN,,,oblique,/Users/tarpanmishra/Desktop/Squat More/Labeled_Dataset/processed_videos/frames/49127_2,/Users/tarpanmishra/Desktop/Squat More/Labeled_Dataset/videos/49127_2.mp4
49140_4,validation,posture_fault,"[[2.29, 3.25]]",[],yes,0.810,yes,OBSERVED,1.333,no,oblique,/Users/tarpanmishra/Desktop/Squat More/Labeled_Dataset/processed_videos/frames/49140_4,/Users/tarpanmishra/Desktop/Squat More/Labeled_Dataset/videos/49140_4.mp4
49160_1,validation,posture_fault,"[[1.72, 2.95]]","[[2.58, 3.47]]",yes,0.828,yes,OBSERVED,1.933,yes,oblique,/Users/tarpanmishra/Desktop/Squat More/Labeled_Dataset/processed_videos/frames/49160_1,/Users/tarpanmishra/Desktop/Squat More/Labeled_Dataset/videos/49160_1.mp4
49221_1,validation,posture_fault,"[[3.35, 4.41]]","[[2.73, 4.03]]",yes,0.109,no,UNCERTAIN,,,oblique,/Users/tarpanmishra/Desktop/Squat More/Labeled_Dataset/processed_videos/frames/49221_1,/Users/tarpanmishra/Desktop/Squat More/Labeled_Dataset/videos/49221_1.mp4
49228_4,validation,good_form,[],[],no,0.707,yes,NOT_OBSERVED,1.033,,side,/Users/tarpanmishra/Desktop/Squat More/Labeled_Dataset/processed_videos/frames/49228_4,/Users/tarpanmishra/Desktop/Squat More/Labeled_Dataset/videos/49228_4.mp4
49245_3,validation,posture_fault,"[[0.47, 2.46]]","[[1.22, 2.74]]",yes,0.921,yes,NOT_OBSERVED,0.8,yes,oblique,/Users/tarpanmishra/Desktop/Squat More/Labeled_Dataset/processed_videos/frames/49245_3,/Users/tarpanmishra/Desktop/Squat More/Labeled_Dataset/videos/49245_3.mp4
49254_8,validation,good_form,[],[],no,0.210,no,OBSERVED,1.0,,oblique,/Users/tarpanmishra/Desktop/Squat More/Labeled_Dataset/processed_videos/frames/49254_8,/Users/tarpanmishra/Desktop/Squat More/Labeled_Dataset/videos/49254_8.mp4
49337_7,validation,good_form,[],[],no,0.396,no,OBSERVED,6.1,,oblique,/Users/tarpanmishra/Desktop/Squat More/Labeled_Dataset/processed_videos/frames/49337_7,/Users/tarpanmishra/Desktop/Squat More/Labeled_Dataset/videos/49337_7.mp4
49834_2,validation,posture_fault,"[[3.17, 4.79]]",[],yes,0.834,yes,UNCERTAIN,1.633,no,side,/Users/tarpanmishra/Desktop/Squat More/Labeled_Dataset/processed_videos/frames/49834_2,/Users/tarpanmishra/Desktop/Squat More/Labeled_Dataset/videos/49834_2.mp4
49891_1,validation,posture_fault,"[[0.55, 1.41], [1.91, 2.97]]","[[1.58, 2.53]]",yes,0.904,yes,OBSERVED,1.067,yes,oblique,/Users/tarpanmishra/Desktop/Squat More/Labeled_Dataset/processed_videos/frames/49891_1,/Users/tarpanmishra/Desktop/Squat More/Labeled_Dataset/videos/49891_1.mp4
49897_1,validation,posture_fault,"[[2.62, 3.86]]","[[1.52, 3.4]]",yes,0.863,yes,OBSERVED,1.233,no,side,/Users/tarpanmishra/Desktop/Squat More/Labeled_Dataset/processed_videos/frames/49897_1,/Users/tarpanmishra/Desktop/Squat More/Labeled_Dataset/videos/49897_1.mp4
49926_2,validation,good_form,[],[],no,0.055,no,OBSERVED,3.167,,side,/Users/tarpanmishra/Desktop/Squat More/Labeled_Dataset/processed_videos/frames/49926_2,/Users/tarpanmishra/Desktop/Squat More/Labeled_Dataset/videos/49926_2.mp4
49932_8,validation,posture_fault,"[[2.58, 3.59]]",[],yes,0.193,no,UNCERTAIN,,,oblique,/Users/tarpanmishra/Desktop/Squat More/Labeled_Dataset/processed_videos/frames/49932_8,/Users/tarpanmishra/Desktop/Squat More/Labeled_Dataset/videos/49932_8.mp4
49971_1,validation,good_form,[],[],no,0.839,yes,OBSERVED,1.467,,oblique,/Users/tarpanmishra/Desktop/Squat More/Labeled_Dataset/processed_videos/frames/49971_1,/Users/tarpanmishra/Desktop/Squat More/Labeled_Dataset/videos/49971_1.mp4
50099_1,validation,good_form,[],[],no,0.578,yes,NOT_OBSERVED,1.967,,oblique,/Users/tarpanmishra/Desktop/Squat More/Labeled_Dataset/processed_videos/frames/50099_1,/Users/tarpanmishra/Desktop/Squat More/Labeled_Dataset/videos/50099_1.mp4
50113_1,validation,good_form,[],[],no,0.079,no,UNCERTAIN,1.033,,side,/Users/tarpanmishra/Desktop/Squat More/Labeled_Dataset/processed_videos/frames/50113_1,/Users/tarpanmishra/Desktop/Squat More/Labeled_Dataset/videos/50113_1.mp4
50135_2,validation,good_form,[],[],no,0.628,yes,OBSERVED,0.933,,oblique,/Users/tarpanmishra/Desktop/Squat More/Labeled_Dataset/processed_videos/frames/50135_2,/Users/tarpanmishra/Desktop/Squat More/Labeled_Dataset/videos/50135_2.mp4
50185_2,validation,posture_fault,"[[0.77, 3.15]]","[[1.56, 2.74]]",yes,0.930,yes,NOT_OBSERVED,1.167,yes,oblique,/Users/tarpanmishra/Desktop/Squat More/Labeled_Dataset/processed_videos/frames/50185_2,/Users/tarpanmishra/Desktop/Squat More/Labeled_Dataset/videos/50185_2.mp4
50201_1,validation,posture_fault,"[[1.96, 4.56]]",[],yes,0.451,no,OBSERVED,2.767,yes,oblique,/Users/tarpanmishra/Desktop/Squat More/Labeled_Dataset/processed_videos/frames/50201_1,/Users/tarpanmishra/Desktop/Squat More/Labeled_Dataset/videos/50201_1.mp4
50205_4,validation,posture_fault,"[[1.27, 2.13], [2.94, 4.08]]",[],yes,0.556,yes,UNCERTAIN,1.367,yes,oblique,/Users/tarpanmishra/Desktop/Squat More/Labeled_Dataset/processed_videos/frames/50205_4,/Users/tarpanmishra/Desktop/Squat More/Labeled_Dataset/videos/50205_4.mp4
50214_1,validation,posture_fault,"[[3.06, 3.64]]",[],yes,0.565,yes,OBSERVED,2.233,no,oblique,/Users/tarpanmishra/Desktop/Squat More/Labeled_Dataset/processed_videos/frames/50214_1,/Users/tarpanmishra/Desktop/Squat More/Labeled_Dataset/videos/50214_1.mp4
50215_21,validation,posture_fault,"[[3.28, 4.21]]",[],yes,0.927,yes,OBSERVED,2.233,no,side,/Users/tarpanmishra/Desktop/Squat More/Labeled_Dataset/processed_videos/frames/50215_21,/Users/tarpanmishra/Desktop/Squat More/Labeled_Dataset/videos/50215_21.mp4
50222_3,validation,good_form,[],[],no,0.182,no,OBSERVED,2.333,,oblique,/Users/tarpanmishra/Desktop/Squat More/Labeled_Dataset/processed_videos/frames/50222_3,/Users/tarpanmishra/Desktop/Squat More/Labeled_Dataset/videos/50222_3.mp4
50262_4,validation,posture_fault,"[[3.27, 3.83]]",[],yes,0.669,yes,NOT_OBSERVED,2.267,no,oblique,/Users/tarpanmishra/Desktop/Squat More/Labeled_Dataset/processed_videos/frames/50262_4,/Users/tarpanmishra/Desktop/Squat More/Labeled_Dataset/videos/50262_4.mp4
50367_4,validation,good_form,[],[],no,0.537,yes,NOT_OBSERVED,1.133,,oblique,/Users/tarpanmishra/Desktop/Squat More/Labeled_Dataset/processed_videos/frames/50367_4,/Users/tarpanmishra/Desktop/Squat More/Labeled_Dataset/videos/50367_4.mp4
50481_9,validation,good_form,[],[],no,0.406,no,OBSERVED,0.833,,oblique,/Users/tarpanmishra/Desktop/Squat More/Labeled_Dataset/processed_videos/frames/50481_9,/Users/tarpanmishra/Desktop/Squat More/Labeled_Dataset/videos/50481_9.mp4
50583_5,validation,posture_fault,"[[2.52, 3.33]]",[],yes,0.373,no,UNCERTAIN,,,oblique,/Users/tarpanmishra/Desktop/Squat More/Labeled_Dataset/processed_videos/frames/50583_5,/Users/tarpanmishra/Desktop/Squat More/Labeled_Dataset/videos/50583_5.mp4
50622_1,validation,good_form,[],[],no,0.154,no,OBSERVED,1.0,,oblique,/Users/tarpanmishra/Desktop/Squat More/Labeled_Dataset/processed_videos/frames/50622_1,/Users/tarpanmishra/Desktop/Squat More/Labeled_Dataset/videos/50622_1.mp4
33072_1,withheld,posture_fault,"[[0.68, 3.79]]",[],yes,0.577,yes,UNCERTAIN,1.167,yes,oblique,/Users/tarpanmishra/Desktop/Squat More/Labeled_Dataset/processed_videos/frames/33072_1,/Users/tarpanmishra/Desktop/Squat More/Labeled_Dataset/videos/33072_1.mp4
33576_2,withheld,posture_fault,"[[0.67, 5.6]]","[[1.64, 5.46], [1.69, 4.77]]",yes,0.927,yes,OBSERVED,1.333,yes,oblique,/Users/tarpanmishra/Desktop/Squat More/Labeled_Dataset/processed_videos/frames/33576_2,/Users/tarpanmishra/Desktop/Squat More/Labeled_Dataset/videos/33576_2.mp4
36049_2,withheld,posture_fault,"[[4.57, 6.82]]",[],yes,0.738,yes,UNCERTAIN,,,oblique,/Users/tarpanmishra/Desktop/Squat More/Labeled_Dataset/processed_videos/frames/36049_2,/Users/tarpanmishra/Desktop/Squat More/Labeled_Dataset/videos/36049_2.mp4
36212_3,withheld,depth_fault,[],[],no,0.261,no,OBSERVED,1.0,,side,/Users/tarpanmishra/Desktop/Squat More/Labeled_Dataset/processed_videos/frames/36212_3,/Users/tarpanmishra/Desktop/Squat More/Labeled_Dataset/videos/36212_3.mp4
36504_1,withheld,posture_fault,"[[1.49, 2.85]]",[],yes,0.595,yes,OBSERVED,2.0,yes,oblique,/Users/tarpanmishra/Desktop/Squat More/Labeled_Dataset/processed_videos/frames/36504_1,/Users/tarpanmishra/Desktop/Squat More/Labeled_Dataset/videos/36504_1.mp4
36910_1,withheld,depth_fault,[],[],no,0.569,yes,NOT_OBSERVED,1.533,,oblique,/Users/tarpanmishra/Desktop/Squat More/Labeled_Dataset/processed_videos/frames/36910_1,/Users/tarpanmishra/Desktop/Squat More/Labeled_Dataset/videos/36910_1.mp4
36978_4,withheld,depth_fault,"[[2.22, 3.16]]",[],yes,0.019,no,UNCERTAIN,0.933,no,side,/Users/tarpanmishra/Desktop/Squat More/Labeled_Dataset/processed_videos/frames/36978_4,/Users/tarpanmishra/Desktop/Squat More/Labeled_Dataset/videos/36978_4.mp4
37000_1,withheld,depth_fault,"[[0.37, 1.63]]",[],yes,0.480,no,OBSERVED,1.133,yes,oblique,/Users/tarpanmishra/Desktop/Squat More/Labeled_Dataset/processed_videos/frames/37000_1,/Users/tarpanmishra/Desktop/Squat More/Labeled_Dataset/videos/37000_1.mp4
37151_1,withheld,posture_fault,"[[0.64, 4.72]]",[],yes,0.932,yes,OBSERVED,1.2,yes,oblique,/Users/tarpanmishra/Desktop/Squat More/Labeled_Dataset/processed_videos/frames/37151_1,/Users/tarpanmishra/Desktop/Squat More/Labeled_Dataset/videos/37151_1.mp4
37197_5,withheld,depth_fault,"[[0.89, 2.09]]","[[1.44, 2.31], [1.43, 2.1]]",yes,0.214,no,OBSERVED,1.233,yes,oblique,/Users/tarpanmishra/Desktop/Squat More/Labeled_Dataset/processed_videos/frames/37197_5,/Users/tarpanmishra/Desktop/Squat More/Labeled_Dataset/videos/37197_5.mp4
37292_4,withheld,depth_fault,[],[],no,0.305,no,OBSERVED,2.6,,side,/Users/tarpanmishra/Desktop/Squat More/Labeled_Dataset/processed_videos/frames/37292_4,/Users/tarpanmishra/Desktop/Squat More/Labeled_Dataset/videos/37292_4.mp4
37457_2,withheld,depth_fault,[],[],no,0.020,no,UNCERTAIN,,,unknown,/Users/tarpanmishra/Desktop/Squat More/Labeled_Dataset/processed_videos/frames/37457_2,/Users/tarpanmishra/Desktop/Squat More/Labeled_Dataset/videos/37457_2.mp4
37568_2,withheld,depth_fault,"[[1.15, 5.08]]","[[3.49, 4.66]]",yes,0.662,yes,NOT_OBSERVED,3.133,yes,oblique,/Users/tarpanmishra/Desktop/Squat More/Labeled_Dataset/processed_videos/frames/37568_2,/Users/tarpanmishra/Desktop/Squat More/Labeled_Dataset/videos/37568_2.mp4
